0;1;2;3;4;5;6;7;8;9;10;11;12;13;14;15;16;17;18;19
dataset_of_track;dataset_of_artist;dataset_of_uri;dataset_of_danceability;dataset_of_energy;dataset_of_key;dataset_of_loudness;dataset_of_mode;dataset_of_speechiness;dataset_of_acousticness;dataset_of_instrumentalness;dataset_of_liveness;dataset_of_valence;dataset_of_tempo;dataset_of_duration_ms;dataset_of_time_signature;dataset_of_chorus_hit;dataset_of_sections;dataset_of_target;dataset_of_id_ano
"6 Chorale Preludes ""Schübler-Chorales"": Wachet auf. ruft uns die Stimme. BWV 645";Johann Sebastian Bach;spotify:track:4dZxCn07QoBsJwDBcjVGx1;0,136;0,0334;3;-27,654;1;0,034;0,763;0,346;0,117;0,128;71,917;276627;4;26,9243;14;0;3
"Carmen: Act I - ""Draussen am Wall von Sevilla""";Leipzig Radio Symphony Orchestra;spotify:track:6ReBerQMMWhvOBRkCXkpqv;0,404;0,0634;2;-20,219;1;0,0998;0,966;0;0,14;0,17;179,558;241467;3;39,78497;11;0;3
"Carmen: Act I - ""Hier die Order!""";Leipzig Radio Symphony Orchestra;spotify:track:3SeLUsVmAGa1IBU7ozY5Bv;0,412;0,148;1;-19,607;1;0,0609;0,965;7,87E-05;0,0619;0,308;101,028;121640;3;42,65136;5;0;3
"Carmen: Act II - ""Sag. wen erwartest du?""";Leipzig Radio Symphony Orchestra;spotify:track:77Y4ScGGjVjC58LOaDh87Y;0,403;0,0248;9;-27,787;1;0,14;0,959;0;0,211;0,218;171,132;75107;3;31,62991;3;0;3
"Carmen: Act III - ""Mische. hebe. weissagen wir!""";Leipzig Radio Symphony Orchestra;spotify:track:0WTr1ewB0xEXTGkqEDu8LB;0,456;0,093;0;-21,227;1;0,0603;0,976;0;0,0993;0,0722;129,043;406640;4;38,36931;19;0;3
"Der Waffenschmied: Akt I - ""Bringt eilig Hut und Mantel mir!""";Staatskapelle Berlin;spotify:track:2GRoVMBFKjgqIPg6ItFXl6;0,401;0,223;0;-16,15;1;0,0831;0,972;8,71E-06;0,14;0,298;90,601;371067;4;41,94412;16;0;3
"Der Waffenschmied: Akt I - Finale ""Bei nacht'gem Dunkel schleich ich herein""";Staatskapelle Berlin;spotify:track:6r9V9IhRl4ot6y0ouKdJnd;0,457;0,122;3;-18,622;1;0,037;0,972;5,83E-05;0,111;0,185;106,441;372933;3;43,35561;15;0;3
"Destruction Of Plant (From ""The Heroes Of Telemark"")";Jerry Goldsmith;spotify:track:5BWgJkbRgrJlfWdwX5VH5I;0,237;0,502;11;-14,019;1;0,0378;0,83;0,954;0,217;0,0706;81,398;249320;4;70,95656;9;0;3
"Die Zauberflöte. K.620 / Erster Aufzug: ""Der Vogelfänger bin ich ja""";Wolfgang Amadeus Mozart;spotify:track:0SIQqyYw4AVS9HoQ4lcoSi;0,546;0,156;2;-18,601;1;0,0617;0,942;8,83E-06;0,226;0,466;80,106;154667;4;55,32668;8;0;3
"Ferry Leaving Harbor (From ""The Heroes Of Telemark"")";Jerry Goldsmith;spotify:track:6iiiUgQRJrZa6ATkea5Yhh;0,259;0,346;2;-14,652;0;0,0363;0,962;0,827;0,232;0,184;83,2;268333;3;34,13796;12;0;3
"Hallelujah Chorus (From ""Messiah"")";George Frideric Handel;spotify:track:6SybIHSJsUoyKJ7H6G2IGo;0,349;0,302;2;-13,791;1;0,029;0,957;0,333;0,168;0,288;85,524;284733;4;61,38732;12;0;3
"In Like Flint: End Titles (Your Zowie Face) - From ""In Like Flint""";Jerry Goldsmith;spotify:track:3NlHn7YoncUikke1SnMciM;0,428;0,226;0;-11,94;0;0,0349;0,874;0;0,138;0,37;101,384;104067;4;32,69869;7;0;3
"Lara's Theme from ""Dr. Zhivago""";Roger Williams;spotify:track:00YhuN9oOmXUyLQiHjXPxt;0,361;0,28;7;-13,422;1;0,0294;0,821;0,435;0,144;0,213;82,298;160173;3;38,22192;8;1;3
"Le nozze di Figaro. K.492 / Act 3: ""Sull’aria ... Che soave zeffiretto""";Wolfgang Amadeus Mozart;spotify:track:7oMlqOqSLszoitbRQTKAen;0,218;0,0625;10;-22,482;1;0,0463;0,991;1,82E-05;0,427;0,0826;79,981;210533;4;51,91726;9;0;3
"Our Man Flint: Man Does Not Live By Bread Alone - From ""Our Man Flint""";Jerry Goldsmith;spotify:track:12hKVlXaG3KklBXHIwcDGc;0,522;0,0902;0;-22,234;1;0,0279;0,691;0,448;0,116;0,288;95,872;142107;5;38,47753;7;0;3
"Our Man Flint: Never Mind. You'd Love It - From ""Our Man Flint""";Jerry Goldsmith;spotify:track:3DaaxlibCSs1IKhCytYxXK;0,362;0,0719;9;-28,739;1;0,044;0,79;0,259;0,111;0,0619;98,836;91560;4;41,31111;5;0;3
"Parsifal: ""Wehevolles Erbe. dem ich verfallen""";Staatskapelle Berlin;spotify:track:1NI44QQk2rKTSOqrm6eT0Q;0,147;0,246;1;-16,997;1;0,0504;0,964;0,115;0,113;0,0387;74,94;464533;4;76,04885;18;0;3
"Serenade in G Major. K. 525 ""Eine kleine Nachtmusik"": II. Romance. Andante";Wolfgang Amadeus Mozart;spotify:track:0QjhqYzNnicAaYdXIZtqJY;0,28;0,0532;0;-21,6;1;0,0424;0,88;0,525;0,128;0,173;137,176;390707;4;46,13748;16;0;3
"Symphony No. 36 in C Major. K. 425 ""Linz"": IV. Presto";Wolfgang Amadeus Mozart;spotify:track:6Ud3U7aivkmBeGyi6bitRq;0,298;0,209;0;-15,301;1;0,0343;0,892;0,921;0,198;0,343;81,843;314853;4;43,20812;15;0;3
"Take The ""A"" Train";Maynard Ferguson;spotify:track:0OOA8Spapd6e7egjXzO55Z;0,468;0,756;0;-7,37;1;0,0969;0,619;0,956;0,319;0,718;124,191;166147;4;30,49287;10;0;3
"The ""In"" Crowd";Ramsey Lewis Trio;spotify:track:3l2pObHGPzGmgRWDlAbUJN;0,652;0,515;7;-19,55;1;0,118;0,49;0,14;0,962;0,645;143,004;351427;4;25,18887;17;1;3
"The Aftermath (From ""Stagecoach"")";Jerry Goldsmith;spotify:track:6Rt6SJijLoLxTYwGX73JMQ;0,491;0,0675;10;-17,096;1;0,0606;0,826;0,519;0,134;0,122;124,986;177387;4;35,90329;7;0;3
"The Bartered Bride. Act II: ""Eine gibt es hier im Dorf""";Staatskapelle Dresden;spotify:track:5sgSvbm0lQnUFKTzjsw32E;0,354;0,123;9;-17,119;1;0,0398;0,977;0,000919;0,0962;0,096;129,039;392613;4;44,20496;21;0;3
"The Ecstasy of Gold (From ""The Good. the Bad and the Ugly"")";Ennio Morricone;spotify:track:6m4HWTYMRSJkaUuvXTaNmE;0,138;0,712;0;-5,271;1;0,069;0,746;0,773;0,0714;0,133;99,877;203067;4;31,95776;9;0;3
"Zamba del ""Che""";Victor Jara;spotify:track:49M7vmWBb14WFH7dYxHEbb;0,482;0,401;3;-12,668;0;0,0822;0,854;3,64E-06;0,0971;0,276;150,554;220102;4;30,08093;11;0;3
(He's) Raining In My Sunshine;Jay & The Americans;spotify:track:120BvxQsMS1M41PdBClcxa;0,478;0,298;2;-13,842;1;0,0342;0,74;1,11E-05;0,139;0,376;110,006;195733;4;22,67291;13;1;3
(Say) You're My Girl;Roy Orbison;spotify:track:6qJSIEaUw2VDYRzzHcKjqm;0,424;0,657;0;-5,801;1;0,0289;0,727;0,000162;0,153;0,85;155,56;165427;4;60,6395;7;1;3
(The Lament Of The Cherokee) Indian Reservation;Don Fardon;spotify:track:04RM7D5FZzFahr4L6QOuW6;0,805;0,473;10;-12,999;1;0,0507;0,24;0,00516;0,177;0,519;124,618;201200;4;23,14466;14;1;3
(The Lights Went Out In) Massachusetts;Bee Gees;spotify:track:33YKKW1MaDUwq7GDw3WOqR;0,404;0,498;2;-8,227;1;0,0278;0,149;0,00068;0,551;0,381;104,05;176320;4;57,74002;9;1;3
(Theme From) Valley Of The Dolls;Dionne Warwick;spotify:track:021O8Fvrww2EJB8220tgXo;0,23;0,273;5;-13,277;1;0,0352;0,871;2,21E-06;0,059;0,0868;74,919;218840;4;68,85434;10;1;3
(You Don't Know) How Glad I Am;Nancy Wilson;spotify:track:4YkN3JlceD5n2aMqL1kFnH;0,529;0,44;5;-9,11;1;0,0302;0,742;1,05E-05;0,328;0,611;103,669;157387;3;61,51228;6;1;3
(You Make Me Feel) So Good;The McCoys;spotify:track:4V5RFkTNDTGjkHEkg31aQQ;0,798;0,647;4;-10,997;1;0,0459;0,0366;0,051;0,168;0,854;111,872;161560;4;26,38519;9;1;3
......And Roses And Roses;Andy Williams;spotify:track:3tvqPPpXyIgKrm4PR9HCf0;0,154;0,185;5;-14,063;1;0,0315;0,911;0,000267;0,112;0,15;83,969;166107;4;42,51415;10;1;3
...And Then There Were Drums;Sandy Nelson;spotify:track:1fHHq3qHU8wpRKHzhojZ4a;0,588;0,672;11;-17,278;0;0,0361;0,00256;0,745;0,145;0,801;121,962;172067;4;36,95147;8;1;3
18 - 39;Jane Birkin;spotify:track:2bk0KSjfpq6k0PVtUkp1fJ;0,702;0,704;9;-10,257;1;0,181;0,0664;0;0,225;0,816;116,491;158240;4;53,29203;7;0;3
1969 (Alternate Vocal) - 2019 Remaster;The Stooges;spotify:track:2OzZCPqi3ErrHhZ36qhtRG;0,479;0,849;2;-5,249;1;0,0393;0,000111;0,281;0,159;0,67;107,092;287173;4;85,93246;9;0;3
245;Georges Arvanitas;spotify:track:3LcMItxo4rUKoDapUt7qqE;0,361;0,35;5;-10,755;0;0,0356;0,918;0,891;0,105;0,29;61,126;277387;4;92,0964;10;0;3
31 Flavors;The Shirelles;spotify:track:24mR7NmnxdNXxxYnZ4qOTf;0,662;0,671;0;-3,045;1;0,0294;0,304;0;0,341;0,92;130,922;118333;4;38,32771;6;1;3
3rd Man Theme;Herb Alpert & The Tijuana Brass;spotify:track:2zj3dV24GbzQ7jNg8EwCgh;0,553;0,677;4;-10,831;0;0,0712;0,423;0,962;0,185;0,768;153,174;153973;4;36,52598;6;1;3
4 Dance Episodes from Rodeo: IV. Hoe Down;Aaron Copland;spotify:track:4MlV18v1ykCmP4HMpojqKl;0,371;0,495;2;-11,392;1;0,0362;0,887;0,926;0,178;0,316;134,157;186173;4;34,27121;11;0;3
A Bailar Pachanga;Tito Puente;spotify:track:7dgnjM8tE451pWOJ6uvyYE;0,83;0,561;0;-6,378;1;0,0405;0,667;0,14;0,0573;0,959;111,524;128559;4;36,79128;7;0;3
A Corner In The Sun;Walter Jackson;spotify:track:1DOQ4CSjYKvwQbFK0lGbj5;0,417;0,469;7;-10,513;1;0,0342;0,74;1,59E-05;0,181;0,513;79,141;140800;4;26,17464;9;1;3
A Day At The Races;Jerry Goldsmith;spotify:track:1zvWOEByl9RkpFXt8zSdS3;0,674;0,184;5;-19,764;1;0,0657;0,955;0,709;0,0922;0,383;119,606;33888;3;0;2;0;3
A Day In The Life Of A Fool;Jack Jones;spotify:track:7nYBMEtMVLMAJQMpaQHULU;0,253;0,235;10;-12,934;0;0,0301;0,813;0,0754;0,114;0,219;169,935;141800;4;24,02949;10;1;3
A Festa dos Seus 15 Anos;Leño;spotify:track:6ON2VernjxCS5z6lHdoGFl;0,521;0,396;5;-12,299;1;0,0463;0,576;0,000893;0,462;0,599;82,628;179600;4;48,36482;8;0;3
A Joan Miró - En Directe;Raimon;spotify:track:66NK1aCyXDgegL99GPOjQP;0,507;0,465;7;-11,475;1;0,337;0,847;3,04E-05;0,864;0,63;129,849;126632;4;20,64855;7;0;3
A Man And The Blues;Buddy Guy;spotify:track:5vbw9boDHRHLZiv90e2ZVx;0,504;0,212;0;-16,756;1;0,0408;0,893;0,22;0,0817;0,233;108,629;383200;4;35,65767;17;0;3
A Praça É Do Povo;Sérgio Ricardo;spotify:track:2edSDicfMm0Q2rpUqqQWx2;0,496;0,609;9;-9,459;0;0,0553;0,946;0,00176;0,268;0,809;113,16;172484;4;26,78221;8;0;3
A Solitude;Denise Levertov;spotify:track:6edkgwJEzWTSxWpmkWX5Ta;0,687;0,0509;7;-19,173;1;0,527;0,79;0;0,18;0,255;75,577;219311;3;27,66784;10;0;3
A Well Respected Man;The Kinks;spotify:track:5e3isD5st7PGYzSJuoRSIV;0,53;0,873;4;-5,105;0;0,118;0,297;0;0,0521;0,583;162,154;161587;4;19,51348;8;1;3
A Woman Like You;Bert Jansch;spotify:track:30s8YVXKWmzRswub0XWXOA;0,623;0,455;0;-14,044;1;0,0348;0,383;4,30E-05;0,112;0,417;98,673;262667;4;36,02736;14;0;3
Abilene;George Hamilton IV;spotify:track:5bA26v8eeZrbHJpD4YPKAX;0,63;0,448;5;-15,015;1;0,0271;0,445;1,43E-05;0,271;0,753;104,024;133333;4;75,63479;4;1;3
Acompáñame;Enrique Guzman;spotify:track:3puWDsQy9x6GLKQMJjcrlj;0,38;0,286;10;-13,694;0;0,029;0,671;0;0,106;0,426;103,722;202160;4;29,33468;12;0;3
Adéu. Adéu;Traditional;spotify:track:0udU0sUYzxhuLFB4JPZpA3;0,237;0,188;1;-19,85;1;0,0467;0,993;0,201;0,118;0,0342;134,443;93927;5;23,88634;6;0;3
Adeus Maria Fulô;Carmelia Alves;spotify:track:5Pe3CxnjO8ZFvCUyJqw1bw;0,488;0,673;0;-7,712;1;0,0373;0,592;0;0,453;0,849;99,261;180010;4;40,68657;7;0;3
Adios Amigo;Jim Reeves;spotify:track:6J1HWy2pduS8uK2t6Xs0q2;0,463;0,128;10;-17,919;1;0,0348;0,904;4,48E-06;0,0945;0,226;79,952;151173;3;28,39038;10;1;3
Afternoon in Paris;Sonny Rollins;spotify:track:54jjVvxIktq9furJDf0i5s;0,414;0,65;2;-9,028;0;0,0648;0,716;0,0252;0,291;0,51;175,245;163067;4;33,32711;9;0;3
Ahir (Diguem No). Bis - En Directe;Raimon;spotify:track:6xMkhPUSeKTLWdAqJjXZsX;0,408;0,443;1;-14,326;1;0,211;0,944;0,00189;0,809;0,692;130,216;189732;4;42,38749;9;0;3
Ain't That Just Like Me;The Searchers;spotify:track:3OHz1Hr64jByifpOS61exg;0,371;0,929;9;-5,37;1;0,133;0,646;0;0,348;0,836;157,875;145227;4;34,36707;7;1;3
Air;Cecil Taylor;spotify:track:4TAvzGjkslzvEFjCQUS5vA;0,477;0,361;2;-18,104;1;0,0441;0,782;0,000117;0,131;0,387;78,191;525267;4;21,43155;21;0;3
Al Vent - En Directe;Raimon;spotify:track:5teoxVNaUkRxDprzR0Zj1G;0,446;0,538;4;-11,805;0;0,195;0,879;0,00229;0,952;0,786;144,075;163143;3;70,95664;5;0;3
Alabam;Cowboy Copas;spotify:track:6x8EqpeM8XzeoEKfatpSYP;0,719;0,653;2;-11,572;1;0,0305;0,378;0,00364;0,129;0,96;106,718;139907;4;38,28275;9;1;3
Alejandra;Vicente Fernández;spotify:track:3zkUic9IGaNom8fIv05NwD;0,379;0,276;9;-10,561;0;0,0465;0,747;0;0,186;0,521;151,211;184133;3;45,34149;11;0;3
Alfie;Cilla Black;spotify:track:2IqtBxwRgNOt7YWMmulrUZ;0,306;0,257;10;-10,658;1;0,0309;0,941;0,00654;0,118;0,157;145,148;159760;4;46,42505;8;1;3
Alfômega - Remastered 2006;Caetano Veloso;spotify:track:4DEodNc5zttV2UGiKMqtGw;0,493;0,666;11;-8,209;1;0,0967;0,041;4,42E-05;0,351;0,519;123,446;357747;4;90,21302;14;0;3
All Green;Xhol Caravan;spotify:track:61piCdBrx72ALp7C0XU8tR;0,238;0,671;5;-10,104;1;0,0393;0,0112;0,869;0,0824;0,806;147,813;457400;4;27,96282;24;0;3
All I Have To Do Is Take A Bite Of Your Apple?;Jerry Goldsmith;spotify:track:1SOYdjZir8SFSPcndij14Y;0,105;0,195;8;-17,114;0;0,0411;0,877;0,886;0,121;0,313;177,895;136013;3;24,3621;9;0;3
All Of Everything;Frankie Avalon;spotify:track:0wyxCvfSYetkMHOVqjpnC1;0,247;0,283;9;-10,62;1;0,0299;0,785;1,27E-06;0,0634;0,486;185,624;151293;3;36,02943;8;1;3
All The Love I've Got;Marv Johnson;spotify:track:79Ach1uD8Byx0FmwjwhU6i;0,747;0,769;9;-8,571;0;0,0768;0,643;0;0,2;0,825;130,627;153533;4;26,79195;7;1;3
Allá en el Baile Grande;Los Relampagos Del Norte;spotify:track:6j8vimqDs0pfRpy3gf95JO;0,788;0,521;8;-9,12;1;0,0366;0,249;9,68E-06;0,125;0,916;115,81;134699;4;38,19377;8;0;3
Allons Gai Gai Gai;John Barry;spotify:track:531GbZ2Qj6b4RJPhyfQ5PI;0,246;0,0378;9;-32,85;0;0,0396;0,991;0,853;0,088;0,0473;92,228;110600;4;18,14763;8;0;3
Almost Persuaded;David Houston;spotify:track:2Krnm3qWdy4VG5vTkT0cDn;0,251;0,338;8;-11,897;1;0,0382;0,861;0;0,144;0,353;81,642;176360;3;24,59656;7;1;3
Along The Santa Fe Trail;Clint Eastwood;spotify:track:6ct6fBgnfwKtNG89n0sicT;0,414;0,29;1;-12,859;1;0,0339;0,77;0,000227;0,14;0,247;81,853;167480;4;46,41523;7;0;3
Amazon;João Donato;spotify:track:4kje2h9dy1jHUqucGIAS6j;0,579;0,489;4;-16,461;0;0,0297;0,694;0,238;0,111;0,924;141,932;150520;4;20,687;10;0;3
Amen;Otis Redding;spotify:track:3uBtA78OM8o5HE2hTlKWfC;0,612;0,136;7;-12,687;1;0,117;0,572;0;0,234;0,535;101,785;186440;4;28,71102;11;1;3
Amigo Velho;Luiz Gonzaga;spotify:track:3ArkRyB7hngpT88SrqxxQM;0,664;0,714;5;-7,752;1;0,057;0,555;0;0,173;0,962;176,097;138173;4;39,00003;7;0;3
Amor;Ben E. King;spotify:track:2U95mnxcqpr394uCZncG4R;0,548;0,566;10;-11,876;1;0,0307;0,672;1,22E-05;0,112;0,805;100,813;187400;4;40,80977;10;1;3
Amor En Sombras;Vicente Fernández;spotify:track:4Cw2Kztoxx87fFnkCdPqu4;0,556;0,337;4;-6,181;0;0,0288;0,351;7,88E-06;0,225;0,664;102,013;176800;4;37,51731;11;0;3
Amore in fiore;Piero Piccioni;spotify:track:2r0ROCyDqxOUjEAKTveN9d;0,094;0,104;7;-22,329;0;0,0316;0,985;0,943;0,158;0,0817;76,555;127107;1;83,21777;5;0;3
Amore mio aiutami - Version 4;Piero Piccioni;spotify:track:4xMi9e6OS6ouBoLch3Eap6;0,213;0,168;5;-20,315;1;0,0382;0,952;0,69;0,136;0,206;122,744;123187;3;61,8196;5;0;3
Amore mio aiutami - Version 6;Piero Piccioni;spotify:track:17IoJ4OxBO1Ddlub4hrOkk;0,284;0,081;5;-22,396;1;0,0344;0,914;0,467;0,122;0,342;91,975;181080;4;34,10252;10;0;3
Amore Scusami;Jerry Adriani;spotify:track:2OVRWyCBZEbMyc5nVHvMrH;0,332;0,498;2;-7,33;1;0,0356;0,662;0;0,162;0,466;110,624;174973;3;32,67467;8;0;3
Angel;Johnny Tillotson;spotify:track:30Y2TmGEuFdIUX6Pm5nCjn;0,344;0,431;4;-9,631;1;0,0314;0,793;0;0,19;0,688;105,97;176667;3;60,09674;7;1;3
Angelica;Scott Walker;spotify:track:2u8lxnnsaMVhHScNWKC1MT;0,277;0,36;9;-16,67;1;0,0333;0,574;0;0,569;0,351;109,777;239413;4;33,64309;13;0;3
Anno Domini;Miklós Rózsa;spotify:track:4aIlRVmZgs3iFX1uvQuAOj;0,191;0,11;5;-17,857;0;0,0369;0,936;0,971;0,304;0,204;119,084;92640;4;37,57055;4;0;3
Another Day. Another Heartache;The 5th Dimension;spotify:track:3UNRKPYWymKfXv7qvQiSQ2;0,6;0,61;4;-11,434;1;0,0271;0,0257;0,000278;0,117;0,789;108,312;151920;4;33,37726;8;1;3
Any Way You Want It;The Dave Clark Five;spotify:track:6g4vZLJ4nwr1GAleneXPkx;0,282;0,937;9;-8,175;1;0,09;0,0107;0;0,293;0,194;145,872;149733;4;25,12621;9;1;3
Ao Entardecer (Deep Purple);Leño;spotify:track:1xqMn60UEzwuxpiAG62Pse;0,526;0,419;2;-9,889;1;0,0299;0,906;1,70E-06;0,234;0,636;121,959;152933;4;23,63121;10;0;3
Apologize;Ed Ames;spotify:track:5aJozu8lCjc1O14LsjNWdj;0,411;0,505;11;-9,282;1;0,0427;0,472;0;0,129;0,486;89,803;125133;4;32,0097;6;1;3
April In Paris;Elmer Bernstein;spotify:track:6Npo5aA13mtdK82Q2pKoLK;0,575;0,219;6;-17,493;1;0,0484;0,549;0,0329;0,111;0,464;95,281;170027;4;74,31895;7;0;3
Aquarius;Gerald Wilson Orchestra;spotify:track:5oOGm83QEVlKmYNBBp1pw6;0,387;0,495;9;-8,923;0;0,0283;0,487;0,00814;0,112;0,58;143,993;182640;4;42,23437;9;0;3
Are You There (With Another Girl);Dionne Warwick;spotify:track:2r7yNV824MtgwOlMAiBHiG;0,711;0,34;2;-15,446;1;0,0411;0,746;0,000758;0,214;0,664;120,818;172333;4;29,87869;11;1;3
Arietis - Remastered;Freddie Hubbard;spotify:track:2rvlhyiUa082VRTa3OFgmh;0,462;0,475;2;-11,381;0;0,0366;0,538;0,000103;0,156;0,619;122,005;401560;4;46,73581;16;0;3
Arizona;Mark Lindsay;spotify:track:2RtmMC4btQbvQ9w5KxPZpy;0,479;0,453;3;-12,806;1;0,0472;0,225;0,00038;0,143;0,756;81,18;188133;4;31,42769;8;1;3
Ashes To Ashes;The Mindbenders;spotify:track:191DgdaA60I9kFUZR4KytF;0,646;0,329;5;-12,575;1;0,306;0,96;2,97E-06;0,393;0,649;109,705;228536;4;75,26208;9;1;3
At The Scene;The Dave Clark Five;spotify:track:0yYUeEc8Wp7c5pHPvDbRTO;0,607;0,67;0;-8,887;1;0,0448;0,0102;0;0,076;0,907;127,101;111733;4;36,8496;6;1;3
Athai Madi;P. Susheela;spotify:track:3He5oRgHNdHMFiDawoK9CT;0,523;0,37;5;-8,315;1;0,0349;0,874;0,000749;0,147;0,817;119,662;206600;3;21,07636;12;0;3
Atlantis;Donovan;spotify:track:0kcEK7YuNNfE7jiTnXS1cm;0,326;0,313;0;-16,17;1;0,0348;0,177;0,000569;0,0828;0,344;76,785;302640;4;33,53011;13;1;3
Autumn's Child - Mono;Captain Beefheart & His Magic Band;spotify:track:2XefTDCeMPjImQR8sJFwvo;0,376;0,453;4;-10,865;0;0,0343;0,312;0,000364;0,0723;0,488;72,296;235933;4;38,18663;10;0;3
Away in a Manger - Remastered 1997;Traditional;spotify:track:5qNl8ZLrogSkVb3NkBaWfV;0,16;0,112;7;-26,758;1;0,0416;0,934;0,702;0,128;0,112;73,111;263707;3;45,61521;14;0;3
Babarabatiri - Live In Puerto Rico / 1963;Tito Puente;spotify:track:0zrktwkID2FyITcV7k2l0O;0,632;0,925;0;-5,148;1;0,0751;0,733;6,17E-05;0,274;0,857;100,875;224726;4;29,94239;12;0;3
Babarabatiri - Live In Puerto Rico / 1963;Tito Puente;spotify:track:6i31BIjgh7ciymckdpf0oA;0,666;0,909;4;-7,103;0;0,0639;0,637;0,000164;0,288;0,88;100,577;222089;4;30,01376;11;0;3
Baby Come Home;Ruby And The Romantics;spotify:track:2bC4lZSV2Ulp3v6XZr8CrP;0,612;0,683;10;-8,53;1;0,0272;0,784;0;0,305;0,931;106,801;142907;4;50,21895;8;1;3
Baby It's You;Smith;spotify:track:2KSwmLHkgjZCE49YFkgspo;0,595;0,471;1;-10,626;0;0,0295;0,0156;0,127;0,173;0,707;95,417;207613;4;32,21417;10;1;3
Baby Let's Wait;The Royal Guardsmen;spotify:track:2B2K73RtU1ne3e5LlsTueE;0,317;0,337;4;-11,311;1;0,0293;0,7;4,33E-05;0,134;0,394;83,267;159493;4;27,89031;9;1;3
Baby Love;The Supremes;spotify:track:5uES1C2NgkdrNHiCwf9jRr;0,595;0,643;5;-9,275;1;0,0365;0,76;0;0,538;0,73;135,633;158040;4;25,9394;12;1;3
Baby You're A Rich Man;The Beatles;spotify:track:0JBvtprXP2Z0LP3jmzA7Xp;0,619;0,625;7;-9,635;1;0,036;0,0119;1,05E-06;0,152;0,467;96,751;181307;4;21,41004;9;1;3
Badge;Cream;spotify:track:08xsXR637CEqbxJmpFcuSA;0,596;0,575;4;-14,254;0;0,04;0,449;0,000104;0,0839;0,745;107,573;164707;4;33,70329;6;1;3
Ballad Of Two Brothers;Autry Inman;spotify:track:4DPTB97GjKGuA9zBp1FhuV;0,536;0,536;5;-11,223;1;0,134;0,454;0;0,114;0,761;139,517;211240;3;26,74537;9;1;3
Ballade pour toi (Ce que je cherche est en toi);Michel Polnareff;spotify:track:4w27C2NCcLuCmr3omUXH89;0,369;0,386;4;-9,105;1;0,03;0,866;8,37E-06;0,122;0,325;116,428;160267;4;22,81274;11;0;3
Bally Mena;Harry Belafonte;spotify:track:5vORdDGQ6CKmkTGzdj9I90;0,493;0,189;4;-13,853;1;0,0298;0,898;0;0,149;0,507;97,758;206890;4;22,79889;11;0;3
Bandit Of My Dreams;Eddie Hodges;spotify:track:2HzOTwIfaNsdsr1KVtuID7;0,752;0,471;8;-11,308;1;0,0758;0,402;0;0,155;0,94;110,226;123333;4;39,66865;6;1;3
Barbara Ann;The Beach Boys;spotify:track:2KOt2JrCB720UxIbyzweQo;0,581;0,669;6;-3,659;1;0,0385;0,19;0;0,243;0,926;78,073;133893;4;21,05367;7;1;3
Barocco;Piero Piccioni;spotify:track:1LSyCTU4wMxMtSmmA2mF8j;0,201;0,178;9;-16,461;0;0,0334;0,916;0,906;0,0565;0,0519;80,312;343973;4;53,46055;17;0;3
Bata Rhythm;Julio Gutierrez;spotify:track:3tC8PFoFvbN3rT2l6P0xQQ;0,505;0,758;1;-13,312;1;0,177;0,808;1,10E-05;0,0583;0,764;91,686;353637;3;28,48978;16;0;3
Bataille;André Hossein;spotify:track:5YSdwS3dFN8rYreMDfdwBk;0,531;0,671;7;-10,819;0;0,0488;0,794;0,508;0,136;0,249;86,153;193359;4;76,87267;6;0;3
Bataille de Zaccar;André Hossein;spotify:track:61ILHTqx5rkHXRXPUWQFxi;0,34;0,477;2;-12,165;1;0,0476;0,649;0,762;0,193;0,219;178,089;177775;4;58,79819;8;0;3
Batman Theme;The Marketts;spotify:track:6dNVdzsCLEcKhqLxoB3Qc3;0,435;0,683;7;-13,837;1;0,0333;0,207;0,906;0,0723;0,921;146,541;162467;4;66,88441;5;1;3
Be Anything (But Be Mine);Connie Francis;spotify:track:5D3wNnaoeXETuEDg6r3Wdm;0,416;0,335;0;-7,171;0;0,029;0,72;0;0,111;0,315;84,072;129253;4;45,76888;5;1;3
Beat n. 3;Ennio Morricone;spotify:track:32VBSoD2vcoIOiPEvAfFXU;0,697;0,673;0;-10,573;1;0,0266;0,714;0,919;0,122;0,778;112,117;167667;4;65,48604;7;0;3
Before And After;Chad & Jeremy;spotify:track:66ark8uqwtus4LkRSTn8UG;0,506;0,41;11;-9,521;0;0,0275;0,261;0;0,178;0,487;104,114;159133;4;20,7217;11;1;3
Big Boss Man;Elvis Presley;spotify:track:4MAl5GecO9aspyQglkaRRO;0,683;0,803;5;-11,94;0;0,175;0,486;0,00187;0,0567;0,803;96,109;172147;4;28,42363;8;1;3
Big Boy Pete;The Olympics;spotify:track:2zN8CUOWRFiCUlPVdLb0Pj;0,616;0,736;10;-9,156;1;0,058;0,83;0,0156;0,117;0,818;131,501;149123;4;30,07348;9;1;3
Bill Bailey. Won't You Please Come Home;Ella Fitzgerald;spotify:track:43KOEciQpZGMVrBsUoPkVk;0,604;0,541;5;-8,676;0;0,0634;0,371;0;0,808;0,744;132,284;203627;4;36,00968;9;1;3
Billie Baby;Lloyd Price;spotify:track:6PpxbyZHlyQdrNlpT7wRik;0,382;0,449;11;-14,24;1;0,049;0,966;0,353;0,427;0,627;141,112;180213;4;42,18461;10;1;3
Billy the Kid Suite: III. Mexican Dance and Finale;Aaron Copland;spotify:track:2DlLMfTBwWYF04W2utj6BR;0,297;0,323;0;-13,847;1;0,0395;0,925;0,9;0,313;0,278;141,199;189893;3;31,46519;11;0;3
Billy the Kid Suite: IV. Prairie Night. Card Game at Night;Aaron Copland;spotify:track:2dYgELSCD36ZrZvj2G2KHR;0,15;0,0309;5;-28,506;0;0,0441;0,966;0,945;0,114;0,0422;79,831;192573;3;73,61833;9;0;3
Bird Food;Ornette Coleman;spotify:track:74ZDVhXBegMADxv0thqBpL;0,571;0,264;0;-16,709;1;0,0808;0,33;0,548;0,246;0,747;122,012;330960;3;41,70169;16;0;3
Black And White;Serge Gainsbourg;spotify:track:7KmHVdey9cB6ITm229T6Jw;0,599;0,578;0;-10,635;1;0,0368;0,000253;0,11;0,309;0,848;101,974;128280;4;19,60934;9;0;3
Black Trombone;Serge Gainsbourg;spotify:track:5D3Lo6FozaIKCmdO4JwUIU;0,671;0,353;9;-14,028;0;0,0472;0,546;3,45E-06;0,107;0,31;126,655;156467;4;37,57835;9;0;3
Black Verse - Part 2;Langston Hughes;spotify:track:3BEXJuImGA6ivhEEMDqLuR;0,614;0,151;1;-13,432;1;0,866;0,636;0;0,507;0,463;63,642;1109787;4;57,97933;50;0;3
Bloody Jack;Serge Gainsbourg;spotify:track:7B7VSgTVbnFCH5PFPT1uq5;0,655;0,513;5;-11,25;0;0,138;0,0679;0,0347;0,615;0,811;95,542;123747;4;36,85747;5;0;3
Blue Angel;Roy Orbison;spotify:track:6KBy2tUhaf9LfG2FGGbEOC;0,473;0,557;5;-7,124;1;0,0249;0,456;0,0994;0,251;0,672;104,84;177387;4;62,40191;9;1;3
Blue Autumn;Bobby Goldsboro;spotify:track:1Vp8fFUPiBLc6LuSemiahz;0,515;0,348;0;-12,457;1;0,0253;0,453;0,000227;0,339;0,266;92,746;185139;4;16,4416;11;1;3
Blue Moon;The Marcels;spotify:track:75ewj77lCHHLKOlyx5KvGw;0,621;0,43;7;-11,163;1;0,0343;0,69;0;0,075;0,938;127,74;135200;4;55,71106;7;1;3
Blue Moon;The Ventures;spotify:track:79BVw1dAEhmoEIPeerlmHb;0,646;0,526;3;-11,051;0;0,0456;0,921;0,801;0,103;0,726;149;134867;4;40,82342;5;1;3
Blues On The Ceiling;Karen Dalton;spotify:track:4fMd0R9aSoaz1qpUuUOFxE;0,536;0,0488;0;-20,183;1;0,046;0,777;0,0116;0,13;0,182;114,533;217573;4;65,61169;7;0;3
Boi Bumbá;Luiz Gonzaga;spotify:track:2snTBcopXQK60YFdRqWGHZ;0,611;0,697;9;-8,43;1;0,0437;0,406;0;0,24;0,971;139,521;182067;4;36,37854;9;0;3
Bold Soul Sister;Ike & Tina Turner;spotify:track:6g2RtR71Qj12dKQIwPpFJc;0,775;0,688;3;-12,959;1;0,0699;0,224;0,0411;0,117;0,93;94,143;158508;4;42,2136;8;1;3
Bonita - 1966 Version;Antônio Carlos Jobim;spotify:track:4hIkFskdnjGMunCazPggBP;0,29;0,339;0;-17,977;1;0,0344;0,783;0,00563;0,228;0,583;82,055;175200;4;70,33827;8;0;3
Bossa girotondo;Benedetto Ghiglia;spotify:track:0tXTaVT1SYCwwlzgcZ5obl;0,611;0,669;0;-12,532;1;0,0527;0,623;0,102;0,286;0,893;94,205;108840;4;24,40595;7;0;3
Boss-Eyed Whelk;Johnny Pearson;spotify:track:72PjKcvbMQsgQ6zn8chQRy;0,631;0,544;0;-10,249;1;0,117;0,376;0,421;0,0489;0,832;124,9;150227;4;17,88021;9;0;3
Boys Are Boys and Girls Are Choice;The Monks;spotify:track:1k8TPFg7q2sXRWIWSxyCgK;0,633;0,94;0;-7,749;1;0,127;0,403;0,00126;0,0742;0,619;115,328;85467;4;37,34952;6;0;3
Bracelets Of Fingers;The Pretty Things;spotify:track:6g6N0HhdpogmRlBKNMZJFj;0,304;0,453;11;-12,143;1;0,045;0,124;8,67E-06;0,332;0,387;94,919;221013;1;32,68509;9;0;3
Brazil (Aka Aquarela do Brasil);Antônio Carlos Jobim;spotify:track:6tkseXybAYPQUNl2FFxnA7;0,519;0,38;10;-22,881;0;0,0378;0,384;0,889;0,0659;0,72;112,145;579467;4;41,12642;29;0;3
Bring A Little Lovin';Los Bravos;spotify:track:24hTWZvRrl74dwKPzqVNYf;0,601;0,913;1;-4,681;0;0,134;0,00659;0,0125;0,0713;0,91;115,348;141427;4;30,0778;8;1;3
Bring A Little Sunshine (To My Heart);Vic Dana;spotify:track:7dHlQJqO7UWa9E2Vm9Z5S0;0,262;0,341;9;-11,323;1;0,037;0,909;0;0,0896;0,374;86,945;158253;4;26,19443;8;1;3
Bring It On Home To Me;Eddie Floyd;spotify:track:0gh9MaV9g5shq3Y6BBTTX4;0,725;0,435;0;-14,235;1;0,0419;0,154;0,000756;0,188;0,866;123,455;151467;4;19,95954;7;1;3
Bring It On Home To Me;The Animals;spotify:track:56OdLFVSIGJdtVpHrAKkd4;0,469;0,598;7;-5,53;1;0,0304;0,495;1,16E-06;0,175;0,749;124,839;163867;3;68,09802;8;1;3
Broad Way Blues;Ornette Coleman;spotify:track:3ASbn4OVbcg1tnSjmdyREe;0,508;0,253;3;-17,518;1;0,0487;0,471;0,246;0,121;0,579;95,527;523760;4;57,87924;27;0;3
Brontosaurus Stomp;The Piltdown Men;spotify:track:4MexmY7hcWQB9tNfbnDBIm;0,5;0,852;2;-13,335;1;0,032;0,717;0,828;0,203;0,609;107,266;156320;4;27,12406;8;1;3
Brooklyn Roads;Neil Diamond;spotify:track:2xCfhGqLL1QcGGzkqfdxN7;0,536;0,577;2;-8,955;1;0,0314;0,574;0,000126;0,162;0,496;120,992;218680;4;40,91106;10;1;3
Brother Love's Travelling Salvation Show;Neil Diamond;spotify:track:39S2xu12I1IwMVqSvoORSh;0,428;0,432;8;-11,58;1;0,0288;0,575;0,00933;0,0888;0,808;135,142;211862;4;33,76803;11;1;3
Burning Bridges;Jack Scott;spotify:track:51jyAgrsTNvOyZPW949qZR;0,465;0,276;2;-13,184;1;0,0242;0,809;0,000272;0,214;0,233;82,613;161733;4;31,35286;9;1;3
By the Time I Get to Phoenix;Harry Belafonte;spotify:track:1RFkqzWw8i8vDwnuBKG9h3;0,243;0,303;5;-12,135;1;0,0302;0,906;0,000903;0,152;0,32;86,372;162440;1;36,63858;8;0;3
Bye Bye Baby;Mary Wells;spotify:track:4HnfN3T1gJ88zmHiafIYcW;0,598;0,448;4;-14,978;0;0,0399;0,832;0,471;0,588;0,832;124,875;169133;4;57,17076;8;1;3
Caboclo Nordestino;Luiz Gonzaga;spotify:track:1IFkSZaIT1j6O4GO6N3Pqd;0,717;0,565;2;-8,606;0;0,0283;0,451;0;0,108;0,961;100,757;134507;4;49,41165;6;0;3
California Dreamin';The Mamas & The Papas;spotify:track:4s6LhHAV5SEsOV0lC2tjvJ;0,552;0,608;1;-9,786;0;0,0345;0,352;0;0,0533;0,637;112,367;162373;4;50,92597;7;1;3
Call Me Irresponsible;Jack Jones;spotify:track:1l90dM1PU5YvAoNxxTHlCB;0,179;0,202;9;-12,299;0;0,033;0,959;0,000313;0,082;0,126;85,049;193800;4;17,59963;9;1;3
Campanas Del Olvido;Vicente Fernández;spotify:track:7mdMrdf4mnG5nfPbW7uP1a;0,441;0,327;9;-7,088;1;0,028;0,751;8,09E-05;0,157;0,728;101,352;156653;4;20,25567;9;0;3
Can You Jerk Like Me;The Contours;spotify:track:2HwrXACzxpTTFRbYVtOoyg;0,556;0,742;8;-6,524;1;0,0524;0,612;2,60E-05;0,055;0,771;78,691;149293;4;50,60703;7;1;3
Canción Mixteca (Qué Lejos Estoy);Guty Cárdenas;spotify:track:5YiWWyZGN1X8WLGw4Az17h;0,468;0,102;11;-17,171;1;0,0381;0,995;0,000853;0,166;0,312;165,59;177253;4;36,73757;9;0;3
Cançó de la Mort a L'alba;Raimon;spotify:track:2uj96Cudig8I7WxP5m7Rn6;0,653;0,0718;1;-14,563;1;0,162;0,988;0,0136;0,101;0,294;100,562;173578;3;32,91208;8;0;3
Canço de Matinada - Versión 1966;Joan Manuel Serrat;spotify:track:1Hk0gSg6ewz0fYD5pJSBPO;0,419;0,287;4;-11,32;1;0,0618;0,948;0,0106;0,101;0,565;90,834;171693;4;23,93187;7;0;3
Candy;The Astors;spotify:track:2zCruKarW8FMGbK77z2yh6;0,699;0,536;3;-11,186;1;0,0315;0,616;0,0128;0,0876;0,916;137,976;182600;4;34,649;11;1;3
Can't Buy Me Love;The Beatles;spotify:track:3EQBI1Fiv7z3QfqTeb9Tqk;0,844;0,299;0;-12,645;1;0,0621;0,848;0,844;0,102;0,566;102,088;131176;4;20,00939;6;1;3
Cantando;Vicente Fernández;spotify:track:4meu4kLwTw5PiR43PSU9c9;0,475;0,344;7;-6,096;1;0,0294;0,762;0;0,0697;0,663;105,634;168533;3;20,56063;10;0;3
Cantarem la Vida;Raimon;spotify:track:6VHixXoblBVJur9OKCYF1N;0,417;0,515;7;-7,817;1;0,0344;0,789;0,115;0,383;0,499;116,649;104605;4;40,61279;5;0;3
Canto Karabali;Ernesto Lecuona;spotify:track:4Tk0UyQb1fY4NbbmrhFBo3;0,343;0,364;2;-16,701;0;0,103;0,341;0,0966;0,0413;0,393;137,348;192280;4;28,26109;9;0;3
Caprice viennois;Fritz Kreisler;spotify:track:2KGzzTDGv5cRSs8tmfzPLB;0,283;0,0811;11;-20,653;1;0,047;0,982;0,771;0,0897;0,0797;88,961;236080;4;20,71075;12;0;3
Cara-Lin;The Strangeloves;spotify:track:4jQAWmK7RTRWaofM5n2NhK;0,748;0,788;2;-11,284;1;0,067;0,135;3,81E-06;0,501;0,626;130,506;162333;4;19,26742;10;1;3
Caravan;Santo & Johnny;spotify:track:7upcKagl9OmfV6ETI6dH8S;0,602;0,815;1;-6,601;1;0,0286;0,0431;0,808;0,097;0,683;124,34;147293;4;29,61684;7;1;3
Carmem;Nelson Gonçalves;spotify:track:7nmPvDcwrFLV4u0QSTrR7V;0,566;0,405;1;-10,516;1;0,0626;0,866;0;0,47;0,657;121,11;193160;4;32,57278;12;0;3
Carmen Suite No. 1: Les Toréadors. Allegro giocoso (Introduction to Act I);National Philharmonic Orchestra;spotify:track:2OLnlTjZH3XVH6fCNCfNlm;0,271;0,601;9;-12,56;1;0,0521;0,787;0,847;0,331;0,567;130,802;131547;4;61,73189;6;0;3
Carmen Suite No. 2: Habanera. Allegretto quasi Andantino (Act I);National Philharmonic Orchestra;spotify:track:7o5TNZQJJcCk6iUh8dzrZt;0,459;0,0158;2;-27,076;1;0,0395;0,968;0,173;0,0948;0,497;118,256;133467;4;23,91311;8;0;3
Carnival of the Animals. R. 125: The Elephant;Camille Saint-Saëns;spotify:track:0XxJCgsv3Qpd2KS7pObC6W;0,498;0,00733;10;-35,44;1;0,0404;0,991;0,885;0,156;0,167;120,64;82293;3;56,5425;5;0;3
Carolina;Chico Buarque;spotify:track:3NNV7VTez7EUR23ONFiiGl;0,518;0,5;4;-9,242;1;0,0289;0,36;4,91E-06;0,345;0,618;126,595;159133;1;31,52888;8;0;3
Carolina - Remastered 2006;Caetano Veloso;spotify:track:15gNqKkZN9Mq9AvnRqWJKb;0,545;0,22;2;-15,079;0;0,0828;0,582;0,239;0,269;0,386;118,223;158413;4;47,08099;6;0;3
Cathy's Clown;The Everly Brothers;spotify:track:1MA9StLzlFftLbuqOmoWij;0,498;0,582;7;-8,961;1;0,0339;0,412;0;0,372;0,866;119,809;144013;4;26,54844;9;1;3
Celebrated Walkin' Blues;Taj Mahal;spotify:track:4oNnxT1kVOAcAYkt8gxXAS;0,509;0,341;7;-12,555;1;0,0654;0,519;1,31E-05;0,0867;0,515;130,023;531960;3;33,15027;26;0;3
C'est Si Bon (It's So Good);Conway Twitty;spotify:track:7axj2soLPxuhxJEYaUoYEg;0,58;0,617;0;-8,706;1;0,0493;0,727;0;0,393;0,831;120,496;134013;4;41,91757;8;1;3
Challenge;The Hippy Boys;spotify:track:40y0sUu9CninULuwVN7pL3;0,851;0,435;0;-15,29;1;0,201;0,0309;0,814;0,085;0,842;134,811;214427;4;25,6108;14;0;3
Charles. Anjo 45;Jorge Ben Jor;spotify:track:3lNGmnqX0xaiHRI726Lv9L;0,404;0,947;6;-4,692;1;0,149;0,615;2,95E-06;0,676;0,482;96,118;290893;4;19,77103;11;0;3
Chattanooga Shoe Shine Boy;Freddy Cannon;spotify:track:09Ajvg7syF6abRRgjzDzVK;0,523;0,769;2;-9,059;1;0,145;0,738;0;0,288;0,928;178,156;136518;4;33,56683;9;1;3
Chega De Saudade;Antônio Carlos Jobim;spotify:track:6qHr8eoiiBi5n8J9YuN1wH;0,679;0,281;2;-17,908;1;0,0399;0,507;0,152;0,332;0,658;144,565;259640;4;43,03297;9;0;3
Cherry;The Tennors;spotify:track:5x9nK20X3Y5nRVKSIc999j;0,785;0,455;5;-10,884;1;0,0354;0,115;8,94E-05;0,315;0,965;136,151;184813;4;28,49501;9;0;3
Ching Miau - Rudy Van Gelder Remaster;Yusef Lateef;spotify:track:6oarR9NsZJOlYxDi17S9iS;0,266;0,33;7;-13,088;0;0,0377;0,456;4,75E-05;0,183;0,313;34,496;194693;4;36,62393;7;0;3
Chove Chuva;Jorge Ben Jor;spotify:track:6mTfOxORhYlpnTvm7VrL6b;0,729;0,401;10;-9,458;1;0,0418;0,644;0;0,0757;0,549;134,704;184093;4;29,17542;9;0;3
Cien Kilos de Barro (100 Pounds of Clay);Enrique Guzman;spotify:track:4EuH5egzbPHEXadXd86uLu;0,528;0,493;0;-12,346;1;0,0298;0,414;0;0,674;0,888;118,575;156507;4;29,90294;8;0;3
Cinema Olympia;Gal Costa;spotify:track:2V0jjmmJBqy7bF6RZtVpSV;0,464;0,518;5;-9,452;0;0,167;0,469;0;0,717;0,63;146,522;187307;4;22,51519;9;0;3
Cinnamon;Derek;spotify:track:4pPlVFUPPiT2Sm7pPlW8Or;0,604;0,742;9;-9,503;1;0,0459;0,0611;6,13E-06;0,259;0,923;163,861;161947;4;24,20331;9;1;3
Clarinet Quintet in A Major. K. 581: II. Larghetto;Wolfgang Amadeus Mozart;spotify:track:6fbS068D6CV5geWaeJAvNU;0,16;0,0258;2;-27,456;1;0,0416;0,966;0,452;0,115;0,0757;87,63;380693;4;23,88774;20;0;3
Cleo's Mood;Jr. Walker & The All Stars;spotify:track:43YABWyEDz7auf9nW9j9hf;0,726;0,401;3;-7,524;0;0,0323;0,782;0,323;0,168;0,852;106,476;161973;4;71,89978;5;1;3
Climb Ev'ry Mountain;Tony Bennett;spotify:track:4nTRD7ETULNj6ACAvASHoj;0,187;0,425;9;-8,776;1;0,0312;0,962;0,000823;0,211;0,226;74,407;141493;1;53,75417;5;1;3
Close Together;Jimmy Reed;spotify:track:69BitnFFEW0yrtbNQL4inL;0,665;0,619;9;-8,99;1;0,0399;0,831;0,00734;0,0845;0,861;94,156;159827;4;47,33312;7;1;3
Club Verde;Vicente Fernández;spotify:track:5bWB0qrX38UbAAryEVVSvH;0,315;0,313;7;-9,31;1;0,0466;0,779;3,66E-06;0,104;0,329;174,92;216133;3;46,0885;11;0;3
Come And Get Me;Jackie DeShannon;spotify:track:44okWRzv99N7MzyYiC4SRU;0,498;0,589;5;-6,776;1;0,0312;0,814;1,12E-06;0,158;0,419;97,195;162133;4;35,08908;8;1;3
Come Back;Jimmy Clanton;spotify:track:5fHylZH1UdG2v7kCNMWe7W;0,423;0,309;0;-9,53;1;0,0263;0,623;7,98E-06;0,0497;0,288;103,079;172199;3;36,76828;7;1;3
Come Back Silly Girl;The Lettermen;spotify:track:4QkvXIZGRmR2k7yduFFj9L;0,408;0,364;7;-14,743;1;0,0277;0,665;0,00862;0,301;0,429;96,429;147493;4;30,16817;9;1;3
Come Go With Me;Dion;spotify:track:4Swf4WlGoBZDVgk6MFOsrr;0,322;0,718;0;-11,428;1;0,0938;0,239;0;0,676;0,737;118,735;167413;4;33,58108;10;1;3
Come Home;The Dave Clark Five;spotify:track:4wcd85PgLU1vmzcUe9okMB;0,417;0,361;7;-9,994;1;0,0626;0,376;0;0,114;0,47;201,364;168493;4;36,32903;9;1;3
Come On And See Me;Tammi Terrell;spotify:track:3u7n1FGFhlUEZrjCmwwepe;0,589;0,758;1;-4,158;1;0,0315;0,0715;0,00842;0,104;0,869;113,864;140267;4;61,10432;6;1;3
Come Rain Or Come Shine;Ray Charles;spotify:track:2htH7r8oqqEwp3BB6oh2cU;0,357;0,216;3;-12,833;1;0,0343;0,767;4,31E-06;0,531;0,283;119,57;222733;4;37,34774;10;1;3
Comment te dire adieu - Remasterisé en 2016;Françoise Hardy;spotify:track:6g5qyQrAcoBX4X7XjxBoTO;0,711;0,586;10;-9,78;0;0,0514;0,435;6,48E-06;0,15;0,931;124,058;148507;4;57,92996;7;0;3
Confession au clair de lune;Georges Delerue;spotify:track:6q0d2dr9BVMvoHMU3TF1UU;0,122;0,165;4;-15,358;0;0,0393;0,983;0,832;0,117;0,0583;68,608;260640;4;27,04614;13;0;3
Confidente De Secundaria;Los Teen Tops;spotify:track:2KXmZd1wcCxqkmLk8paTgl;0,559;0,934;8;-3,228;1;0,0416;0,38;0;0,144;0,962;103,631;132307;4;18,60075;8;0;3
Conscience;James Darren;spotify:track:4U6I4CX15zcKLDSCgc0Eab;0,534;0,712;11;-7,476;1;0,0837;0,513;0;0,367;0,947;129,136;153267;4;66,62363;7;1;3
Contra la por - En Directe;Raimon;spotify:track:5edgEMLgtCOqAMNzgQ8zLE;0,568;0,832;5;-9,929;1;0,708;0,897;0;0,783;0,366;121,684;115537;4;37,27987;7;0;3
Cool Britannia - 2007 Remastered Version;The Bonzo Dog Band;spotify:track:6w27VuPCOGqJryZ4nwarAt;0,597;0,516;5;-10,61;1;0,373;0,574;0,0158;0,158;0,913;93,599;57373;4;0;2;0;3
Copitas de Mezcal;Irma Serrano;spotify:track:4niw2IRJ7RcGaNPef5UpUv;0,677;0,508;4;-7,998;1;0,0476;0,864;8,36E-06;0,533;0,933;132,927;181093;4;62,0392;7;0;3
Country Blues;Doc Watson;spotify:track:4TXtgaRXTR68GKG9p9bZQU;0,563;0,447;0;-15,218;1;0,0323;0,81;0,00484;0,186;0,743;127,384;213000;4;25,19069;12;0;3
Cradle Of Love;Johnny Preston;spotify:track:1tS8ZbjupcoB8seWVVfadt;0,477;0,506;6;-11,669;0;0,0696;0,683;2,15E-05;0,0538;0,868;174,525;140320;4;33,53435;7;1;3
Crazy Downtown;Allan Sherman;spotify:track:4VFGjvg01giZD45wwmVUXF;0,603;0,581;9;-11,03;1;0,224;0,748;0;0,562;0,83;137,483;177227;4;22,31848;12;1;3
Cry;Ronnie Dove;spotify:track:30bxwrpUzdHZYMslOnmA2n;0,256;0,355;11;-12,827;1;0,0434;0,802;0,000187;0,254;0,372;72,275;179920;4;35,80117;9;1;3
Cultura E Civilizacao;Gal Costa;spotify:track:0ZJGH0aJWdaQdeP6Np8vg6;0,415;0,619;10;-10,5;0;0,173;0,0919;0,00194;0,251;0,842;172,087;259160;4;40,36562;13;0;3
Cumbiando;Tito Puente;spotify:track:3kifhKwDtDC9Tx7h3LonPo;0,671;0,625;7;-4,893;1;0,0278;0,287;0;0,0514;0,961;97,163;153213;4;61,08925;6;0;3
Cycles;Frank Sinatra;spotify:track:6DjRrgnIppWgyccDDEFAqe;0,477;0,148;1;-22,719;1;0,038;0,903;0,000376;0,111;0,291;128,251;190373;3;23,38268;13;1;3
Daddy's Little Girl;Al Martino;spotify:track:4hnY0XMGe5bA3itrn3tvNt;0,27;0,367;5;-12,577;0;0,0315;0,697;0;0,22;0,414;86,487;150009;3;18,13633;7;1;3
Danse Mounia;André Hossein;spotify:track:2KibF09izRyYFqZB6LxLBi;0,443;0,92;2;-3,794;0;0,057;0,864;0,573;0,23;0,736;132,578;44933;4;0;2;0;3
Day Hospital from The Caretakers;Elmer Bernstein;spotify:track:2yVtydYNXguWzfC0QWNGFG;0,176;0,0948;7;-21,2;0;0,0392;0,846;0,93;0,351;0,0383;72,182;103706;3;45,14644;5;0;3
Day Tripper;The Beatles;spotify:track:29b2b96jozyD9GPCkOrVLs;0,665;0,782;6;-8,438;0;0,0307;0,12;4,19E-06;0,125;0,731;137,453;169000;4;30,58847;8;1;3
Daydream Believer;The Monkees;spotify:track:7uEcCGtM1FBBGIhPozhJjv;0,51;0,488;7;-10,304;1;0,0304;0,256;0;0,11;0,649;125,683;179613;4;43,48787;9;1;3
Dear Dad;Chuck Berry;spotify:track:6b27e8J1dUre0H9xBM9rvs;0,656;0,743;5;-8,69;0;0,0653;0,541;0;0,288;0,979;151,617;109467;4;38,32373;6;1;3
Dear John C.;Elvin Jones;spotify:track:2AsUAyuVajCMo15b2q171Y;0,33;0,35;10;-16,862;0;0,0427;0,66;0,0022;0,213;0,511;67,141;236400;3;20,74597;10;0;3
Dedicated To The One I Love;The Mamas & The Papas;spotify:track:1mFrjW8e8fuAOowlU3Q3Dr;0,396;0,452;7;-8,809;1;0,0326;0,814;0;0,192;0,307;103,264;178733;4;33,25193;9;1;3
Deep River;Traditional;spotify:track:3UPaoFTUYEviggxe4xDIFh;0,181;0,294;5;-15,448;1;0,0395;0,987;0,0085;0,113;0,0577;101,506;186160;4;74,69106;10;0;3
Deixa O Menino Brincar;Jorge Ben Jor;spotify:track:20cIjiSmt5IRmLvFgV3gXc;0,482;0,68;0;-6,689;1;0,0543;0,427;0;0,0765;0,879;145,853;136267;4;44,64307;7;0;3
Delia;Harry Belafonte;spotify:track:7e1ECeLOh8bhpH20vHau6K;0,321;0,227;2;-14,297;1;0,0295;0,849;7,36E-06;0,109;0,385;167,825;216280;4;45,15674;11;0;3
Delta Lady;Joe Cocker;spotify:track:0gHjMu0zgdBA0GcaA6B6x0;0,492;0,574;0;-11,036;1;0,0514;0,436;0;0,482;0,777;136,094;170160;4;22,09299;11;1;3
Départ de Renaud;André Hossein;spotify:track:5KBrcHCfaOnDDw4F4JBtPZ;0,145;0,167;9;-21,377;1;0,0289;0,807;0,0506;0,117;0,117;84,766;66101;4;27,23322;5;0;3
Desesperadamente;Eydie Gormé;spotify:track:79d6zoi5I9tK1J2jb3Klfm;0,508;0,403;8;-12,112;1;0,0381;0,825;0;0,347;0,652;113,22;129693;4;36,07832;8;0;3
Desperado - Intro lenta tensiva;Gianni Ferrio;spotify:track:73kDDC2hoZ12XEb9WVM0rj;0,424;0,0514;2;-28,456;0;0,0474;0,758;0,0028;0,11;0,0749;123,267;252920;4;61,61164;10;0;3
Die Meistersinger von Nürnberg. WWV 96: Prelude (Arr. for Piano by Glenn Gould);Richard Wagner;spotify:track:0ADmj3r1bSVKQL07cUCxQu;0,388;0,19;0;-19,812;1;0,0331;0,989;0,873;0,111;0,394;100,502;579853;4;67,6338;24;0;3
Diguem No - En Directe;Raimon;spotify:track:1ZzuH2o1PS4QrblNN8ypTH;0,481;0,261;0;-13,596;1;0,0665;0,921;1,33E-05;0,673;0,364;125,278;167297;4;28,80174;9;0;3
Dirty Dishes;Jerry Goldsmith;spotify:track:75HoEsuKFrNLM1w5re8D8p;0,405;0,269;0;-18,225;1;0,048;0,944;0,975;0,141;0,116;122,153;73573;4;14,11011;3;0;3
Dirty Man;Laura Lee;spotify:track:0762EAuTa9SF0BzPEqbL7w;0,53;0,465;2;-6,231;1;0,0331;0,316;2,40E-05;0,0894;0,676;167,194;175640;3;30,07743;8;1;3
Dizzy;Tommy Roe;spotify:track:3jJKKhg0t4HpdfNDyGiZDy;0,802;0,407;6;-10,857;1;0,0309;0,00727;0,00147;0,0626;0,821;104,058;176693;4;34,01089;8;1;3
Do Wah Diddy Diddy;Manfred Mann;spotify:track:7ko2240lyr2DngGin6Fx37;0,661;0,557;4;-8,244;1;0,049;0,262;0;0,0557;0,957;125,445;143400;4;24,65931;7;1;3
Do You Believe In Magic;The Lovin' Spoonful;spotify:track:1udKn1oNKYQSQ9OmiIWCMu;0,552;0,742;0;-7,963;1;0,0454;0,218;0;0,339;0,751;138,591;125827;4;25,18298;7;1;3
Do You Mind?;Anthony Newley;spotify:track:1Dp1eYjIvZbUcVILKlWm08;0,862;0,0937;0;-15,738;1;0,0522;0,462;0;0,179;0,73;120,006;142827;4;49,04478;6;1;3
Doggin' Around;Jackie Wilson;spotify:track:0T7jzjQENOkhRNwkfGbTO7;0,541;0,366;5;-9,19;1;0,0252;0,938;0,445;0,107;0,425;94,809;173027;3;34,15322;10;1;3
Dominica Prima Adventus. Alleluia. Ostende: VIII Mode;Traditional;spotify:track:6ZUVIQacko5RG3R4AKH9vC;0,213;0,0581;8;-22,425;0;0,0487;0,982;0,69;0,167;0,0395;84,048;175453;4;60,08926;6;0;3
Don't Bring Me Down;The Pretty Things;spotify:track:4w2ssaS47rnYb4IrQL3Cwj;0,544;0,682;9;-9,243;1;0,0638;0,00322;0,498;0,0931;0,814;98,602;130357;4;36,97011;8;0;3
Don't Come Knockin';Fats Domino;spotify:track:7rtkJqHIA5i5kcPnMzzBMp;0,417;0,41;10;-12,107;1;0,0369;0,305;0,000423;0,11;0,954;172,378;117493;4;36,11071;6;1;3
Don't Make Promises - Bonus Track;Krokodil;spotify:track:2wmhJQqUS4HeMOzieGjZPD;0,567;0,927;2;-5,687;1;0,0824;0,126;0,000196;0,123;0,462;113,898;242600;4;51,86658;13;0;3
Don't You Believe It;Andy Williams;spotify:track:57fXifdcomXuoCqRZY8KRN;0,41;0,13;2;-16,79;1;0,0297;0,892;1,92E-05;0,0699;0,403;82,438;147427;4;23,49375;11;1;3
Don't You Care;The Buckinghams;spotify:track:7qWwWg1oIczYhL3kVyabG3;0,41;0,566;6;-11,073;0;0,0443;0,0967;0;0,263;0,669;142,037;148800;4;38,26931;9;1;3
Dorme Dorme Menininha;Sérgio Ricardo;spotify:track:5Y4zOiY61P3vcXCIKfPO3G;0,445;0,0399;0;-24,696;1;0,0379;0,974;0,343;0,113;0,209;123,197;201973;4;34,70241;12;0;3
Dos Gardenias;La Sonora Matancera;spotify:track:7KPfrN9VIUjAmnkuS7SoaR;0,558;0,626;2;-5,558;0;0,032;0,76;1,26E-06;0,0903;0,753;113,902;133947;4;20,839;8;0;3
Driving Wheel;Junior Parker;spotify:track:5oLY2gz4HnKTcXxKkaGrsa;0,401;0,454;7;-11,52;1;0,0339;0,688;1,50E-06;0,101;0,656;80,692;160773;4;58,76938;6;1;3
Duchess;Scott Walker;spotify:track:3Pm0GbwAVDYu4BNPQrQPfw;0,311;0,209;11;-20,169;1;0,0414;0,782;0,000993;0,139;0,422;127,78;168400;4;20,79003;9;0;3
Dunce Songs;Mark Van Doren;spotify:track:7Cjtnt7agwy4i22UeXPiaF;0,703;0,072;1;-22,476;1;0,826;0,838;6,25E-05;0,134;0,527;74,474;316627;4;59,71609;16;0;3
É Preciso Perdoar;MPB4;spotify:track:3KGwtYmqC94o0dFEeQd8Ta;0,431;0,547;0;-10,533;0;0,0386;0,769;0,0991;0,522;0,613;80,731;168227;4;28,6773;8;0;3
Ebrio;Gerardo Reyes;spotify:track:09HWxCp7DZmbBJn6Dg1ob8;0,565;0,358;0;-8,442;0;0,0259;0,579;0;0,198;0,535;100,826;155307;4;44,69729;10;0;3
Échame a Mí la Culpa;Amalia Mendoza;spotify:track:4QJsxMItrRbvn05gGuf0CZ;0,36;0,124;5;-15,965;1;0,0524;0,708;0;0,26;0,342;85,672;191173;4;38,30617;10;0;3
Ecstasy;Ben E. King;spotify:track:0QbsvbqaBx4fNQJpfVvbAs;0,683;0,673;7;-10,406;1;0,0421;0,19;0;0,561;0,756;120,823;152976;4;24,59862;7;1;3
El Paso;Marty Robbins;spotify:track:4f8hBeMXMvssn6HtFAtblo;0,654;0,452;2;-9,709;1;0,03;0,835;2,89E-05;0,16;0,691;106,662;259307;3;48,24968;11;1;3
El Testament d'Amelia;Traditional;spotify:track:5kad3VHQcj8nes9pCTWSTN;0,423;0,0312;10;-31,131;1;0,0318;0,969;0,487;0,111;0,294;88,895;131440;4;45,04741;6;0;3
Electrotherapy from The Caretakers;Elmer Bernstein;spotify:track:1ONJSA074HnEhj2vbbL4eE;0,315;0,0765;7;-23,794;0;0,0408;0,878;0,849;0,11;0,166;114,812;124787;4;44,29578;7;0;3
Empegó Naroco;Tito Rodriguez;spotify:track:4pFdkYXQQI5laA1Ojr4Zok;0,607;0,807;2;-6,633;1;0,0524;0,776;0,00869;0,108;0,903;102,642;247640;4;85,48057;10;0;3
End Titles;Jerry Goldsmith;spotify:track:0tmgXiXfyiVv3qbRo2fWwX;0,193;0,2;5;-14,117;0;0,0422;0,967;0,211;0,258;0,0387;139,318;157627;4;56,49552;7;0;3
Endhan Yesuve Undhan Nesame;Sister Sarah Navaroji;spotify:track:2I3a1tKNYphSMtKnB4gTKR;0,432;0,579;2;-8,812;1;0,0562;0,837;1,05E-06;0,3;0,897;127,109;200013;4;53,17427;7;0;3
Ennai Padavaithavan Oruvan;P. Susheela;spotify:track:40CxvqbXtDI8uBDesDsDD9;0,526;0,442;5;-5,994;1;0,0435;0,992;0,00318;0,274;0,752;122,579;203453;4;40,23778;8;0;3
Es La Humanidad;Celia Cruz;spotify:track:7CrBtl6VpTjuFaKbpu9YvI;0,541;0,329;3;-7,756;1;0,0303;0,734;0;0,245;0,501;104,132;144773;4;53,66651;7;0;3
Es Mentira;Tito Puente;spotify:track:1sCwBM4Ho07qfPDx6pUUs1;0,362;0,305;10;-11,416;1;0,0281;0,77;0,00019;0,181;0,453;82,295;202907;4;47,62692;9;0;3
Eso Beso (That Kiss!);Paul Anka;spotify:track:3eDd2yAKGOmFwSiGweEeqB;0,626;0,51;3;-9,285;1;0,37;0,208;0;0,0713;0,837;114,091;143093;4;61,85882;7;1;3
Españolito;Joan Manuel Serrat;spotify:track:1QxwjJhroDhlT7BC77Rlbt;0,555;0,658;0;-4,487;1;0,0445;0,164;0;0,0363;0,44;120,911;77907;4;40,76595;4;0;3
Esta Noite Me Embriago (Esta Noche Me Emborracho);Nelson Gonçalves;spotify:track:6anfUhkWKCJ96yDcJCTPKd;0,603;0,513;1;-7,329;1;0,0582;0,843;0;0,357;0,732;121,325;193282;4;32,60556;10;0;3
Eterna Navidad;La Sonora Matancera;spotify:track:4tF6C9H7o3SapqKKWH8GEG;0,626;0,517;5;-5,126;1;0,0292;0,796;2,02E-06;0,137;0,955;79,771;135547;4;49,63788;5;0;3
Eternally;The Chantels;spotify:track:2y5OtQnC1UREBEiVfGxbNp;0,222;0,459;6;-6,538;1;0,0308;0,951;0,000162;0,322;0,236;178,879;165627;3;41,47399;7;1;3
Eu e a Brisa / Viola Enluarada;Peter Thomas;spotify:track:2YlFZMwjnUafG8TclVtrP8;0,275;0,304;0;-12,556;1;0,0362;0,097;0,268;0,135;0,183;168,382;216493;4;23,82062;13;0;3
Everglades;The Kingston Trio;spotify:track:7IIfi6udaIkFvw4z3xUeub;0,65;0,272;2;-18,52;1;0,039;0,81;1,82E-05;0,108;0,67;143,468;141973;4;22,04619;8;1;3
Exodus;Eddie Harris;spotify:track:35h5WR17DqnV6sNP2tYtW9;0,584;0,217;9;-15,429;0;0,0322;0,839;0,000956;0,107;0,492;117,792;399427;4;78,05636;15;1;3
Faded Love;Patsy Cline;spotify:track:4JhiMSToOzxb4U1YqZvZQC;0,465;0,161;3;-11,889;1;0,0305;0,917;0;0,134;0,387;91,983;223240;4;20,8962;12;1;3
Fais pas ci. fais pas ça;Jacques Dutronc;spotify:track:0FypjlDKkK46KkvSPt7bem;0,481;0,662;4;-7,287;1;0,317;0,584;0;0,194;0,827;184,81;103200;4;31,07476;6;0;3
Falling;Roy Orbison;spotify:track:2A12kxPfm6YVoPnwW2Mhtn;0,472;0,48;2;-8,953;1;0,0283;0,233;0,00186;0,0881;0,419;111,43;151640;4;22,35142;10;1;3
Fe de Vida;Joan Manuel Serrat;spotify:track:6sLxOyZ5yFzo5NO8IvLMEO;0,696;0,529;11;-9,35;1;0,0753;0,735;0;0,0857;0,332;128,514;236933;3;22,4829;11;0;3
Feel So Fine;Johnny Preston;spotify:track:76tUNmN89oKHpNc0SsXdfU;0,555;0,723;7;-11,875;1;0,0536;0,683;0;0,115;0,925;169,864;129000;4;34,37603;7;1;3
Femmina - Seq. 3;Carlo Savina;spotify:track:500c6CQG13zNIwZpCc2fQ6;0,475;0,318;8;-12,671;1;0,0487;0,935;0,902;0,0736;0,167;81,85;167900;3;94,28511;4;0;3
Fiddle Around;Jan & Dean;spotify:track:1Sn2aOOtBBo4stbunKJtXU;0,664;0,545;2;-13,258;1;0,0408;0,758;3,94E-05;0,137;0,963;138,752;151307;4;50,26444;6;1;3
Final;Jean Prodromidès;spotify:track:3zCcKY3FarTUYgspNk9OgW;0,152;0,276;7;-13,27;1;0,0346;0,805;0,188;0,104;0,0571;85,68;238560;4;17,84757;15;0;3
Finale 2;Giovanni Fusco;spotify:track:3ZPExaoTB4obKSrwkWH57x;0,566;0,0529;7;-27,948;1;0,0454;0,707;0,896;0,111;0,157;79,582;92600;4;49,91736;4;0;3
First Of May;Bee Gees;spotify:track:5SFsenqWlLzPW2YZgGhUhl;0,298;0,33;2;-11,246;1;0,0344;0,477;0,000132;0,0763;0,271;126,007;171867;4;37,13745;8;1;3
First Warning #2;Jerry Goldsmith;spotify:track:7EVnAABRPReCpGCaYw96ZR;0,429;0,0499;0;-26,888;0;0,0568;0,991;0,965;0,0948;0,303;81,519;39994;3;0;2;0;3
Five Brothers;Marty Robbins;spotify:track:39kqEgevkI3UxStWdR2cfR;0,634;0,414;1;-12,165;1;0,0611;0,75;0;0,164;0,565;129,137;131667;4;22,46603;8;1;3
Flamenco Revolucionario;Chicho Sánchez Ferlosio;spotify:track:1tqI8GRoyGsKij3nHmZCZg;0,668;0,253;4;-13,742;1;0,0438;0,914;0;0,102;0,404;105,767;259506;4;44,3987;13;0;3
Flamingo;Herb Alpert & The Tijuana Brass;spotify:track:4qK7JRcMpizOH7YwWNxlmF;0,592;0,612;8;-9,728;1;0,0303;0,52;0,765;0,0745;0,877;142,111;146524;4;136,36078;3;1;3
Flower Punk;Frank Zappa;spotify:track:7h8oWxaOoTeVdkAVEQkooa;0,48;0,7;7;-10,989;1;0,209;0,0522;0;0,645;0,3;111,388;183520;4;111,90201;6;0;3
Foggy Mountain Breakdown;Flatt & Scruggs;spotify:track:29qFlNOssruDfoEN8vN2Uu;0,407;0,479;2;-14,781;1;0,0329;0,191;0,901;0,352;0,919;155,252;140413;4;26,5629;8;1;3
For a Child Born Dead / The Shot;Elizabeth Jennings;spotify:track:3T4wG3A4CX5HTZQ1ZLdRQi;0,651;0,0986;7;-25,281;1;0,944;0,406;0;0,324;0,153;82,821;124640;5;34,12988;5;0;3
For a Few Dollars More: Indio's Flashback;Ennio Morricone;spotify:track:2X62Bx5aZoU9dDels9H9Dq;0,162;0,066;0;-26,558;0;0,0277;0,986;0,904;0,289;0,0383;72,851;131493;3;45,13542;5;0;3
For As Long As We Need You;Maurice Jarre;spotify:track:7aukQRXkIW2reA51c2gEMF;0,18;0,178;10;-22,963;0;0,0307;0,00015;4,93E-05;0,192;0,0912;80,679;41160;3;7,96856;3;0;3
For Me Formidable;Charles Aznavour;spotify:track:7xx7mUGAPcMd6gGqHzoec9;0,5;0,391;1;-6,451;1;0,0335;0,743;0;0,0847;0,539;139,972;139507;4;42,29238;7;0;3
For Once In My Life;Tony Bennett;spotify:track:4UywFB7lROzFHNj7JLoWst;0,203;0,375;0;-8,781;1;0,0346;0,862;4,89E-05;0,137;0,222;71,94;186520;4;36,57447;9;1;3
For What It's Worth;The Staple Singers;spotify:track:4la9jiqXYHQlEwbRhqYsd7;0,763;0,621;2;-9,908;1;0,0374;0,655;0;0,158;0,825;103,309;144320;4;33,20734;6;1;3
For Your Love;Peaches & Herb;spotify:track:3gc9gSVlBLyzacDErABC2j;0,138;0,428;5;-13,387;1;0,0366;0,328;2,18E-06;0,376;0,561;178,607;154067;3;37,62981;6;1;3
Forever;The Little Dippers;spotify:track:5rWyKJMaTXL0TArnJ8IGts;0,519;0,45;5;-9,133;1;0,0244;0,281;6,12E-06;0,152;0,549;72,115;143161;4;61,24355;6;1;3
From The Bottom Of My Heart (I Love You);The Moody Blues;spotify:track:72MvrPaYBDVZfLapuVqsts;0,483;0,578;0;-7,506;1;0,0321;0,521;0,000325;0,0864;0,523;107,425;206693;4;19,2725;10;1;3
Full Measure;The Lovin' Spoonful;spotify:track:1bqMXyANLRXZD9mbyD3wJZ;0,506;0,513;7;-10,478;1;0,0298;0,678;0;0,0725;0,704;112,523;159707;4;27,51196;7;1;3
Fumeux fume - Voice;Traditional;spotify:track:6Dbofz7ftO86tBcY1u8ZUj;0,14;0,0282;7;-29,836;0;0,0378;0,982;0,89;0,109;0,0366;141,12;456133;1;34,74756;18;0;3
Funky Street;Arthur Conley;spotify:track:6uu9g2xpWSPda9SFPvrAmO;0,7;0,903;7;-11,68;1;0,12;0,71;2,61E-06;0,23;0,853;150,224;143133;4;25,72195;10;1;3
Funny Familiar Forgotten Feelings;Tom Jones;spotify:track:4j3BX19jfJpCrBoCFaSxNB;0,452;0,403;11;-10,898;1;0,0277;0,667;0;0,135;0,446;86,58;177707;3;22,05268;11;1;3
Gee;Jan & Dean;spotify:track:2TqZC7BpPlwEHbMGWnjXf8;0,38;0,557;2;-8,958;1;0,0361;0,653;0;0,504;0,847;155,648;133027;4;31,84387;9;1;3
Gee;The Pixies Three;spotify:track:1FKzZ9Z2mlXlxOp3FDteKr;0,617;0,494;0;-13,96;1;0,0325;0,637;0;0,0857;0,92;92,474;143387;4;33,90092;8;1;3
Gee Baby (I'm Sorry);The Three Degrees;spotify:track:767VUkizCBYobm7c3l9yey;0,412;0,358;11;-10,461;1;0,0269;0,872;0;0,125;0,533;106,036;124200;4;52,05599;5;1;3
Générique;André Hossein;spotify:track:2wZYEzMVIw1hUPB2qrkOHU;0,211;0,292;0;-12,922;1;0,0299;0,567;0,927;0,0949;0,289;57,001;147428;4;47,3269;7;0;3
Gente;Garoto;spotify:track:0YKizXXA4Odo5f5mnoQhul;0,514;0,621;8;-6,825;1;0,055;0,23;0;0,29;0,794;153,46;136490;4;54,2077;7;0;3
Gentleness;David Lindup;spotify:track:0MsXXwh5ahTSc4haH3zfbl;0,24;0,0867;7;-18,238;0;0,0304;0,959;0,95;0,111;0,0371;98,185;97218;4;32,00987;6;0;3
Gesang zur Dämmerung;Klaus Schulze;spotify:track:1r0Njo8O2EhzCOnvbEhypm;0,214;0,188;7;-22,039;0;0,0402;0,935;0,928;0,0994;0,027;166,058;761227;4;64,90613;30;0;3
Girl Don't Come;Sandie Shaw;spotify:track:5lGo7uNwCREOUz5ccGRa1k;0,429;0,312;7;-9,376;1;0,0314;0,698;0;0,121;0,649;77,051;133560;4;30,94464;8;1;3
Give It Up Or Turnit A Loose;James Brown;spotify:track:5TQcUuSZ9VUXCxGdVj7VxO;0,703;0,88;11;-7,133;0;0,0608;0,00964;0,456;0,111;0,743;114,763;369960;4;93,84427;10;1;3
Glad To Be Unhappy;The Mamas & The Papas;spotify:track:1Dw7FyvCJ21oENBoyG3dfn;0,629;0,579;6;-12,498;1;0,0526;0,693;0;0,363;0,826;109,946;102227;4;57,5319;4;1;3
Glory Of Love;Otis Redding;spotify:track:7z9pYu5SvnPthpKNcjUtka;0,635;0,18;10;-13,843;1;0,04;0,733;1,79E-06;0,19;0,528;73,006;168827;4;67,86259;7;1;3
God Knows I Love You;Nancy Sinatra;spotify:track:1hFmFWgeQgj3LFkWnFUcA6;0,508;0,438;0;-6,833;1;0,0293;0,813;0;0,12;0,429;85,786;191356;4;14,94709;10;1;3
God Only Knows;The Beach Boys;spotify:track:6iGU74CwXuT4XVepjc9Emf;0,521;0,487;6;-7,525;0;0,0299;0,253;0;0,0579;0,483;117,072;173040;4;37,59113;8;1;3
God. Country And My Baby;Johnny Burnette;spotify:track:0cw9fmQ6hJJdP97lm3y1xm;0,486;0,526;11;-9,835;1;0,0415;0,21;0,00183;0,604;0,585;121,157;132467;4;53,36009;5;1;3
Godaari Gattundi;P. Susheela;spotify:track:0hOOBYPoQZNJtoEhOQNB4S;0,467;0,486;6;-8,478;0;0,109;0,758;0,124;0,407;0,563;89,132;265733;4;20,80917;11;0;3
Golondrina Presumida;Amalia Mendoza;spotify:track:0ZyBbzmdfxAe1UXSMJeUhX;0,421;0,149;5;-11,599;1;0,0352;0,874;0;0,0971;0,486;89,917;139400;4;34,46684;7;0;3
Gone Are My Children (Baile Banake);Harry Belafonte;spotify:track:6Tg1WnlftueZNWeD9Pszpr;0,576;0,195;2;-20,009;1;0,0377;0,958;0,000115;0,104;0,595;77,834;172280;4;63,58539;9;0;3
Gotta Go;Marty Paich;spotify:track:6pWtM7I39nCNbF7TZWb5re;0,49;0,242;2;-16,683;0;0,0297;0,804;0,71;0,0954;0,398;103,96;176080;4;20,65027;10;0;3
Goza. Goza Mariposa;Irma Serrano;spotify:track:79q758X88DSgEbh4RpLf2c;0,465;0,357;10;-9,118;1;0,0591;0,744;0;0,052;0,78;168,881;182880;3;17,43864;11;0;3
Gravy (With Some Cyanide);John Zacherle;spotify:track:5EiJLbVebiTa2OGCcetLwp;0,719;0,67;2;-8,167;1;0,253;0,706;0;0,232;0,855;130,174;139587;4;108,2746;4;0;3
Grazing In The Grass;The Friends Of Distinction;spotify:track:755QPhAgO1YSmbs8a9M9b9;0,595;0,857;1;-6,89;0;0,163;0,498;0;0,355;0,74;127,629;174080;4;41,68343;8;1;3
Greenfields;The Brothers Four;spotify:track:7LAsDdinXejDwodvelVVTa;0,466;0,125;11;-20,428;0;0,0372;0,863;0;0,121;0,338;111,43;182027;1;38,77796;10;1;3
Guaguancó En Tropicana;Tito Puente;spotify:track:0glxeAEM9wVVjIMf3EUSHr;0,587;0,715;3;-5,48;1;0,115;0,482;0;0,0976;0,951;155,946;206021;4;67,47362;8;0;3
Guantanamera;Celia Cruz;spotify:track:6bNZH4O72jD4L5hga6DwHj;0,734;0,458;10;-9,193;1;0,0585;0,844;0,00015;0,354;0,9;140,2;175240;4;32,86039;11;0;3
Guitarra Romana;Eydie Gormé;spotify:track:4qeUs4Bfy0YQnR6vc8dne0;0,569;0,385;2;-12,237;1;0,0342;0,81;1,06E-06;0,326;0,782;110,662;154840;4;53,30617;6;0;3
Gypsy Love;Silver Apples;spotify:track:1peJ1esd77jn3jyS4eGKOx;0,468;0,947;7;-6,76;0;0,104;0,000684;0,000132;0,0608;0,542;124,51;335413;4;29,96796;9;0;3
Half Heaven - Half Heartache;Gene Pitney;spotify:track:0qwjHNJHirzB5VsYQ4gjG4;0,438;0,451;4;-8,681;1;0,0263;0,719;0;0,116;0,438;102,776;163307;4;29,02095;10;1;3
Hallies Jazz;Elmer Bernstein;spotify:track:4W8esRSIOC37RtMHY1eocA;0,586;0,213;5;-19,175;0;0,0386;0,769;0,369;0,11;0,505;139,715;215092;4;52,48338;9;0;3
Hang On Sloopy;The McCoys;spotify:track:0i7O5MtSTXvR4BEY7stpjF;0,764;0,516;7;-12,099;1;0,0334;0,167;0;0,0723;0,936;115,255;231800;4;26,24199;11;1;3
Happy Birthday. Sweet Sixteen;Neil Sedaka;spotify:track:5ttys6S3vGWCgOpiuB5axN;0,498;0,796;8;-4,882;1;0,0453;0,607;0;0,3;0,906;79,648;157027;4;30,47367;9;1;3
Happy Days;Marv Johnson;spotify:track:0ecGwZA1ReAq4Mn3ZInaT4;0,72;0,624;5;-9,086;0;0,0473;0,795;0;0,488;0,887;119,999;160040;4;30,42891;8;1;3
Have You Seen Her Face;The Byrds;spotify:track:6oRNqIZzxNdpYlappmxrGR;0,525;0,637;11;-8,409;0;0,0285;0,43;3,02E-06;0,317;0,793;130,832;159973;4;22,87648;11;1;3
He Don't Really Love You;The Delfonics;spotify:track:7vLulg0d9DreZngW3SsPvz;0,429;0,732;1;-7,34;1;0,0302;0,749;1,51E-06;0,0831;0,779;167,383;144093;4;47,21751;10;1;3
He Knows I Love Him Too Much;The Paris Sisters;spotify:track:2PWsXnkraV4vamzbjpF3Wi;0,549;0,34;0;-13,9;1;0,0325;0,715;0;0,139;0,429;107,705;166000;4;43,37498;11;1;3
Heart In Hand;Brenda Lee;spotify:track:6wI57Jgz7qLaCr8PDG80Gv;0,651;0,172;0;-14,556;1;0,038;0,841;0,000126;0,155;0,445;107,891;147640;3;21,77637;9;1;3
Heart Love;Albert Ayler;spotify:track:60axeMyzshCc7VUTqdOISI;0,614;0,795;7;-7,953;1;0,13;0,0216;0,0974;0,109;0,459;125,006;333867;4;37,3239;11;0;3
Heartaches By The Number;Johnny Tillotson;spotify:track:5Qgj3q0eCdgqcleC14UHVa;0,587;0,599;10;-9,165;1;0,0279;0,633;0;0,24;0,964;136,181;158840;4;32,40553;7;1;3
Heia. in den Bergen liegt mein Heimatland;Vienna State Opera Orchestra;spotify:track:3cxhkimLZ4y6NRpkKkeALm;0,135;0,324;0;-11,517;0;0,0339;0,887;0,824;0,379;0,0639;91,097;89853;3;29,28488;4;0;3
He'll Have To Go;Solomon Burke;spotify:track:5l3KQsETL44ZCNtuMrGJkz;0,526;0,26;5;-13,6;1;0,0319;0,855;0,000406;0,135;0,575;78,626;199093;4;46,34882;11;1;3
Hello Mary Lou;Ricky Nelson;spotify:track:0IMS1Za69G3KHMX4liB2Nr;0,559;0,78;9;-6,597;1;0,0328;0,158;6,89E-06;0,0793;0,964;98,661;139280;4;28,04621;6;1;3
Hello Pretty Girl;Ronnie Dove;spotify:track:71UPOlaPow5CbwGvLmPmDQ;0,604;0,547;7;-9,305;1;0,0318;0,734;0;0,0952;0,961;125,148;153747;4;32,33894;11;1;3
Help Me Girl;Eric Burdon & The Animals;spotify:track:44A7gnAeBznjwg2ovSYk06;0,555;0,534;0;-8,547;0;0,0304;0,508;0,000241;0,58;0,542;145,304;159453;4;46,54928;6;1;3
Help Yourself (To All Of My Lovin');James & Bobby Purify;spotify:track:47IGCBcC8P7L8CHlEnzWFD;0,654;0,703;2;-7,06;0;0,0399;0,717;0;0,388;0,88;138,114;135533;4;30,28242;10;1;3
Her Royal Majesty;James Darren;spotify:track:1cPxnXUCio2zV6yE4pWZ25;0,359;0,591;5;-8,668;1;0,0561;0,637;0;0,281;0,91;183,318;132667;4;20,52019;10;1;3
Here Comes The Night;Ben E. King;spotify:track:7rEq647bycgagy5iJfXHqO;0,622;0,387;7;-11,043;1;0,0276;0,23;0;0,144;0,564;101,708;149516;3;36,37369;9;1;3
Here I Am Baby;The Marvelettes;spotify:track:32hVsa6zdjLgMquTE6My31;0,661;0,651;0;-8,322;1;0,0377;0,201;0;0,231;0,676;97,351;169133;4;32,95495;10;1;3
Here In My Heart;Al Martino;spotify:track:0mRAY4VhmgEsBvLEFxB6Vm;0,177;0,279;9;-10,951;0;0,0312;0,8;0,0024;0,153;0,155;82,967;193373;3;20,98618;9;1;3
Here Rattler Here;Harry Belafonte;spotify:track:0L0FXQwBv0aaNtwHqulMC6;0,629;0,544;11;-11,66;0;0,0887;0,821;0;0,0675;0,613;93,847;242826;4;48,26821;8;0;3
He's My Guy;Irma Thomas;spotify:track:3qXCV5phLe1XCtYFk0Kkvg;0,409;0,555;1;-9,394;1;0,0285;0,704;2,24E-06;0,0953;0,71;104,598;159240;3;37,37068;6;1;3
He's So Fine;The Chiffons;spotify:track:2Bs1Lw9LX8hBm70t1iGdlh;0,558;0,633;7;-3,265;1;0,0329;0,487;0;0,129;0,871;72,494;112520;4;32,87427;6;1;3
Hey Little Cobra;The Rip Chords;spotify:track:5LV5LgYnApxTF0BoZ3cDye;0,563;0,754;6;-7,442;1;0,0676;0,531;0;0,379;0,918;156,664;119960;4;36,87763;8;1;3
Hey! Baby;Bruce Channel;spotify:track:0obIo2GEab6qqms6t3JaMY;0,515;0,623;9;-5,597;1;0,036;0,359;0;0,274;0,643;64,253;143627;4;59,12903;6;1;3
Hey-Da-Da-Dow;The Dolphins;spotify:track:6ZRxT24A5HLCt5aWd5I7Vp;0,714;0,501;4;-9,232;1;0,0316;0,827;0;0,1;0,88;122,141;136253;3;31,79546;8;1;3
Hickory. Dick And Doc;Bobby Vee;spotify:track:7hXngqMDRqkAFrEIBy3ewq;0,7;0,626;3;-11,611;1;0,0315;0,72;6,55E-05;0,0974;0,964;112,826;148640;4;29,03452;9;1;3
Highway #1 (Wagon Wheel Watusi);Elmer Bernstein;spotify:track:0EDJPidfF7Qaf1vxgby4zh;0,617;0,808;10;-15,351;1;0,0394;0,323;0,933;0,349;0,955;150,591;118648;4;34,96001;7;0;3
Highway #2 (Travelin' Lady);Elmer Bernstein;spotify:track:4i0Di9hFoQcEka1D2JHYoo;0,567;0,762;3;-12,355;1;0,0306;0,0741;0,415;0,377;0,813;145,513;163213;4;39,11564;10;0;3
Hip City - Pt. 2;Jr. Walker & The All Stars;spotify:track:0cduoX64cRfzLvdapbCsBH;0,611;0,686;0;-10,647;0;0,0508;0,126;0,00129;0,38;0,701;147,076;177973;4;97,57327;7;1;3
His Kiss;Betty Harris;spotify:track:1UMzgGjcCec8QIbA8VuxBB;0,5;0,423;4;-9,411;1;0,0294;0,699;2,15E-06;0,0919;0,598;151,726;175362;3;23,45315;10;1;3
História De Um Órfão;Ary Lobo;spotify:track:2uUbRDGNpIL7DA2TyzYah4;0,528;0,68;10;-9,185;1;0,0483;0,224;0;0,175;0,928;98,645;165947;4;26,502;9;0;3
Hold Me Tight;Johnny Nash;spotify:track:6eiZdeG6uDUylSH8HBTatE;0,766;0,176;3;-20,756;0;0,0945;0,605;2,31E-05;0,0656;0,687;90,404;163373;4;39,08141;8;1;3
Home from Abroad;Laurie Lee;spotify:track:0Qr1JPIuk79zWEjIOF1Fip;0,753;0,21;4;-20,219;0;0,907;0,108;0;0,366;0,448;59,163;70147;4;27,26513;3;0;3
Honey (I Miss You);O.C. Smith;spotify:track:7zVFxziD5veXw4KcGip6O3;0,439;0,408;7;-13,548;1;0,0326;0,791;9,80E-06;0,331;0,426;100,957;228480;4;32,77358;10;1;3
Honolulu Lulu;Jan & Dean;spotify:track:5stfCnP5f0oXkCUYRLGMI8;0,512;0,813;3;-12,533;1;0,0444;0,463;0,00143;0,0767;0,9;153,751;133800;4;44,0525;7;1;3
Hot Smoke & Sasafrass;The Bubble Puppy;spotify:track:01AxKIwrI7bCLOZ0nmw41I;0,558;0,738;0;-14,27;1;0,0668;0,75;0,00479;0,0876;0,841;82,556;155840;4;27,82633;9;1;3
House For Everyone;Traffic;spotify:track:04LnYIwoE0buXY2KISiqka;0,565;0,549;0;-13,023;1;0,0618;0,583;0;0,236;0,769;121,97;123160;4;19,38835;7;0;3
House Of The Rising Sun;The Animals;spotify:track:7BY005dacJkbO6EPiOh2wb;0,295;0,584;9;-6,696;0;0,0345;0,000385;0,218;0,0996;0,228;117,2;271280;3;48,7407;12;1;3
How Could I Be Such A Fool;Frank Zappa;spotify:track:3JS818TZIqYC18Ofg1NzWZ;0,418;0,366;0;-14,939;1;0,0374;0,121;0;0,328;0,378;113,603;133267;3;30,26275;6;0;3
How Many Teardrops;Lou Christie;spotify:track:3wVLgOY97gLsEGJzn0Uyxs;0,562;0,697;7;-8,859;1;0,0903;0,586;0;0,0822;0,808;149,215;125893;4;36,14649;8;1;3
How Sweet It Is To Be Loved By You;Marvin Gaye;spotify:track:2zF8ro2hX0aEYaqXQdEKW1;0,653;0,49;0;-10,106;1;0,0408;0,323;4,13E-06;0,0832;0,963;110,202;177773;4;45,44257;8;1;3
Hum Allah Hum Allah Hum Allah;Pharoah Sanders;spotify:track:71DfiueMJMIs8D0djEgiyz;0,438;0,559;6;-10,725;0;0,0457;0,667;0,0161;0,0524;0,585;105,369;910227;4;25,99429;35;0;3
Hurdy Gurdy Man;Donovan;spotify:track:7AL6qzIDHIX7pEUWrzNiIs;0,405;0,463;0;-16,167;1;0,0542;0,00379;0,0442;0,392;0,542;79,451;193467;4;25,52554;9;1;3
I Apologize;Timi Yuro;spotify:track:6oYXOWb4Cf3frnvOREtISE;0,277;0,31;7;-10,643;1;0,0286;0,474;5,60E-05;0,107;0,328;170,483;175400;4;41,84755;7;1;3
I Can Hear Music;The Beach Boys;spotify:track:1hcMfYTsRTC4hIKbfosxjz;0,511;0,603;2;-7,637;1;0,028;0,0385;1,67E-06;0,142;0,685;128,336;157293;4;43,36534;9;1;3
I Can Make It With You;Pozo Seco Singers;spotify:track:7LWUt6WCJsTUBjVl2GhpOK;0,537;0,424;1;-11,448;1;0,0562;0,109;0;0,238;0,665;119,392;132453;4;21,89757;8;1;3
I Can Remember;James & Bobby Purify;spotify:track:3iJZUoDWu3xtL5QceRsy7X;0,357;0,341;8;-8,789;1;0,0302;0,763;0;0,121;0,379;87,432;155267;4;24,33014;7;1;3
I Can't Dance To That Music You're Playin';Martha Reeves & The Vandellas;spotify:track:6n13tRkf6BfW49hd8x3GBn;0,799;0,661;8;-6,223;1;0,0675;0,0628;0,000332;0,152;0,672;111,902;162360;4;18,14274;9;1;3
I Can't Stop Dancing;Archie Bell & The Drells;spotify:track:3evKZi4dI9Nw7Hit26XFN9;0,565;0,729;0;-7,75;1;0,163;0,656;0,000147;0,0492;0,818;122,291;141373;4;30,88114;9;1;3
I Couldn't Live Without Your Love;Petula Clark;spotify:track:0neniOq88zX3RLJmYffzjc;0,538;0,566;2;-9,002;1;0,0309;0,198;0;0,099;0,509;129,176;174560;4;30,84127;9;1;3
I Do;The Marvelows;spotify:track:3Zs0dCcOoAkxwnYuKYCWZP;0,543;0,715;9;-5,195;1;0,0579;0,752;0;0,107;0,862;99,055;150307;4;79,33959;5;1;3
I Don't Know Why;Stevie Wonder;spotify:track:2CwNOqVypdZfKA8lXQKSUb;0,42;0,483;1;-13,608;1;0,033;0,165;0;0,111;0,533;93,834;167027;4;36,89252;7;1;3
I Don't Want To Cry;Chuck Jackson;spotify:track:0jHpO6NhB35tEjRgwcvPLA;0,376;0,504;0;-9,454;1;0,0372;0,368;1,72E-06;0,162;0,625;140,794;139533;4;41,90095;6;1;3
I Feel So Bad;Elvis Presley;spotify:track:42X4AMue61nbWRF7VGIbSz;0,502;0,68;5;-11,368;1;0,0406;0,75;0,0483;0,232;0,937;91,813;174160;4;33,70751;10;1;3
I Francobolli;Ennio Morricone;spotify:track:3NdokGBP7ROeNnOGPM9e88;0,292;0,273;7;-22,677;1;0,0535;0,659;0,618;0,177;0,0383;67,354;145747;3;63,69562;4;0;3
I Got You Babe;Sonny & Cher;spotify:track:4SGBuq37Ol4HJr7pQqFMKa;0,629;0,795;6;-6,02;1;0,0278;0,136;5,44E-06;0,132;0,6;110,583;190080;3;28,82459;12;1;3
I Hear You Knocking;Fats Domino;spotify:track:2k4k2Qytu2ZnYoqDOagNBV;0,469;0,383;0;-11,105;1;0,0405;0,642;0;0,251;0,664;98,013;112600;4;39,72678;6;1;3
I Heard It Through The Grapevine;Marvin Gaye;spotify:track:1tqT6DhmsrtQgyCKUwotiw;0,711;0,362;3;-10,851;0;0,0382;0,272;0;0,127;0,615;117,267;194293;4;39,45121;10;1;3
I Idolize You;Ike & Tina Turner;spotify:track:7DLwLYJH0AJte6XK9ZTmOc;0,743;0,398;2;-8,328;0;0,048;0,808;0;0,106;0,833;118,568;170827;4;28,82001;9;1;3
I Just Don't Understand;Ann-Margret;spotify:track:2WDn3iq8xYWVEp8eCihT44;0,318;0,383;9;-11,943;0;0,0337;0,738;0,0013;0,176;0,632;127,699;160813;3;23,27613;10;1;3
I Know A Place;Petula Clark;spotify:track:4rbYdWpcjXi02Tm3hvmYlh;0,45;0,805;11;-8,229;1;0,0684;0,792;2,98E-06;0,417;0,494;138,006;163373;4;23,81117;10;1;3
I Love How You Love Me;Bobby Vinton;spotify:track:3NQbjpaVxHz5s8ZIUtRAhu;0,211;0,259;6;-10,779;1;0,0296;0,43;1,68E-05;0,114;0,224;73,172;148600;3;33,42225;9;1;3
I Love My Baby;Archie Bell & The Drells;spotify:track:0QvePm7qtDWIL7Lbfeorba;0,427;0,579;0;-9,509;0;0,0512;0,609;0,000735;0,676;0,896;175,092;160213;4;43,06573;8;1;3
I Love You Because;Al Martino;spotify:track:5ggafYsNyKhTR9bISS3OPj;0,29;0,2;8;-12,748;1;0,0275;0,894;0,000569;0,221;0,233;88,654;163400;4;24,92348;9;1;3
I Love You More And More Every Day;Al Martino;spotify:track:4I6OrFObPlJNl1bP2KZTjA;0,476;0,219;8;-13,406;1;0,0296;0,492;0;0,201;0,595;103,496;135333;4;27,01065;8;1;3
I Never Loved A Man (The Way I Love You);Aretha Franklin;spotify:track:1hES47PrbU8GPTI5A9lsr0;0,657;0,371;5;-9,186;1;0,0359;0,367;0,0459;0,157;0,709;134,867;171773;4;92,83091;7;1;3
I Really Love You;The Stereos;spotify:track:6RATNusyYnf5rTQHsxdoVT;0,8;0,503;8;-10,864;1;0,0646;0,665;1,82E-05;0,0564;0,964;133,269;138187;4;22,03934;8;1;3
I Saw Three Ships - Remastered 1997;Traditional;spotify:track:5hkDq71DqVvhrkudecdLnr;0,403;0,615;9;-10,069;1;0,0362;0,942;0,344;0,929;0,58;133,802;131307;4;25,55857;8;0;3
I Thank You;Sam & Dave;spotify:track:0c2Gc3qrijvGkr0mZ8iKxq;0,818;0,363;10;-14,482;0;0,163;0,358;2,73E-05;0,117;0,804;117,962;174160;4;45,56043;9;1;3
I Wanna Be Around;Tony Bennett;spotify:track:1smChL3Aq1U9DZA83LuDtp;0,498;0,266;10;-13,425;1;0,0348;0,768;0;0,0828;0,376;69,601;131227;4;51,28333;6;1;3
I Wanna Thank You;Bobby Rydell;spotify:track:79H73UE3CpqhIwxAJaTtiE;0,522;0,801;0;-6,665;1;0,115;0,265;0;0,346;0,961;163,802;145640;4;27,11496;7;1;3
I Was Such A Fool (To Fall In Love With You);The Flamingos;spotify:track:6PgWAPileQr2WDJp3SRLfz;0,36;0,391;10;-12,613;1;0,0313;0,835;0;0,0847;0,224;99,076;170267;3;41,22709;6;1;3
I Wonder;Brenda Lee;spotify:track:1qxSpM8ExFGmQkkbrqwYA4;0,529;0,168;10;-11,32;1;0,0394;0,815;0,00031;0,0827;0,46;101,227;180053;3;62,70121;8;1;3
Ice Cream Song;The Dynamics;spotify:track:0OxHWA10FOs5fD5M7bQ9qk;0,632;0,509;6;-11,002;0;0,0245;0,372;0,000749;0,0716;0,624;90,688;198333;4;36,23476;9;1;3
If A Man Answers;Bobby Darin;spotify:track:3cdUuaCRPsHenWNBY3LJvj;0,545;0,712;7;-6,41;1;0,0695;0,7;0,0304;0,082;0,899;173,126;143227;4;22,63765;8;1;3
If Ever I Would Leave You - Rudy Van Gelder Edition/Digital Remaster/24 Bit Mastering/1998;Kenny Dorham;spotify:track:2DPcK58j3Zms6ybVIKSIIY;0,497;0,19;10;-11,957;1;0,0342;0,98;0,908;0,0993;0,349;117,05;309267;4;20,50086;18;0;3
If I Didn't Love You;Chuck Jackson;spotify:track:473hgaSdgEKvL20YdhqVaK;0,329;0,434;8;-8,69;1;0,0596;0,817;0,000167;0,159;0,72;186,611;132080;5;29,27335;8;1;3
If I Ruled The World;Tony Bennett;spotify:track:57GQHVnq4UIAgxU38lJwUC;0,274;0,329;5;-10,076;1;0,0327;0,69;0,000176;0,549;0,128;138,715;174947;4;28,048;11;1;3
If I Were A Carpenter;Bobby Darin;spotify:track:6zGufyo5txRnBPsGm51Zc2;0,733;0,287;7;-14,076;1;0,0359;0,611;0,0441;0,68;0,605;116,482;204493;4;21,55843;11;1;3
If I Were A Carpenter;Four Tops;spotify:track:75tHHyxJw2u6EeMPaTNXHD;0,585;0,571;0;-8,342;1;0,0271;0,197;0;0,245;0,666;126,836;168800;4;57,61908;6;1;3
If You Never Come To Me (Inútil Paisagen);Antônio Carlos Jobim;spotify:track:1Dv7lvKVxBJg9fCWTA7Dt0;0,337;0,172;0;-16,735;1;0,031;0,784;0,000454;0,102;0,106;97,055;131587;4;41,29263;5;0;3
If You Went Away;Antônio Carlos Jobim;spotify:track:0VvHhGRkhS3dwcnf4XkymG;0,302;0,156;7;-15,285;1;0,0302;0,857;0,907;0,148;0,19;139,54;189693;4;41,78053;10;0;3
Il faut savoir;Charles Aznavour;spotify:track:49JOhwYn6wFbuDakUskuOv;0,492;0,47;0;-8,732;1;0,0275;0,703;0;0,373;0,559;110,284;188307;3;41,04032;10;0;3
Il Mercenario (L' Arena);Ennio Morricone;spotify:track:26wxSDPXZSAw5FF2s9HIQh;0,285;0,67;2;-5,107;1;0,0482;0,23;0,806;0,117;0,187;136,871;284773;4;42,16569;12;0;3
I'll Hold Out My Hand;The Clique;spotify:track:4F7DPcLkBhKIl6yhFMcwhm;0,562;0,715;2;-8,481;1;0,0272;0,522;0;0,185;0,908;102,009;157467;4;28,6427;8;1;3
I'm A Man;The Yardbirds;spotify:track:2Bi0JWdxDMaKPanNofJSdL;0,388;0,674;7;-11,495;1;0,0721;0,0342;0,305;0,23;0,758;144,338;159867;4;24,97674;10;1;3
I'm Comin' On On Back To You;Jackie Wilson;spotify:track:1Taar5sR4NFefr5wU3Tb9v;0,589;0,649;0;-7,793;0;0,115;0,717;1,37E-05;0,613;0,86;81,315;137932;4;39,31649;8;1;3
I'm Gettin' Better;Jim Reeves;spotify:track:67HW5Q4qZPTNo8eiATRbEs;0,475;0,152;7;-16,91;1;0,0313;0,828;0,00275;0,113;0,258;80,041;135867;4;32,25289;6;1;3
I'm Gonna Make You Mine;Lou Christie;spotify:track:4CjLp84JmIqzInzYxYZoAS;0,703;0,722;4;-6,475;1;0,035;0,565;1,94E-05;0,28;0,973;125,396;162320;4;26,86431;11;1;3
I'm Henry VIII. I Am;Herman's Hermits;spotify:track:4HbzefakOqCIkwActU5b3N;0,692;0,865;9;-5,596;1;0,0755;0,279;0;0,0594;0,949;98,305;106053;4;23,16413;5;1;3
I'm Here To Get My Baby Out Of Jail;The Everly Brothers;spotify:track:1E5cZzKmVgLLJcLI6HPbn4;0,48;0,225;3;-15,402;1;0,031;0,78;0;0,0877;0,58;128,017;217907;4;25,38117;13;1;3
I'm the Urban Spaceman - 2007 Remaster;The Bonzo Dog Band;spotify:track:0QWAOOFV9lsnC7fYHeSycS;0,63;0,525;2;-11,154;1;0,0269;0,156;2,09E-05;0,369;0,931;89,738;146133;4;30,7508;10;0;3
In Epiphania Domini. Graduale: Omnes de Saba. V Mode;Traditional;spotify:track:3U9BUQEfsnT1fAinuT1B5A;0,185;0,0851;7;-22,575;0;0,0516;0,986;0,693;0,146;0,038;77,846;252813;1;71,80182;12;0;3
In My Father's House - Live;Harry Belafonte;spotify:track:1iJqYr3sm8KyTIji4GVWZf;0,562;0,646;0;-10,697;0;0,0532;0,491;0;0,902;0,798;98,019;211091;4;41,66217;7;0;3
In My Little Corner Of The World;Anita Bryant;spotify:track:2LKbizyFLF6UR5g2aBpPVV;0,486;0,453;11;-8,2;1;0,0273;0,581;0;0,163;0,564;108,737;158053;4;25,97764;10;1;3
In Nativitate Domini. Ad Missam In Die. Introitus: Puer Natus Est Nobis. VIII Mode;Traditional;spotify:track:1kN5aiPOZhcjansh6fxnKn;0,198;0,0972;11;-21,315;0;0,0479;0,985;0,47;0,119;0,0398;147,372;195360;3;49,02366;8;0;3
Ingrato Amor;Vicente Fernández;spotify:track:3rNTlIIKiozKrSHgypmzi5;0,458;0,102;4;-13,536;1;0,0349;0,92;0,00425;0,255;0,537;144,248;165773;3;19,3423;10;0;3
Initials B.B.;Serge Gainsbourg;spotify:track:5hjsmSnUefdUqzsDogisiX;0,498;0,505;3;-12,475;1;0,0337;0,018;0,107;0,176;0,797;101,801;213613;4;48,8251;10;0;3
Inolvidable;Tito Rodriguez;spotify:track:4WWYBTpa9J6A7RZht1LtzW;0,257;0,378;5;-9,61;1;0,0329;0,739;6,12E-05;0,12;0,385;81,541;193853;4;28,47678;11;0;3
Inquietacao (Inquietude);Luiz Bonfá;spotify:track:1Uunbj3uI7WQfuUh7C1ets;0,645;0,261;10;-16,782;0;0,0395;0,864;0,254;0,113;0,616;80,988;147147;4;34,63427;6;0;3
International Danger;Peter Thomas;spotify:track:6RwEteBP5GKEtJc4TWAE9k;0,376;0,271;2;-13,852;0;0,0416;0,00332;0,636;0,166;0,303;113,528;67765;4;8,82432;3;0;3
Inthalo Yemojarigindi;P. Susheela;spotify:track:7CVkt4qy0SKVPSrxjnGPzU;0,495;0,621;11;-4,362;0;0,0436;0,972;0,00015;0,356;0,617;79,881;210293;3;77,22443;7;0;3
Is It Really Over?;Jim Reeves;spotify:track:5FGJkdpDfTsNsEYcbPnPtB;0,275;0,241;10;-14,526;1;0,0293;0,805;0,0124;0,135;0,221;80,842;134640;4;59,05727;7;1;3
It Ain't No Use;Major Lance;spotify:track:0wGKdgfF9X8KCdZjfsvNui;0,752;0,51;5;-8,587;0;0,0366;0,877;0;0,373;0,951;119,508;167840;4;24,88254;10;1;3
It Can't Happen Here;Frank Zappa;spotify:track:7eIyQ6QsAypL1EmUN8liCg;0,439;0,425;1;-17,444;0;0,254;0,801;0;0,27;0,511;115,997;236693;3;123,96387;9;0;3
It Will Stand;The Showmen;spotify:track:3ln9brkScMKIE9MsPirzLb;0,67;0,507;7;-8,274;0;0,0387;0,717;0;0,182;0,847;145,581;142133;4;47,06948;6;1;3
It Won't Be Wrong;The Byrds;spotify:track:46uLYXCBGVCkAFLV6YH2PQ;0,496;0,701;9;-9,506;1;0,0401;0,295;0,000111;0,202;0,86;123,148;117893;4;42,21502;6;1;3
It's A Happening Thing;The Peanut Butter Conspiracy;spotify:track:45JOdGtN1kkmeghHRz8OMZ;0,331;0,852;11;-7,008;0;0,0572;0,257;0;0,249;0,779;145,986;143480;4;50,61263;6;1;3
It's All Right (You're Just In Love);The Tams;spotify:track:3eo1eOOEkNU7Xst5lKimfF;0,714;0,408;0;-14,462;1;0,0495;0,204;2,91E-06;0,699;0,932;113,249;131040;4;28,50862;7;1;3
It's Not The End Of Everything;Tommy Edwards;spotify:track:7KANtQF8nxfUGHffDQZe4m;0,612;0,227;5;-15,734;1;0,0307;0,738;0;0,299;0,627;91,452;151867;4;38,20716;8;1;3
It's Raining Today;Scott Walker;spotify:track:1QtdHvQeFgSE7R7AuLPccZ;0,205;0,17;1;-20,692;1;0,0351;0,335;0,000362;0,361;0,175;126,962;238933;4;34,31497;11;0;3
I've Gotta Get A Message To You;Bee Gees;spotify:track:4xCVHlmzEyIn1t4gXYsMaf;0,441;0,596;2;-6,327;0;0,0281;0,037;4,46E-06;0,172;0,497;83,411;177440;4;34,8822;9;1;3
Jane. Jane. Jane;The Kingston Trio;spotify:track:677oYgkn4m90Zvq4lQH2B8;0,548;0,421;0;-10,66;1;0,0362;0,44;0;0,363;0,831;144,778;144267;4;42,51936;7;1;3
Jealous Kind Of Fella;Garland Green;spotify:track:1dtKN6wwlolkM8XZy2y9C1;0,417;0,62;3;-7,727;1;0,0403;0,49;0;0,0779;0,845;185,655;173533;3;32,94975;9;1;3
Jean Marrabunta;Mighty Sparrow;spotify:track:5iXTf3XeBz62TdG9rCD03W;0,51;0,55;4;-9,606;1;0,0583;0,899;2,90E-05;0,161;0,692;97,505;248400;4;31,74633;11;0;3
Jingle Bell Rock;Bobby Helms;spotify:track:3hBXvHLlTHvnbwrPbeoyAj;0,754;0,424;2;-8,463;1;0,0363;0,643;0;0,0652;0,806;119,705;130973;4;38,40391;7;1;3
Jingle Jangle;The Archies;spotify:track:1nSZe7ly7kCTcNBkTzV40y;0,625;0,472;2;-11,18;1;0,0387;0,0368;0;0,148;0,617;109,302;162151;4;27,22585;9;1;3
John the Revelator;Harry Belafonte;spotify:track:3ik7KUcjSglcfq3JTwfttO;0,467;0,76;0;-8,546;1;0,114;0,0806;0;0,103;0,609;109,133;219627;4;54,30178;10;0;3
Joy to the World - Remastered 1997;George Frideric Handel;spotify:track:6bTfuwocfbbFDyh5iAI5JW;0,403;0,503;2;-11,173;1;0,0335;0,982;0,0338;0,428;0,446;116,728;101720;4;23,97158;8;0;3
Juan Sin Tierra;Victor Jara;spotify:track:317QQ7Q3wg3616eiVgwjEq;0,59;0,292;0;-10,665;1;0,0276;0,881;0;0,106;0,502;77,321;189103;4;63,68752;9;0;3
Juca;Chico Buarque;spotify:track:1ZCAUCIAuXS10c3sqoY66X;0,628;0,742;4;-6,674;0;0,0304;0,669;5,51E-05;0,178;0,96;150,225;106667;4;25,344;7;0;3
Jules et Thérèse;Georges Delerue;spotify:track:4NqiWLGt4Xfx1dwh9WSEuQ;0,431;0,16;0;-9,242;1;0,0351;0,958;0,721;0,259;0,185;144,208;142307;3;41,6016;6;0;3
Julia;Ramsey Lewis;spotify:track:75g38CqUeSfxh89MM1roXK;0,471;0,579;0;-12,62;1;0,0278;0,123;0,68;0,429;0,386;93,206;259360;4;41,9211;12;1;3
Just A Little Bit;Blue Cheer;spotify:track:49iKFDnxIRvohfjUlqtQmh;0,438;0,749;11;-10,815;0;0,0852;0,038;0,829;0,0762;0,567;126,825;205600;4;31,17982;10;1;3
Just A Little Bit Better;Herman's Hermits;spotify:track:3mHv5hJCuFTvz3nomrFRJz;0,622;0,644;3;-7,484;1;0,0367;0,586;0;0,0594;0,666;139,166;173653;4;20,97044;10;1;3
Just Ain't Enough Love;Eddie Holland;spotify:track:0AsLUbhdZkGn5ZIN3X81n2;0,62;0,66;5;-3,642;1;0,0342;0,283;0;0,414;0,442;65,578;146613;4;30,03767;8;1;3
Just As Much As Ever;Bobby Vinton;spotify:track:3RfkdH5PGEn0pJpbV4H8qp;0,442;0,112;1;-15,924;1;0,0298;0,883;0;0,138;0,333;85,01;140173;4;48,07596;8;1;3
Just Be Sincere;Jackie Wilson;spotify:track:0ydH7amZ8mOIVE2GIfOYx1;0,515;0,699;0;-7,316;0;0,0483;0,657;0;0,154;0,783;111,28;175400;4;34,57855;9;1;3
Just Out Of Reach (Of My Two Empty Arms);Percy Sledge;spotify:track:2vIDyd6H5Cdg1vybC8y2iV;0,374;0,148;7;-15,452;1;0,0305;0,467;7,25E-05;0,244;0,51;177,214;213573;3;29,53272;12;1;3
Kannadi Paatthiratthil;P. Susheela;spotify:track:2l3sjAtXaLUzEWa1DBwxzL;0,446;0,303;10;-12,59;1;0,0446;0,741;0,000444;0,154;0,803;104,676;189160;4;33,97979;7;0;3
Karunaamoorthiyin;Jolly Abraham;spotify:track:5ilV1Et9ICNOFjuiMfOYk2;0,657;0,383;11;-8,969;1;0,0272;0,517;0;0,199;0,744;101,849;357107;4;20,19182;20;0;3
Kay;John Wesley Ryles, I;spotify:track:0kirMU1GK9LM4PF3OhJT9p;0,526;0,216;9;-15,7;1;0,038;0,675;0;0,122;0,581;96,663;221480;4;18,24677;15;1;3
Keep On Trying;Bobby Vee;spotify:track:4mmoOJwXcf0nEH0Z2wivAV;0,498;0,527;5;-9,263;1;0,0298;0,0789;0;0,571;0,868;123,042;158267;4;31,82922;9;1;3
Kinderszenen. Op. 15: No. 1. Von fremden Ländern und Menschen;Robert Schumann;spotify:track:4vi9pBR7yJhBzGaNu0k1gj;0,374;0,00526;7;-35,546;1;0,0533;0,996;0,912;0,0735;0,386;69,813;93387;4;41,0859;5;0;3
Kinderszenen. Op. 15: No. 7. Träumerei;Robert Schumann;spotify:track:1AAC58zOWhRn1XBNMlXLzy;0,467;0,0089;5;-37,56;1;0,056;0,995;0,944;0,0742;0,373;113,843;174867;3;39,94577;9;0;3
Kiss Me Goodbye;Petula Clark;spotify:track:2kSaj8NoWz9n5ry4iMDVdz;0,361;0,428;7;-9,146;1;0,031;0,64;0;0,19;0,451;100,657;235133;4;37,67166;13;1;3
Kwa Kwa;Tito Puente;spotify:track:1UwR9MOBAuMyKePyY28LlV;0,585;0,684;7;-7,133;1;0,0346;0,764;0,00113;0,272;0,737;101,83;143327;4;27,52852;7;0;3
La chanson de Prévert;Serge Gainsbourg;spotify:track:0Y04xGwKImCqVSFZQI5All;0,533;0,194;10;-15,805;1;0,0373;0,874;8,97E-05;0,122;0,547;72,905;182013;4;34,51147;8;0;3
La compapade;Jacques Dutronc;spotify:track:1ETovVgflLJnZ3mSZ1nt1W;0,574;0,868;8;-6,697;1;0,183;0,154;0;0,747;0,638;131,177;199360;4;63,40352;9;0;3
La condanna - Remastered;Ennio Morricone;spotify:track:5Lv3BetesdK07GNYQ93LD8;0,236;0,23;4;-19,493;0;0,038;0,913;0,913;0,104;0,114;179,315;74693;4;33,47409;5;0;3
La Dama D'Arago;Joan Manuel Serrat;spotify:track:1eCLVowoqd45hHVbfKIuZ8;0,233;0,307;11;-9,149;0;0,0324;0,949;1,40E-06;0,12;0,179;137,904;206040;4;23,20874;8;0;3
La fille du régiment / Act 1: Le camarade est amoureux!;Gaetano Donizetti;spotify:track:7pC8Y9bIyyTVtZlxexofjA;0,41;0,278;5;-14,448;1;0,0486;0,964;0,0295;0,151;0,336;130,698;306067;4;49,00655;12;0;3
La fille du régiment / Act 1: Sacré nom d'une pipe!;Gaetano Donizetti;spotify:track:32q8dl829hop0fjclktr7n;0,335;0,185;7;-19,82;1;0,325;0,964;6,15E-06;0,269;0,0905;62,37;130533;3;65,09429;5;0;3
La fille du régiment / Act 2: C'en est donc fait. en mon sort va changer;Gaetano Donizetti;spotify:track:2aV97T7J3k4wU49bDtcQv9;0,256;0,122;8;-18,97;1;0,0721;0,971;0,00026;0,724;0,039;79,571;613000;4;78,1079;23;0;3
La fille du régiment / Act 2: Oui! Quand le destin. au milieu de la guerre. enfant. me jeta dans leurs bras;Gaetano Donizetti;spotify:track:7c05ZUlXxh83poeZb5atlQ;0,362;0,151;10;-17,02;1;0,0599;0,983;0,000577;0,088;0,0509;130,047;249000;3;32,82019;11;0;3
La Jaibera;Celia Cruz;spotify:track:14vI3A7Q6XBQ4f7Ma52f6P;0,721;0,535;8;-8,883;1;0,146;0,794;0;0,34;0,834;151,44;144787;4;48,32174;6;0;3
La joueuse;Michel Legrand;spotify:track:1WylHc1GvLSILDhFX8iuyG;0,535;0,235;10;-12,764;1;0,0278;0,874;2,19E-06;0,135;0,28;86,058;113827;4;17,90503;6;0;3
La Luna Siempre Es Muy Linda;Victor Jara;spotify:track:5JPqN3xVhiuxmBBEdz4f6e;0,636;0,275;10;-13,279;1;0,0597;0,89;1,82E-05;0,126;0,343;69,915;210400;4;34,70865;11;0;3
La Paloma Twist;Chubby Checker;spotify:track:7IrdWjYiRe0NiMFAYZX9IV;0,517;0,593;4;-5,658;1;0,0408;0,501;0;0,121;0,89;88,849;131520;4;77,54304;4;1;3
La recherche. pt. 2;Vladimir Cosma;spotify:track:1Xe8sU4TiQX0f3Fou3XgXL;0,237;0,32;9;-14,268;1;0,0312;0,868;0,901;0,305;0,224;84,386;110533;3;29,1982;6;0;3
La saison des pluies;Serge Gainsbourg;spotify:track:1eD4uGi3rUuA7r3NjLejqG;0,617;0,0386;10;-25,867;0;0,0411;0,922;0,0389;0,102;0,277;116,689;208493;4;24,41349;10;0;3
La Suegra (Mother in Law);Los Teen Tops;spotify:track:2VP5MCr94Weu9VEiGcNjts;0,583;0,556;8;-12,165;0;0,0339;0,372;0;0,676;0,783;133,215;150373;4;59,0632;7;0;3
La Traviata - Opera in three acts (1992 Digital Remaster). Act II: Alfredo! Voi!;Giuseppe Verdi;spotify:track:1awgBBP2D9k8LGRL9oL3FN;0,533;0,123;5;-19,255;0;0,111;0,983;4,41E-05;0,352;0,183;85,157;263373;4;35,88995;16;0;3
La Traviata - Opera in three acts (1992 Digital Remaster). Act II: Ogni suo aver tal femmina;Giuseppe Verdi;spotify:track:2cCa2u7LJ163dzv9KgdStE;0,438;0,231;0;-15,874;1;0,0733;0,973;0,0103;0,656;0,579;112,318;90533;4;22,39584;4;0;3
La Traviata - Opera in three acts (1992 Digital Remaster). Act III: Prelude;Giuseppe Verdi;spotify:track:60DLi9mTyIVu2aH3OTbMgV;0,116;0,0304;8;-26,245;1;0,0447;0,854;0,562;0,622;0,0322;80,186;266173;4;50,7939;11;0;3
La Vie En Rose;Elmer Bernstein;spotify:track:6oIiQypeixXE7p5wnpvOZg;0,6;0,184;3;-16,172;1;0,0361;0,552;0,028;0,11;0,494;142,6;135093;4;46,84338;7;0;3
La Virgen Lava Pañales;Traditional;spotify:track:6LLbwcna7OU0Pt0RW1gkpM;0,18;0,196;10;-20,103;1;0,0361;0,981;0,217;0,153;0,0621;65,829;311267;4;37,59476;15;0;3
Lady;Jack Jones;spotify:track:6N0QR1bKO0a5OROLT0MWy1;0,336;0,379;9;-12,99;1;0,0376;0,895;0,000102;0,431;0,385;92,255;164000;4;57,74347;8;1;3
L'amore Dice Ciao (Main Titles);Armando Trovajoli;spotify:track:03KBBkHF2vaeRol4Qt3ccX;0,254;0,183;5;-13,423;1;0,0356;0,568;0,03;0,0952;0,289;183,713;192467;4;22,53801;10;0;3
Lara's Theme - Rock 'n' Roll Version;Maurice Jarre;spotify:track:3IhMnU2HQsUcJrD8QNqqeZ;0,592;0,57;10;-15,243;1;0,0404;0,208;0;0,142;0,934;71,635;159267;4;73,82054;6;0;3
Largo;Paulinho Nogueira;spotify:track:3JVdP3NQGTbbnHBMErEotb;0,608;0,0113;5;-32,324;1;0,0677;0,934;0,812;0,107;0,15;115,358;175800;4;51,19907;8;0;3
Las Moscas;Joan Manuel Serrat;spotify:track:5a6kTSmChEbhY08in66WF4;0,484;0,412;2;-6,509;1;0,0345;0,855;0;0,135;0,772;135,355;142067;4;44,58351;5;0;3
Las Rejas No Matan;Javier Solís;spotify:track:4XawDdKDqVXESh3qsBjxli;0,389;0,219;5;-10,854;1;0,033;0,959;1,47E-05;0,314;0,483;111,322;188067;3;62,08163;7;0;3
Le ciel. la terre et l'eau;Vladimir Cosma;spotify:track:4et4qspgopqsETQRQ1iGZp;0,422;0,221;4;-14,568;0;0,0283;0,825;1,93E-05;0,119;0,259;96,753;152307;3;81,712;6;0;3
Le tourbillon;Georges Delerue;spotify:track:2PIGvb6Qdl9PQXmnqhbCaQ;0,606;0,236;3;-11,715;1;0,137;0,875;0;0,123;0,589;150,251;127707;3;19,07962;11;0;3
Leader Of The Laundromat;The Detergents;spotify:track:5jEsZaQqkEwJW0yovgo1h5;0,444;0,621;7;-9,138;0;0,271;0,697;2,51E-06;0,108;0,52;141,465;192293;4;65,42569;9;1;3
Leaky Faucet;Jerry Goldsmith;spotify:track:0hHm3uFWGrvs9rBHoEPXY1;0,701;0,303;3;-15,786;1;0,215;0,926;0,498;0,129;0,317;98,847;51449;4;21,79699;3;0;3
L'eclisse 10;Giovanni Fusco;spotify:track:6s3Zq8kGJ0qmXpstYuQhCi;0,307;0,000628;5;-14,298;1;0,0754;0,983;0,776;0,112;0,212;46,315;99893;4;28,79861;4;0;3
L'eclisse 12;Giovanni Fusco;spotify:track:6yO2RX7rPDO3KTCAVnelbc;0,192;0,137;8;-28,059;1;0,0401;0,93;0,855;0,0776;0,0345;90,129;103640;5;39,84075;4;0;3
L'Elisir d'amore. 'Elixir of Love' (1988 Digital Remaster). Act I: Andiam Belcore;Gaetano Donizetti;spotify:track:4gSmnV4Rc6L0rjHTqfdPDb;0,417;0,473;3;-12,245;1;0,111;0,949;0,109;0,0955;0,532;89,001;193293;4;38,25086;6;0;3
L'Elisir d'amore. 'Elixir of Love' (1988 Digital Remaster). Act I: Signor sargente;Gaetano Donizetti;spotify:track:17IP0urM33tOqR7BFuBRCT;0,507;0,384;8;-15,961;1;0,13;0,96;2,26E-05;0,234;0,322;93,21;158667;4;86,82033;6;0;3
Leopard-Skin Pill-Box Hat;Bob Dylan;spotify:track:6aeOSY6fPsvGTzyXi65pNY;0,572;0,593;2;-8,639;1;0,0321;0,304;1,14E-06;0,106;0,968;97,475;236333;4;29,83211;13;1;3
Les Alpes: Les glaciers;Jean Prodromidès;spotify:track:27ekjcU6rH3tvMOQbUrkti;0,192;0,197;1;-14,803;0;0,0347;0,9;0,194;0,31;0,0368;113,336;283573;4;59,41796;16;0;3
Let It Out (Let It All Hang Out);The Hombres;spotify:track:2WEuOkrct2jGDHkBYVCkmZ;0,604;0,505;9;-12,404;1;0,0487;0,146;0,000286;0,0975;0,707;121,588;124080;4;40,20506;7;1;3
Let Me Be The Man My Daddy Was;The Chi-lites;spotify:track:4eBKiYjrQpB6io7fzcqjIs;0,512;0,359;7;-14,162;1;0,0241;0,742;0,00382;0,399;0,598;89,121;208707;3;34,46619;11;1;3
Let Me Be The One;The Paris Sisters;spotify:track:3VLQ3mwAs0vOSXlUFDTnyd;0,198;0,43;11;-10,538;1;0,0385;0,965;2,28E-05;0,193;0,349;176,89;155493;3;25,97283;9;1;3
Let The Good Times Roll;Shirley & Lee;spotify:track:2ePDfIXoP2HmC1hfsujb2J;0,502;0,445;1;-9,562;1;0,0688;0,481;0;0,0823;0,939;140,988;145653;4;18,90465;6;1;3
Let The Good Times Roll & Feel So Good;Bunny Sigler;spotify:track:42BaDyvQp6yBrr56xoO1wM;0,752;0,744;7;-7,842;1;0,0653;0,17;3,98E-05;0,463;0,886;143,486;175467;4;41,17645;11;1;3
Let's Twist Again;Chubby Checker;spotify:track:1INWPr855fwWdAOeecbu0W;0,604;0,709;8;-6,377;1;0,158;0,0987;0;0,0551;0,907;167,832;137360;4;38,78992;9;1;3
Libra;Max Roach;spotify:track:64KJlRhJmdws647AvXw3mX;0,44;0,677;3;-10,694;0;0,263;0,125;0,00428;0,343;0,687;145,782;295544;4;32,83139;13;0;3
Life;Sly & The Family Stone;spotify:track:5Urq07KXG79DCGsEFRulmp;0,692;0,641;0;-9,621;1;0,0603;0,265;0,000473;0,0642;0,848;121,276;180933;4;19,1357;10;1;3
Like A Rolling Stone;Bob Dylan;spotify:track:3AhXZa8sUQht0UEdBJgpGc;0,483;0,721;0;-6,836;1;0,032;0,729;0;0,189;0,562;95,261;369600;4;41,44029;14;1;3
Ling-Ting-Tong;Buddy Knox;spotify:track:0WFi7WfDuy9aT14KC5Aucu;0,685;0,677;11;-11,172;1;0,0606;0,772;0,00377;0,133;0,901;133,75;128067;4;49,2066;6;1;3
Listen People;Herman's Hermits;spotify:track:4S0W8LNfBur0HguAqspGXf;0,482;0,315;9;-8,763;1;0,0374;0,806;1,53E-06;0,331;0,409;119,614;149733;4;39,93153;8;1;3
Listen To The Band;The Monkees;spotify:track:09tyJ0VvbLty84iHIV3WQn;0,26;0,659;2;-8,98;1;0,0625;0,116;2,95E-05;0,499;0,538;184,38;149107;4;63,51709;5;1;3
Little Band Of Gold;James Gilreath;spotify:track:2nbjeVm12uDzSlG3Nywqsc;0,571;0,597;3;-7,616;1;0,052;0,595;0;0,0781;0,824;106,608;142829;4;42,0248;7;1;3
Little Boxes;Pete Seeger;spotify:track:4VJrTc5QPr13zgkwxaTjjN;0,775;0,194;5;-16,883;1;0,0731;0,941;0,00685;0,195;0,783;120,764;114773;3;30,05331;7;1;3
Little Darling. I Need You;Marvin Gaye;spotify:track:4oNfPaPE8CZpJZ1m9xJovG;0,741;0,602;0;-10,458;1;0,0374;0,26;0;0,0951;0,837;130,1;155027;4;41,46711;7;1;3
Little Girl;Syndicate Of Sound;spotify:track:3UxZw2CfZ3dmNIii4CxMtG;0,587;0,608;2;-10,425;1;0,0291;0,0492;0,000338;0,217;0,726;90,528;147827;4;25,31822;11;1;3
Little Green Apples;O.C. Smith;spotify:track:40uG3QadBzPpToV2FbPtuF;0,451;0,358;6;-17,064;1;0,0517;0,556;4,44E-06;0,102;0,421;168,147;250594;4;33,10347;12;1;3
Little Green Apples;Roger Miller;spotify:track:1HjGctfkZjMHOEMJe9I755;0,534;0,115;0;-22,465;1;0,0467;0,876;0,00912;0,118;0,364;101,586;157760;4;49,36218;9;1;3
Little Queenie;Bill Black's Combo;spotify:track:0YkUuxTaLCYORCcvufbzuh;0,725;0,772;5;-8,814;1;0,0354;0,423;0,701;0,06;0,947;142,601;128373;4;72,64744;5;1;3
Little Red Rented Rowboat;Joe Dowell;spotify:track:6ST7lA0LHEzG9OFqoEfdy5;0,757;0,601;0;-9,295;1;0,0395;0,806;3,24E-06;0,179;0,89;83,957;150640;4;38,68454;9;1;3
Little Sister;Elvis Presley;spotify:track:5jRnmQJAwBbtikNcvYbp3B;0,602;0,619;9;-11,751;1;0,0768;0,434;0;0,364;0,902;139,6;151387;4;32,46582;8;1;3
Llanto De Luna;Tito Rodriguez;spotify:track:1kj7zHhEZWh3SBUoLLqeJ8;0,326;0,457;4;-8,162;0;0,0287;0,555;2,05E-06;0,389;0,378;89,877;148213;4;35,07673;9;0;3
Llegó El Sonero;Tito Rodriguez;spotify:track:76OEDfseNxiMp0q7djXNTQ;0,673;0,645;5;-5,813;1;0,0517;0,74;0;0,253;0,947;99,683;168627;4;21,58362;8;0;3
Lo Siento por Ti;Vicente Fernández;spotify:track:4eKnWi5HOgT7olLl28qISr;0,559;0,429;5;-6,145;1;0,0271;0,54;2,58E-05;0,147;0,791;103,976;145613;4;39,83554;6;0;3
Loddy Lo;Chubby Checker;spotify:track:2CoFxvhk2uGUv2ZpQBtRKq;0,66;0,642;5;-7,109;1;0,0407;0,139;0;0,0652;0,943;174,249;131133;4;43,49126;6;1;3
Lonely Little Girl;Frank Zappa;spotify:track:395nYO9cxtDIzRq1o4lp3q;0,463;0,463;8;-12,178;1;0,0349;0,616;0,00157;0,584;0,811;109,603;69827;4;21,74699;5;0;3
Lonely Winds;The Drifters;spotify:track:4eXw75zmi8x2Rz27tFyiHL;0,49;0,842;10;-5,614;1;0,0432;0,577;0;0,311;0,833;171,82;167333;4;40,28555;10;1;3
Long Live Love;Sandie Shaw;spotify:track:7007XzDvqzxH3pl84LkS9z;0,534;0,468;0;-8,76;1;0,0571;0,599;0;0,237;0,898;151,58;162133;4;35,69243;10;1;3
Look For A Star;Deane Hawley;spotify:track:12JcJfzNkD2IOsp0MazlNY;0,654;0,221;8;-14,615;1;0,0339;0,883;0,00249;0,0946;0,684;105,345;129187;4;56,7443;6;1;3
Los decorados;Patxi Andion;spotify:track:6jLOiCEc4HLtvy5jquauVV;0,43;0,685;6;-5,048;0;0,0438;0,636;0;0,126;0,646;133,476;105200;4;27,02545;5;0;3
Los pelegrinitos;Traditional;spotify:track:5KpQDJvrR0CDIviQ7ODZJ3;0,485;0,0714;7;-19,614;1;0,0824;0,983;0;0,106;0,27;106,763;204533;3;40,61354;9;0;3
Love Bones;Johnnie Taylor;spotify:track:4QscbhPWgoercB4xv645QE;0,505;0,338;10;-17,295;0;0,0539;0,723;2,68E-05;0,0635;0,942;207,552;245627;4;36,21784;12;1;3
Love Child;Diana Ross & The Supremes;spotify:track:69EILuL34ggLWQsa626bes;0,574;0,96;9;-0,81;0;0,0455;0,125;2,27E-05;0,23;0,65;105,008;181573;4;48,79365;7;1;3
Love Is All We Need;Mel Carter;spotify:track:2XdDxK8mLhaOdXPBpMxOkV;0,376;0,456;4;-8,367;1;0,0357;0,644;0;0,215;0,512;80,843;109333;4;40,02393;7;1;3
Love Poems: Love's Progress / The Surly One / The Swan / Memory;Theodore Roethke;spotify:track:0CtOJcvo44QgLYZX0m1A3Y;0,696;0,0453;3;-24,822;0;0,483;0,974;0;0,13;0,356;108,182;226427;4;32,26065;9;0;3
Love Will Find A Way;Jackie DeShannon;spotify:track:4QU9f1lOmTHwIyH0YbbX67;0,653;0,376;0;-14,969;1;0,0357;0,818;0,336;0,122;0,855;114,273;159867;4;39,27973;8;1;3
Lovey Dovey Kinda Lovin';Brenton Wood;spotify:track:52FrlMkSp2fhtR5DRzg4AL;0,833;0,625;10;-6,866;0;0,0438;0,407;0,000109;0,0929;0,953;107,659;125640;4;32,87923;7;1;3
Lovey Dovey/You're So Fine;Bunny Sigler;spotify:track:4kUeOk4ahu7glmZtJjrVsO;0,623;0,857;2;-3,436;1;0,0367;0,148;4,18E-06;0,0976;0,968;138,837;173467;4;24,09741;9;1;3
Lovin' Things;The Grass Roots;spotify:track:0TuKNCKzfswl6lLyeEtDGr;0,531;0,555;1;-12,952;1;0,0471;0,0395;0,616;0,0701;0,833;131,166;156755;4;60,7789;7;1;3
Lucille;The Everly Brothers;spotify:track:5C9ZW69WIoyEGg7QGJaIWI;0,522;0,672;0;-12,882;1;0,0393;0,479;0,000584;0,0853;0,965;124,165;152067;4;74,47293;6;1;3
Lullaby Of The Leaves;The Ventures;spotify:track:1GeEjqxTc0u7yyMv5SeHBq;0,381;0,552;9;-15,091;0;0,032;0,661;0,811;0,282;0,965;159,946;118960;4;33,42258;7;1;3
Luzia Luluza;Gilberto Gil;spotify:track:06Wi6r0WuJcnTusMM3naJs;0,328;0,385;4;-12,011;1;0,0361;0,784;0,00159;0,913;0,462;120,918;242560;3;32,86966;14;0;3
Macaco De Cheiro;Marinês E Sua Gente;spotify:track:46oGkpHEL1eRbCN9nyBCep;0,558;0,931;4;-7,972;1;0,0573;0,382;0;0,117;0,925;180,444;116160;4;24,43146;6;0;3
Mack The Knife;Bobby Darin;spotify:track:3E5ndyOfO6vFDEIE42HA8o;0,549;0,529;3;-12,291;0;0,108;0,76;0;0,206;0,464;82,755;184333;4;36,94589;7;1;3
Mad Man Blues;Silver Apples;spotify:track:1wTyFHQbSyGrDGI67toMDL;0,596;0,714;9;-11,522;0;0,18;0,743;0,0767;0,226;0,961;121,665;194947;4;24,8343;9;0;3
Madama Butterfly (1986 - Remaster). Act I: Dovunque al mondo (Pinkerton/Sharpless/Goro);Giacomo Puccini;spotify:track:37RWD9VKhIMyePuCK6E8BF;0,317;0,149;1;-16,821;1;0,0377;0,984;0,002;0,197;0,184;130,241;247040;3;44,84734;10;0;3
Madama Butterfly (1986 - Remaster). Act I: Questa è la cameriera (Goro/Pinkerton/Suzuki/Sharpless);Giacomo Puccini;spotify:track:5kFWXm3IN8ZXbQCrrNj7Cx;0,387;0,172;0;-18,885;1;0,0562;0,961;3,23E-05;0,292;0,346;97,807;276227;3;25,99117;14;0;3
Madama Butterfly (1986 - Remaster). Act I: Vogliatemi bene. un bene piccolino (Pinkerton/Butterfly);Giacomo Puccini;spotify:track:7jL7oBA9lzZWYsmyT7QDHM;0,157;0,249;5;-12,711;1;0,0368;0,974;0,00299;0,139;0,0395;87,254;480693;3;31,53387;21;0;3
Madama Butterfly. Act I: Quanto cielo!....Ancora un passo or via (Coro/Butterfly/Sharpless) - 1986 Remastered Version;Giacomo Puccini;spotify:track:5uHVRtAGXKZE7GTIABf9P7;0,145;0,187;6;-17,613;1;0,0404;0,942;0,00277;0,0958;0,039;86,726;226333;4;40,63766;9;0;3
Madama Butterfly. Act II: Che tua madre dovrà (Butterfly);Giacomo Puccini;spotify:track:7JAjYJgGt71amxdHQy340u;0,274;0,218;8;-14,442;0;0,0396;0,919;0,00104;0,124;0,0649;106,902;177267;5;19,51007;11;0;3
Madama Butterfly. Act II: Glielo dirai? (Kate. Suzuki. Butterfly);Giacomo Puccini;spotify:track:35RpFUhZAWdM2eROPCIDzi;0,384;0,119;0;-18,576;0;0,0514;0,964;6,25E-06;0,331;0,0375;60,444;139093;4;41,90036;7;0;3
Madama Butterfly. Act II: Or vienmi ad adornar (Suzuki. Butterfly);Giacomo Puccini;spotify:track:3L1N3o2OiYgcyJUovwPl0p;0,26;0,0248;4;-24,431;0;0,0421;0,979;0,000378;0,228;0,0371;105,846;335867;4;49,09065;15;0;3
Madama Butterfly. Act II: Povera Butterfly (Suzuki. Sharpless. Butterfly);Giacomo Puccini;spotify:track:3mbQhsLHqmwMXwtU1iedXr;0,377;0,126;0;-20,972;1;0,0469;0,943;2,28E-05;0,272;0,223;59,856;159240;3;57,11172;8;0;3
Madama Butterfly. Act II: Un bel dì vedremo (Butterfly);Giacomo Puccini;spotify:track:1ZYWWz6ADzrCazzGFWbOOf;0,155;0,187;6;-13,774;1;0,046;0,984;0,00332;0,0888;0,0663;59,906;276040;4;21,59284;13;0;3
Maily's Abduction;Jerry Goldsmith;spotify:track:1yMQcDbvEIfCAFwLlE1pNd;0,204;0,139;11;-20,115;1;0,0485;0,895;0,391;0,179;0,0767;121,076;158599;5;58,06087;8;0;3
Main Title;Jerry Goldsmith;spotify:track:62Jkz8g7rHgJvpf18Z1HD2;0,319;0,249;1;-15,223;1;0,0493;0,862;0,0265;0,091;0,231;66,286;183096;4;81,66381;5;0;3
Main Title;Michel Legrand;spotify:track:3diG12GTDpq5jp308X8Pss;0,315;0,63;11;-10,128;0;0,0419;0,705;0,762;0,434;0,628;107,436;144914;4;56,193;7;0;3
Mairzy Doats;The Innocence;spotify:track:3mabymD8ortwKJfJQ6nVR2;0,78;0,559;7;-11,206;1;0,0653;0,796;0;0,284;0,958;113,892;100493;4;28,33061;5;1;3
Make Me Forget;Bobby Rydell;spotify:track:6DbFaoM3IQzZpZyiNuZJca;0,368;0,864;6;-5,926;1;0,172;0,185;0;0,249;0,689;170,335;140000;4;23,19973;9;1;3
Make The World Go Away;Eddy Arnold;spotify:track:6drEsDrLJEeRJwGwgPgmJU;0,213;0,213;1;-11,896;1;0,0345;0,882;3,16E-05;0,0633;0,519;206,983;161533;3;43,24703;9;1;3
Maldonne;Vladimir Cosma;spotify:track:72kHIsQ7O31dNB15FWiarr;0,251;0,293;10;-14,754;0;0,0286;0,811;0,966;0,0853;0,313;99,415;134960;4;23,69638;8;0;3
Mama Said;The Shirelles;spotify:track:5sGeyWYDvUIF7QjERNCY7L;0,604;0,591;8;-6,874;0;0,0614;0,704;0;0,47;0,829;140,558;130893;4;56,76901;6;1;3
Mame;Herb Alpert & The Tijuana Brass;spotify:track:2xPtKy64Fu3T87e5AWtVI9;0,71;0,567;4;-9,394;0;0,0399;0,481;3,34E-06;0,0784;0,749;149,319;127293;4;38,99697;6;1;3
Marche des grooms;Michel Legrand;spotify:track:0ZrAMTKXXOtxxFVGJqrWXY;0,633;0,504;1;-11,59;1;0,0437;0,774;3,41E-06;0,284;0,95;123,219;59598;4;35,55979;3;0;3
Marcia - Marcetta;Ennio Morricone;spotify:track:68x0AP99Y1CAXH8hIgd0uC;0,122;0,331;11;-12,269;0;0,0339;0,824;0,453;0,105;0,0361;59,859;172200;4;70,61536;6;0;3
Mare delle Baleari - Tranquillo 2 version;Benedetto Ghiglia;spotify:track:07GGc8DtrHTBD1soMi0Qvi;0,196;0,521;9;-11,724;1;0,0373;0,72;0,00352;0,133;0,448;88,062;129400;4;49,23856;6;0;3
Maria (Me Perdoa Maria);Gilberto Gil;spotify:track:2HUm3TBjt5tpTqLlukmZLm;0,247;0,135;4;-17,745;0;0,03;0,828;0,00052;0,151;0,194;88,427;157240;3;25,26911;9;0;3
Mariposa Fugaz;La Sonora Santanera;spotify:track:4cMQm7D2IiLbmhlgXpzaOw;0,747;0,341;1;-7,673;0;0,0426;0,657;0,000191;0,32;0,515;106,518;188693;4;29,0151;10;0;3
Mashed Potato Time;Dee Dee Sharp;spotify:track:6jouZcdraQvsbh7SWkLEui;0,674;0,473;2;-7,193;1;0,0362;0,0705;4,79E-05;0,0593;0,847;125,046;150867;4;20,23706;9;1;3
Me Deixe em Paz (You Better Move On);Leño;spotify:track:7AxAfnfVNglAwIWQ3zszWK;0,551;0,399;4;-10,32;1;0,0288;0,581;0;0,24;0,786;123,569;146173;4;44,3054;7;0;3
Me Está Doliendo...Su Ausencia;Javier Solís;spotify:track:3RHH0Yk5qOLF6dSPvlRDsx;0,399;0,262;2;-10,71;1;0,0301;0,773;4,53E-06;0,119;0,581;99,288;183307;4;54,84625;8;0;3
Me Recordarás;Javier Solís;spotify:track:7BUZv6GsSS80O7P4WJuISA;0,644;0,288;0;-12,353;1;0,0298;0,825;0,000776;0,105;0,863;105,608;176587;4;49,00853;9;0;3
Mecca;Gene Pitney;spotify:track:554eZbFJX1IS8S5O2PKPzr;0,501;0,741;2;-8,5;0;0,0423;0,836;0,00162;0,407;0,801;140,155;139733;4;38,99974;8;1;3
Medley: Hark. The Herald Angels Sing / O Come All Ye Faithful - Instrumental;John Fahey;spotify:track:1YJSMIMFVz7n1a5JhsTXbd;0,358;0,352;0;-11,467;1;0,04;0,717;0,895;0,328;0,808;135,425;190467;4;34,32962;11;0;3
Medley: Mode D-Trio and Group Dancers/Mode E- Single solos and Group Dance/ModeF-Group and Solo Dance;Charles Mingus;spotify:track:6La6a40pMKEoxtpmruuzaP;0,304;0,519;8;-8,825;1;0,0359;0,21;0,00187;0,221;0,294;101,289;1119400;4;41,68337;41;0;3
Melody Twist;Lord Melody;spotify:track:6uk8tI6pwxxdVTNlNOJeJh;0,657;0,649;5;-13,392;1;0,038;0,846;4,42E-06;0,119;0,908;115,94;223960;4;37,22663;12;0;3
Men Are Gettin' Scarce;Joe Tex;spotify:track:5MrmMiU440CvGVgegeZx9g;0,641;0,618;11;-13,79;1;0,0669;0,148;0;0,761;0,862;101,047;192838;4;40,49375;8;1;3
Mensajes de Amor de Curso Legal;Joan Manuel Serrat;spotify:track:1wuMJMkoAttT2e6pZdilEq;0,611;0,43;10;-7,799;1;0,0404;0,495;0;0,165;0,454;116,901;231373;3;27,28559;12;0;3
Mercy. Mercy. Mercy;Cannonball Adderley;spotify:track:6NF8MZ2trxckVBr82pyyPt;0,544;0,425;10;-10,231;1;0,0346;0,719;0,0186;0,964;0,348;84,443;313200;4;31,6202;16;1;3
Mercy. Mercy. Mercy;Marlena Shaw;spotify:track:01slhbkp1vxXKC9lDO6zxp;0,482;0,484;10;-8,987;1;0,0468;0,412;0;0,0672;0,56;170,548;186240;4;34,36564;11;1;3
Merrily We Roll Along;Lord Invader;spotify:track:7zxy71DvXlnUfmVAeOfaru;0,689;0,399;3;-14,431;0;0,0623;0,839;8,51E-06;0,0893;0,789;117,615;256453;4;44,40562;11;0;3
Mexican Highway;Syd Dale;spotify:track:0uEG7TrRwIdyyJsFX7nIJT;0,78;0,429;0;-11,808;0;0,0445;0,217;0,0247;0,11;0,904;146,477;159418;4;25,37664;8;0;3
Mi Bomba Sonó;Celia Cruz;spotify:track:7aNjMJ05FvUXACPWZ7yJmv;0,59;0,545;7;-12,058;0;0,104;0,706;0,0246;0,061;0,967;105,592;157907;4;24,75484;8;0;3
Mi Habana Cuando Te Vuelva A Ver;Miguelito Valdes;spotify:track:4bfum6HmDExqUf5OuuYkp3;0,425;0,338;3;-9,712;1;0,0282;0,842;5,21E-05;0,198;0,391;82,391;188826;4;43,5255;7;0;3
Mickey's Son And Daughter - 2007 Remastered Version;The Bonzo Dog Band;spotify:track:4aQKBKuMivqvxFmmOPUV9T;0,754;0,609;9;-12,203;0;0,128;0,512;3,56E-05;0,242;0,899;113,083;161427;4;35,72071;10;0;3
Minha Fama de Mau;Erasmo Carlos;spotify:track:3tHurX99IN0Ymshqan7kjg;0,567;0,587;9;-11,83;1;0,0351;0,684;0;0,121;0,974;145,816;156493;4;62,95989;6;0;3
Miniland 1;François de Roubaix;spotify:track:2FgWLZz1kXQ2FPr0lClxCa;0,567;0,574;10;-10,011;1;0,0462;0,0035;0,732;0,0775;0,883;159,349;113253;4;64,83294;4;0;3
Mini-Skirt Minnie;Wilson Pickett;spotify:track:7p7kHvFpphFrlZvgKUhclw;0,68;0,648;9;-9,482;1;0,0749;0,193;0,000124;0,0419;0,827;97,7;179200;4;33,01747;8;1;3
Mis Blues;Krokodil;spotify:track:5zJZCIOnLzpQPqyDBWn4Yh;0,312;0,851;9;-7,262;1;0,0477;0,122;0,102;0,28;0,387;139,361;202693;4;77,76535;8;0;3
Mississippi River Blues;Bob Wills;spotify:track:2RYcc5BtFsYMxuvIrOoz8B;0,597;0,29;2;-9,367;1;0,0507;0,821;0;0,287;0,377;107,706;179733;4;18,3724;10;0;3
Mokka Jonna Thotalo;P. Susheela;spotify:track:7hk3WgbCg8onYoxb0Ujaq9;0,62;0,599;5;-4,746;1;0,28;0,899;0,00182;0,156;0,835;157,555;273920;3;40,2211;12;0;3
Money;The Kingsmen;spotify:track:4OncTbCLRRozq30FZfx2Tc;0,549;0,706;11;-10,06;1;0,0341;0,747;0,00889;0,142;0,975;135,905;139546;4;34,89173;6;1;3
Monster Jerk;Don Hinson & The Rigamorticians;spotify:track:38msvY0YM5WF6k6xFAK9Bx;0,598;0,472;0;-12,547;1;0,0427;0,626;0;0,0383;0,72;110,785;127572;4;27,39321;7;0;3
Monster Monkey;John Zacherle;spotify:track:075zZ23M65dcBFHBbPjMsc;0,624;0,83;5;-4,854;0;0,151;0,618;0;0,187;0,828;87,597;131093;4;20,63379;7;0;3
Monster Motion;"""Bobby """"Boris"""" Pickett""";spotify:track:6KQm6pnEA12Z4bAzhTYxLy;0,702;0,374;7;-13,751;1;0,172;0,498;0;0,0552;0,848;134,625;152733;4;18,75632;9;0;3
Montague Terrace (In Blue);Scott Walker;spotify:track:0X7N5udP0MTvfsikLHfHrR;0,427;0,14;9;-19,857;0;0,034;0,549;1,03E-06;0,0443;0,293;137,787;207293;4;70,51508;8;0;3
More;Vic Dana;spotify:track:1bltfamMcxuxLvw6VzEYDC;0,295;0,478;11;-7,98;0;0,0327;0,76;0;0,304;0,481;101,05;141333;3;79,81806;7;1;3
Morning;Sérgio Mendes;spotify:track:4Su3Mwzr9RylvksIwYpby7;0,569;0,369;10;-10,48;0;0,0269;0,491;7,90E-05;0,103;0,562;113,486;158093;4;26,28277;9;0;3
Mother-In-Law;Ernie K-Doe;spotify:track:39h384i9hij2H9Qtl9XUuu;0,81;0,524;7;-9,77;0;0,0339;0,77;1,03E-05;0,161;0,949;130,214;153093;4;32,41693;8;1;3
Motherly Love;Frank Zappa;spotify:track:4Rwkzi8W3B8CCqsWgbffqv;0,441;0,603;2;-11,486;1;0,0392;0,12;0;0,247;0,714;128,585;165600;4;75,64807;8;0;3
Mr Bumble;Syd Dale;spotify:track:484Dsk53n7WqxvWZqhmX0x;0,435;0,656;0;-6,219;1;0,0931;0,826;0,842;0,207;0,571;130,967;146373;4;58,22642;7;0;3
Mr. Custer;Larry Verne;spotify:track:54UFvpOyoqlUu7N09UymMz;0,697;0,697;4;-4,863;0;0,0537;0,707;8,72E-05;0,156;0,582;108,5;184867;4;25,76971;8;1;3
Mrs. Robinson;Simon & Garfunkel;spotify:track:0iOZM63lendWRTTeKhZBSC;0,606;0,457;6;-14,035;0;0,0497;0,713;2,53E-05;0,0747;0,813;92,033;244027;4;32,35909;13;1;3
Music for Percussion (Nos. 8 - 13);Laurie Johnson;spotify:track:5F3WKVDFB7DoYpLQoHrAKF;0,258;0,157;1;-20,216;1;0,045;0,864;0,686;0,0991;0,0349;88,944;183828;3;56,343;6;0;3
Mustang Sally;Wilson Pickett;spotify:track:5Sz09kaSzvpTC8lgm5W8Mt;0,725;0,327;0;-17,714;1;0,0387;0,113;0,326;0,214;0,688;110,438;187760;4;27,65453;11;1;3
My Balloon's Going Up;Archie Bell & The Drells;spotify:track:2XYSkO6GWk1ZpINrFBsLWc;0,536;0,784;2;-8,569;1;0,0437;0,256;1,20E-05;0,576;0,797;81,638;147667;4;36,49136;7;1;3
My Block;The Four Pennies;spotify:track:6eESmZIEy6BWDBLgzidjtu;0,551;0,477;11;-11,067;1;0,0297;0,513;3,70E-05;0,185;0,618;104,612;161467;4;23,89738;9;1;3
My Boomerang Won't Come Back;Charlie Drake;spotify:track:115WODgX0QxVa8Zn7MTSk2;0,48;0,535;11;-11,402;1;0,846;0,742;0;0,138;0,697;201,106;220173;4;72,19722;7;1;3
My Empty Arms;Jackie Wilson;spotify:track:7CHmNiReghVLKbD032HHwz;0,356;0,45;6;-6,677;1;0,03;0,924;0,000206;0,128;0,313;74,4;172453;4;18,25243;13;1;3
My Home Town;Paul Anka;spotify:track:75wzEkDy6NnSj692dA99ip;0,79;0,514;11;-10,743;0;0,0362;0,223;0;0,14;0,962;117,022;126293;4;29,73541;8;1;3
My Lover's Prayer;Otis Redding;spotify:track:23DITgKYutJaurSN3EAZ2Z;0,688;0,224;9;-13,569;1;0,0466;0,847;6,56E-05;0,3;0,522;123,452;191053;3;46,02772;10;1;3
My Song;Aretha Franklin;spotify:track:2vn07tyGKthmxKx9H2qjyF;0,458;0,25;1;-8,087;1;0,0324;0,461;0;0,136;0,412;121,074;209080;3;29,1455;12;1;3
My Whole World Ended (The Moment You Left Me);David Ruffin;spotify:track:09VbZ87CD4kGyQ9QBrnziC;0,567;0,667;5;-9,419;1;0,0411;0,00632;0;0,0306;0,849;110,152;212773;4;30,77587;11;1;3
My Yiddische Momme;Jiří Malásek;spotify:track:567X9aarO9aWg3c7nJAjNu;0,294;0,316;7;-9,903;0;0,0258;0,796;0,246;0,434;0,2;82,121;218920;4;78,21838;10;0;3
Na Na Hey Hey Kiss Him Goodbye;Steam;spotify:track:1mrSHPNTDdMkXpR4BiSiD7;0,637;0,916;7;-6,95;1;0,0458;0,0139;2,27E-05;0,21;0,506;114,987;247173;4;43,50466;8;1;3
Nachrichten aus Cannabistan;Amon Düül;spotify:track:6SujjFULFV03IR93WOiGuE;0,54;0,395;6;-23,413;1;0,0437;0,948;0,913;0,139;0,563;110,778;193053;4;55,49297;7;0;3
Nadine (Is It You?);Chuck Berry;spotify:track:1v8oUOlXSyCnu47G3kjILN;0,712;0,771;5;-8,83;0;0,0449;0,723;1,53E-05;0,116;0,959;140,692;153693;4;29,96635;10;1;3
Não Vá Se Perder Por Aí;Os Mutantes;spotify:track:4fM2DdT03XruTYZfIvALUv;0,322;0,925;4;-3,266;1;0,196;0,487;0;0,34;0,596;169,618;196053;4;28,70272;11;0;3
Nearer To You;Betty Harris;spotify:track:247LjOYYHS4qdiv9u1FOxH;0,52;0,272;2;-9,158;0;0,0263;0,673;0,000416;0,133;0,471;144,358;173336;3;24,60945;10;1;3
Negrura;La Lupe;spotify:track:3Zl84mwg8DQSi3HM9WRy01;0,602;0,578;3;-6,251;1;0,0309;0,782;3,59E-05;0,252;0,885;113,793;156493;4;30,08806;6;0;3
Never Comes The Day;The Moody Blues;spotify:track:3jTVFIyNFqQmgniYhKfFqW;0,281;0,418;7;-11,111;1;0,0307;0,625;0,0105;0,462;0,18;106,518;283693;4;19,41026;13;1;3
Niepotrzebna podróż;Wanda Warska;spotify:track:1z6X00if9ynCiKGvIn1kVI;0,443;0,359;11;-13,26;0;0,0489;0,826;0;0,137;0,487;75,733;197732;4;58,73812;10;0;3
Ninna Nanna per Adulteri - Version 2;Ennio Morricone;spotify:track:3K3nTjjIzBShoFAaHLwrl8;0,245;0,229;7;-4,989;1;0,0286;0,995;0,0736;0,123;0,252;90,589;246973;4;38,64846;9;0;3
Ninna Nanna per Lisa;Maurice Jarre;spotify:track:6UhvwcR4ZnLuKHOKSr9G7k;0,401;0,372;7;-9,119;1;0,0241;0,853;0,0741;0,117;0,254;77,595;202587;4;30,47555;9;0;3
No Good To Cry;The Wildweeds;spotify:track:7mnlWaXynCtCo1I0DiINXA;0,496;0,599;2;-6,639;0;0,034;0,504;0;0,176;0,709;170,326;162920;4;28,07337;8;1;3
No Juegue Con El Diablo;Tito Puente;spotify:track:1FD1US5hE1x6peLUMn6R8R;0,648;0,723;5;-6,521;0;0,0497;0,38;0,00063;0,0981;0,878;98,585;165693;4;22,47513;8;0;3
No Me Quieras Tanto;Chucho Avellanet;spotify:track:0apVllzMCIY9sj2uOomae1;0,182;0,379;0;-9,356;1;0,0321;0,812;0;0,644;0,363;170,953;180560;3;33,75762;12;0;3
Not So Sweet Martha Lorraine;Country Joe & The Fish;spotify:track:1JMJZYMdMY3Wl4WAAejSj6;0,525;0,374;4;-13,045;1;0,0346;0,331;0;0,0775;0,344;110,305;264000;4;39,71689;14;1;3
Nothing But Heartaches;The Supremes;spotify:track:3ZmUwVr5MlayCju9FzAgVL;0,579;0,554;5;-8,896;1;0,0286;0,084;0;0,219;0,491;124,067;177867;4;32,6183;8;1;3
Nueva Vida;Tito Puente;spotify:track:6I0989n6jXabSBEQhBYVEx;0,445;0,333;7;-8,364;0;0,0311;0,792;0;0,153;0,227;81,108;187538;4;59,93704;6;0;3
Nutcracker Suite. Op. 71a: Danse Russe - Trépak (Russian Dance). Tempo di trepak. molto vivace;Pyotr Ilyich Tchaikovsky;spotify:track:5PvDrqsG0ek2eaXMjzr8Nn;0,472;0,0552;4;-31,676;0;0,0321;0,915;0,944;0,353;0,108;129,602;100960;4;30,6908;5;0;3
Nylon;Lord Melody;spotify:track:4iw6kHqhczn1mEwSsnXu9R;0,502;0,666;5;-12,483;1;0,0774;0,765;2,92E-06;0,256;0,923;100,746;164947;4;23,25319;9;0;3
O Circo;Nara Leão;spotify:track:06H6kVmTz7xjzIpMQPYcyN;0,512;0,331;0;-11,183;1;0,0771;0,678;0;0,295;0,723;163,966;198600;4;36,58529;12;0;3
O Diamante Cor de Rosa - Versão remasterizada;Roberto Carlos;spotify:track:5Q40ASMrGNUv4vcdoKqSSH;0,317;0,23;9;-12,902;0;0,0316;0,146;0;0,158;0,199;75,32;198733;4;39,17834;9;0;3
O Sol Se Põe no Horizonte ( I'll be On My Way);Leno e Lilian;spotify:track:05yfnkp8oDLVkaH4WYXR95;0,613;0,78;4;-5,411;1;0,0309;0,291;8,88E-06;0,0546;0,912;133,587;109040;4;19,44249;8;0;3
O Velho Homem do Mar - Versão remasterizada;Roberto Carlos;spotify:track:4Kr0Q5hCsj6hCAYrh1m4x8;0,672;0,435;6;-10,059;1;0,0304;0,304;0,000103;0,186;0,628;98,022;115240;4;22,07485;7;0;3
O World / Morning Worship / Prophet;Mark Van Doren;spotify:track:7eAyi5y7Q0bR0vQ3aiSbvi;0,743;0,08;1;-22,528;1;0,902;0,814;7,89E-05;0,181;0,513;79,339;191440;1;37,44281;10;0;3
Objeto Semi-Identificado;Gilberto Gil;spotify:track:5eCyely9scHFJSbCDQytau;0,414;0,623;5;-17,217;1;0,508;0,78;1,34E-06;0,661;0,411;135,053;317947;3;72,36931;11;0;3
Oceanic Beloved;Alice Coltrane;spotify:track:69mAn1RAZFVXltenZqrMKB;0,23;0,454;9;-15,639;1;0,074;0,705;0,00028;0,132;0,375;69,687;261760;3;24,82489;15;0;3
Oh Yeah;The Shadows Of Knight;spotify:track:55TAMPcVRoKJMAge37tkhr;0,658;0,405;9;-9,438;1;0,0356;0,242;6,57E-05;0,0943;0,666;119,878;168293;4;66,15212;10;1;3
Ojitos Verdes;Victor Jara;spotify:track:5QI2w79zmjbsHirLRipucg;0,718;0,572;11;-9,709;0;0,0603;0,903;3,37E-05;0,0816;0,684;133,386;230087;3;25,52221;10;0;3
Olvídame;Tito Rodriguez;spotify:track:0nUrVfWyC0Xs0EIeaerZHa;0,366;0,39;0;-13,176;0;0,0299;0,757;2,55E-05;0,176;0,565;93,859;158560;4;19,31803;9;0;3
On the Prowl;David Lindup;spotify:track:4ZUleiaABESggodW4I3LeS;0,11;0,0772;10;-23,479;1;0,0359;0,989;0,67;0,114;0,038;87,941;58641;4;37,25028;4;0;3
On the Que-Tee;Freddie Hubbard;spotify:track:2S4zpjfSKapsaSbDKTx9vK;0,528;0,403;10;-13,416;0;0,0515;0,678;0,61;0,257;0,54;121,742;347240;4;31,96329;15;0;3
On Top of Old Smokey;Harry Belafonte;spotify:track:2Ep4jdtZnN3NeigPeZKvYX;0,584;0,211;2;-12,06;1;0,0319;0,689;0;0,087;0,464;102,315;358667;3;20,60345;14;0;3
On Your Own Again;Scott Walker;spotify:track:3EfSO1aKk4QDOrZhGjnTlq;0,433;0,106;6;-19,138;0;0,0364;0,825;9,20E-05;0,108;0,184;143,096;104933;4;32,90564;6;0;3
Once Again (Outra Vez);Antônio Carlos Jobim;spotify:track:04ZHqLefcEwTohPZ05tRPY;0,344;0,325;4;-14,034;0;0,0412;0,446;0,703;0,167;0,443;168,005;128600;4;29,60476;7;0;3
Only A Fool Breaks His Own Heart;Mighty Sparrow;spotify:track:6Kq3gpBnmVRdSRmWG4lAmY;0,429;0,327;8;-13,525;1;0,0346;0,733;0,00429;0,129;0,475;83,751;167627;4;29,99324;12;0;3
Only In America;Jay & The Americans;spotify:track:6X4Sn2nTswhtxuo7Lf80h3;0,677;0,446;2;-12,391;1;0,0608;0,732;3,70E-05;0,169;0,773;81,545;122000;4;28,54348;7;1;3
Only You Can Do It - Remastered;Françoise Hardy;spotify:track:2ZbZLhTV8oIKaCcFASquN9;0,626;0,597;0;-7,823;1;0,0432;0,695;0;0,125;0,902;125,015;171427;4;40,12213;8;0;3
Ooh Baby;Deon Jackson;spotify:track:1uXZrI0WYyUvv25FAsI13h;0,473;0,494;8;-9,134;1;0,0399;0,206;0,000103;0,361;0,332;116,657;162772;4;30,09108;9;1;3
Orupoo Orupoo;P. Susheela;spotify:track:3gOkaJ9GSxcaiR8bbS4fG9;0,45;0,368;7;-11,057;0;0,0348;0,935;0,00127;0,453;0,91;108,017;214880;4;28,95673;11;0;3
Oscillations;Silver Apples;spotify:track:0wwbxSLnXXws3sD0AKMfUT;0,492;0,553;9;-8,6;1;0,0397;0,406;0,000105;0,163;0,431;125,936;167200;4;41,83671;7;0;3
Our Love Is Here To Stay;Dinah Washington;spotify:track:2hqEfg0DDLIC2hRSu3X17S;0,412;0,112;4;-14,568;0;0,047;0,915;5,79E-05;0,114;0,198;118,653;151173;4;37,1404;7;1;3
Our Time for Loving;Harry Belafonte;spotify:track:7tBQlrbF4VwU43VSYT8o1n;0,213;0,292;5;-14,296;0;0,0322;0,883;3,09E-05;0,165;0,205;70,167;319364;4;58,2739;14;0;3
Out Of Limits;The Marketts;spotify:track:7xAJpAeopaV6rilu3iiwME;0,485;0,779;7;-14,235;1;0,039;0,367;0,432;0,18;0,483;133,223;129293;4;63,91615;8;1;3
Out Of This World;Gerald Wilson Orchestra;spotify:track:584jutIedbk2VgxH1MXX0D;0,389;0,478;1;-11,69;1;0,0475;0,553;0,0239;0,365;0,441;76,588;339013;4;67,39849;15;0;3
Out Of This World;John Coltrane Quartet;spotify:track:2ICY6t4FTWPqM0CobYBx3M;0,366;0,685;10;-7,928;0;0,0478;0,803;3,42E-05;0,233;0,515;93,018;842040;3;34,58372;35;0;3
Over Under Sideways Down;The Yardbirds;spotify:track:07KYQySlrmE94gaLbhvp4X;0,529;0,861;11;-10,581;1;0,0784;0,292;0,225;0,314;0,387;96,52;142507;4;30,42861;8;1;3
Overture;Jerry Goldsmith;spotify:track:2HKJvZsITepYPhQ3MRx5if;0,199;0,117;3;-17,029;1;0,0327;0,92;0,488;0,0982;0,0704;80,633;150826;1;29,47044;8;0;3
Oye Cómo Va;Tito Puente;spotify:track:2VU6lR5PVmUTXSca3pYI68;0,693;0,577;7;-6,657;1;0,0407;0,505;0,000397;0,101;0,87;122,869;274751;4;40,86194;10;0;3
P.T. 109;Jimmy Dean;spotify:track:3vfNUZeVUiwWXwsEXjagqL;0,746;0,666;2;-10,408;1;0,146;0,543;0;0,0488;0,84;94,024;192427;4;78,59848;5;1;3
Pachanga En Navidad;La Sonora Matancera;spotify:track:0WtRc6rXzuP4tZ6uMpIVF5;0,549;0,766;0;-4,725;1;0,0623;0,713;0,000162;0,0446;0,955;135,203;160627;4;45,0657;6;0;3
Paloma Errante;Vicente Fernández;spotify:track:3upP4YmL87dinVp5Opt7p6;0,554;0,559;9;-4,146;1;0,032;0,78;0;0,0146;0,871;113,66;191533;4;45,07047;10;0;3
Papa's Things;Elmer Bernstein;spotify:track:2cE5NLvjGyv6sZvqLySRjk;0,196;0,417;7;-8,161;1;0,0315;0,53;0,647;0,0641;0,196;87,702;179387;4;71,94469;7;0;3
Para la Libertad;Joan Manuel Serrat;spotify:track:1oLmZHI032MgTT4JiLJLwP;0,469;0,651;2;-5,37;1;0,0408;0,229;0;0,0994;0,844;126,071;170907;4;34,78687;8;0;3
Parabola;Joan Manuel Serrat;spotify:track:1iYsg65dfhhfE6dqhnySj2;0,521;0,646;10;-5,105;1;0,0317;0,505;0;0,102;0,491;120,638;135093;4;22,8682;7;0;3
Paris In The Spring;Elmer Bernstein;spotify:track:0htegetbcJT4fHTX7LJnp5;0,628;0,278;5;-16,662;1;0,0483;0,566;0,0745;0,0685;0,547;104,09;169653;4;28,14322;8;0;3
Part Two;Frank Zappa;spotify:track:6rBz1C5oy7u60JDhnLU8Zw;0,487;0,226;11;-19,129;0;0,25;0,504;0,00316;0,153;0,185;101,867;955067;4;22,19985;39;0;3
Party In The Ward from The Caretakers;Elmer Bernstein;spotify:track:5Q1vkvRIOpUuEWvlB9Tpl8;0,564;0,319;10;-15,875;1;0,0349;0,568;0,711;0,147;0,849;102,689;121417;4;37,16719;7;0;3
Past. Present And Future;The Shangri-Las;spotify:track:6ozkTvpSzrRK9vJCMksza3;0,349;0,208;8;-15,491;1;0,037;0,799;0,217;0,13;0,176;135,098;160267;3;24,0336;11;1;3
Pauvre Moi. Pauvre Moi (Poor Me. Poor Me);Elmer Bernstein;spotify:track:0hO1WzPxMnLlsAzvyottdf;0,62;0,17;8;-18,221;1;0,0903;0,689;0,664;0,113;0,315;134,417;143360;4;39,70737;8;0;3
Pedro Pedreiro;Chico Buarque;spotify:track:3DNCuH5h0CaX2WXA53b7hu;0,574;0,721;4;-8,34;0;0,0417;0,786;0,00298;0,263;0,884;88,07;155773;4;69,58301;9;0;3
Penny Lane;The Beatles;spotify:track:1h04XMpzGzmAudoI6VHBgA;0,651;0,488;9;-8,22;1;0,0316;0,212;0,026;0,136;0,49;113,038;180893;4;18,27563;11;1;3
People Are Strange;The Doors;spotify:track:1Jmqubf9kGkWeYQXQKImL5;0,699;0,467;4;-8,578;0;0,0375;0,685;0;0,315;0,764;119,287;130173;4;40,04655;8;1;3
Perdon;Vicente Fernández;spotify:track:0payTMb2LVNq8nj5oh7N8q;0,477;0,512;11;-5,737;0;0,0253;0,681;0,000538;0,258;0,749;102,48;135013;4;31,03978;8;0;3
Perduts - Banda Sonora Original de la Pel·lícula;Raimon;spotify:track:6W12XNHp7dcNBXYjoLdrnk;0,531;0,0277;7;-16,161;1;0,0413;0,894;5,09E-05;0,0943;0,224;87,27;191073;5;57,57893;7;0;3
Personne;Serge Gainsbourg;spotify:track:4wDcIqExxIvxrIjVCFjGHU;0,549;0,289;0;-16,129;1;0,0486;0,761;0;0,0694;0,45;111,828;164440;4;32,25757;8;0;3
Petticoat White (Summer Sky Blue);Bobby Vinton;spotify:track:7inxB3CvYZyZb4i8KODD2s;0,599;0,648;10;-10,893;1;0,0301;0,456;0;0,336;0,806;105,316;143173;4;28,97965;8;1;3
Phonograph;Jerry Goldsmith;spotify:track:2MlqrXI7geEFMfzTNuLwQc;0,625;0,425;7;-17,903;1;0,0421;0,883;0,927;0,1;0,927;152,79;71519;4;24,23717;5;0;3
Piano Concerto in A Minor. Op. 16: I. Allegro molto moderato - Remastered;Edvard Grieg;spotify:track:3udhFRnA4WRA1t9CwlZkLj;0,286;0,0895;9;-21,085;0;0,0394;0,973;0,889;0,0801;0,0399;81,633;753867;4;21,11806;37;0;3
Piano Sonata No. 2 in A Major. Op. 2 No. 2: II. Largo appassionato;Ludwig van Beethoven;spotify:track:1qwGxmlahv2xr2zp5bHZYg;0,525;0,0084;2;-32,678;1;0,0891;0,995;0,958;0,0946;0,22;125,525;523333;4;48,09338;24;0;3
Pizzicato Rockalong;Johnny Hawksworth;spotify:track:3Eu683qYjVV503CjbiIP6C;0,679;0,603;5;-10,532;1;0,0337;0,000939;0,623;0,0617;0,829;133,725;91584;4;32,16052;6;0;3
Poet and Peasant: Overture;Franz von Suppé;spotify:track:5K4Y4L6xffI9Zd4EbTxiiu;0,223;0,187;2;-13,047;1;0,0482;0,881;0,654;0,107;0,227;81,846;564307;4;32,16652;24;0;3
Point Of No Return;Adam Wade;spotify:track:785PzdvaIyjuaetuo78PDF;0,38;0,13;2;-17,021;1;0,0306;0,825;0;0,14;0,217;100,939;180667;4;61,13558;7;1;3
Poor Boy;John Fahey;spotify:track:1ATgVOyfQ9h5WYCAmLsvg2;0,378;0,447;2;-10,45;1;0,0325;0,622;0,47;0,112;0,513;91,439;147907;4;103,96364;5;0;3
Pop Pop Pop - Pie;The Sherrys;spotify:track:2Q8V5YOVc9Wsb8GlNUhKuk;0,641;0,695;10;-9,841;1;0,0304;0,0856;1,50E-05;0,177;0,965;132,627;134227;4;48,41059;7;1;3
Por Mi Culpa;Javier Solís;spotify:track:6A9ERYV9As3DCQEEMx5AN4;0,524;0,319;9;-10,114;1;0,043;0,841;5,34E-05;0,298;0,618;92,94;133733;4;48,86161;6;0;3
Por Que Llorar;Vicente Fernández;spotify:track:4QhAJlhWaxxZDht8Mb7yPW;0,583;0,286;6;-8,041;0;0,0258;0,635;0,000276;0,337;0,315;95,263;151267;4;36,73766;8;0;3
Positively 4th Street;Bob Dylan;spotify:track:4heMx0OAwfILu13Lf0VbBM;0,556;0,463;6;-10,79;1;0,0268;0,817;0;0,116;0,764;109,586;247867;4;29,55412;14;1;3
Postcard - 2007 Remaster;The Bonzo Dog Band;spotify:track:4oZcveyJHUDxntbn4GTG0N;0,453;0,286;0;-12,652;1;0,0436;0,852;0,00161;0,363;0,437;110,565;263880;4;30,80131;12;0;3
Prelude (Reprise);Elmer Bernstein;spotify:track:6zdmDgaTgte0hsaVqbaVSc;0,489;0,267;1;-17,082;1;0,0447;0,885;0,765;0,0781;0,162;121,987;144163;4;20,93683;9;0;3
Preludietto. fughetta e finalino 2;Ennio Morricone;spotify:track:5SkR1076NohWjBibvdheJd;0,553;0,282;0;-14,02;1;0,0503;0,329;0;0,0457;0,908;100,29;80573;4;44,79283;4;0;3
Pretty Little Baby;Marvin Gaye;spotify:track:7tElOwaw2ONWiPCW8bDErC;0,593;0,549;7;-6,591;0;0,0279;0,8;0;0,118;0,865;109,465;155893;4;37,25066;9;1;3
Priscilla;Soft Machine;spotify:track:1jnxRJSuS9QIfjRuzKOvIC;0,354;0,331;9;-16,891;0;0,0298;0,408;0,92;0,234;0,3;129,008;63267;4;15,99088;3;0;3
Procissão;Gilberto Gil;spotify:track:2nHVVNlcu6fk7loeurN3QY;0,523;0,814;2;-9,377;1;0,0735;0,362;0;0,077;0,794;101,474;175507;4;21,5588;10;0;3
Promenade dangereuse;Vladimir Cosma;spotify:track:4gxwBYHxvuQ7wgHGXuD1TF;0,323;0,0168;2;-24,957;0;0,0375;0,953;0,969;0,103;0,25;104,744;93373;4;41,59531;5;0;3
Psycho;Bobby Hendricks;spotify:track:1gezSbknNFRysgyTf1paTV;0,648;0,539;7;-11,514;0;0,0503;0,836;0,0781;0,146;0,781;131,569;150067;4;87,64104;5;1;3
Puñalada Trapera;Amalia Mendoza;spotify:track:4IicxO8GF243qa1B2odL9e;0,503;0,196;7;-14,449;1;0,0644;0,773;0;0,677;0,707;80,602;177400;4;43,0622;9;0;3
Que Nem Giló;Carmelia Alves;spotify:track:4bfB9cksFxk6iUa53F8ngf;0,525;0,81;8;-6,813;1;0,0343;0,668;2,22E-05;0,57;0,82;114,223;236434;4;18,07311;14;0;3
Qué Saco Rogar al Cielo;Victor Jara;spotify:track:0ULwvn4QmQPpN5jUFgr60Z;0,587;0,132;5;-12,665;0;0,0373;0,991;0,0136;0,109;0,525;114,047;189000;4;31,88212;12;0;3
Quem Quiser Encontrar o Amor;Carmelia Alves;spotify:track:0PL6iRAhYSiKIZmH8IJlMY;0,415;0,325;0;-12,676;0;0,0454;0,859;0;0,0714;0,674;156,925;133747;4;34,59849;7;0;3
Rain;The Beatles;spotify:track:48TNLcToLs8DWkdj5vYdiW;0,234;0,693;0;-8,277;1;0,0408;2,82E-05;0,899;0,442;0,541;106,933;181320;4;78,17383;7;1;3
Rajaavin Paarvai;P. Susheela;spotify:track:5GAwz2n27u7WrJpTJLgVfJ;0,495;0,241;0;-15,202;1;0,039;0,963;0,244;0,44;0,476;102,86;291413;4;20,28734;16;0;3
Rapaz da Moda / Quem Te Viu. Quem Te Vê;Peter Thomas;spotify:track:4xz2OLSJDQTMv4c7F7TV2A;0,49;0,498;0;-11,083;1;0,0299;0,277;0,00206;0,383;0,873;85,574;159880;4;74,89097;7;0;3
Ready Or Not Here I Come (Can't Hide From Love);The Delfonics;spotify:track:5RnlUyTKgmd7V6tXdQcKVK;0,552;0,636;3;-6,215;1;0,0338;0,304;2,32E-05;0,153;0,663;82,884;119467;4;32,17828;7;1;3
Real Humdinger;J.J. Barnes;spotify:track:6sEIn9rf1Li6hahsDZMiRq;0,718;0,672;0;-9,891;0;0,0444;0,265;0;0,257;0,926;134,134;317027;4;22,62621;15;1;3
Red Rubber Ball;The Cyrkle;spotify:track:6DuLN8tFW0DkH9wsbTHZsX;0,644;0,459;9;-11,702;1;0,0322;0,657;0;0,0876;0,852;92,801;137493;4;26,76934;6;1;3
Regent Street;I Marc 4;spotify:track:3OX373UfdzKSC6wcZnZVls;0,409;0,705;0;-9,439;1;0,0363;0,311;4,13E-05;0,215;0,87;110,318;194867;4;24,88888;9;0;3
Reggae Girl;The Tennors;spotify:track:6bvQ4mVzzP27Hw2wFIVCDK;0,768;0,667;7;-9,93;1;0,0656;0,0731;0,00035;0,303;0,912;157,184;135213;4;50,11581;6;0;3
Remember When;Wayne Newton;spotify:track:1Hk25057O1SKKJAMRcJvjX;0,593;0,363;5;-13,757;1;0,0345;0,811;0;0,212;0,783;131,7;136067;4;24,3469;7;1;3
Rendez vous in the castle;Stelvio Cipriani;spotify:track:1RLh2mAbeH8npW38bXrukG;0,188;0,206;9;-17,323;0;0,0383;0,921;0,647;0,297;0,114;89,85;110800;3;26,19799;7;0;3
Renúncia;Nelson Gonçalves;spotify:track:29CydbNun5echNk9FunW2e;0,41;0,298;8;-10,279;1;0,0293;0,761;1,87E-06;0,268;0,393;98,421;188507;4;37,72235;9;0;3
Reza;Elvin Jones;spotify:track:6IgVY53j5gJXOHRHLscYp4;0,404;0,543;8;-17,131;1;0,0813;0,059;0,249;0,183;0,593;87,867;433267;4;33,02786;17;0;3
Rhythm Of The Rain;The Cascades;spotify:track:7GHf8dQ2wA71wYOuRsQCZP;0,659;0,66;0;-8,337;1;0,0441;0,627;0,000217;0,136;0,672;116,634;146360;4;48,35175;8;1;3
Ride Away;Roy Orbison;spotify:track:1nxSCulSg5AtmExqgHPPC0;0,52;0,411;9;-12,411;1;0,0315;0,786;0,0012;0,146;0,35;120,29;207573;4;37,54527;9;1;3
Right Or Wrong;Ronnie Dove;spotify:track:0bYjPXZEUYYhMwmd5KpVK1;0,432;0,427;4;-10,545;1;0,0327;0,755;0;0,272;0,402;97,04;133413;4;121,28158;3;1;3
Rigoletto [Act I]: Pari siamo! (Rigoletto);Giuseppe Verdi;spotify:track:2wOpcW2FQcggJ7bp444vpG;0,342;0,179;0;-18,528;1;0,0652;0,975;0,0215;0,339;0,0483;131,854;203933;3;36,9749;10;0;3
Rigoletto [Acts II & III]: Compiuto pur quanto a fare mi resta (Rigoletto. Gilda. Usher. Monterone);Giuseppe Verdi;spotify:track:7KBs0iJ30kmrN7F1ucvEGi;0,41;0,295;8;-15,14;1;0,0452;0,954;0,0505;0,41;0,223;121,174;62333;4;25,17786;3;0;3
Rigoletto [Acts II & III]: Un dì. se ben rammentomi (Duke. Gilda. Maddalena. Rigoletto);Giuseppe Verdi;spotify:track:3uuqRIZcZs97ggHL3UJTO1;0,48;0,26;4;-17,335;1;0,0549;0,925;0,000796;0,315;0,672;126,339;100067;3;48,43391;5;0;3
Rigoletto [Acts II & III]: V'ho ingannato....Lassù in cielo (Gilda. Rigoletto);Giuseppe Verdi;spotify:track:6Tiv5AQrdV9rbfv5EI5Jwh;0,247;0,128;1;-19,283;0;0,081;0,98;0,00953;0,101;0,0549;79,95;259240;4;50,35724;11;0;3
Rigoletto: Act II: Tutte le feste;Giuseppe Verdi;spotify:track:4exYSjhnc3DRjezmR6rhTf;0,348;0,324;8;-13,139;1;0,0429;0,983;0,0146;0,21;0,338;104,149;210267;4;56,00347;7;0;3
Room Full Of Tears;The Drifters;spotify:track:12qaVv86r6MwvmG6A9ZrL2;0,527;0,433;5;-9,94;1;0,0282;0,501;0;0,149;0,71;81,984;174493;4;25,05852;10;1;3
Rowdy;Clint Eastwood;spotify:track:4vIn9ecAvhj5OLzkBD9Ius;0,512;0,398;6;-8,581;1;0,0269;0,805;0,00434;0,218;0,425;85,61;166307;4;20,23604;9;0;3
Ruby Ann;Marty Robbins;spotify:track:1DM4DrBTMRZHtci4d6NP0i;0,629;0,647;6;-12,093;1;0,0358;0,424;0;0,298;0,946;78,015;119267;4;34,17517;6;1;3
Ruby Tuesday;The Rolling Stones;spotify:track:4hupcimlg3UBbW1kAQ6vrT;0,524;0,553;0;-10,767;1;0,0292;0,831;0;0,174;0,517;104,578;196493;4;19,42081;10;1;3
Running Bear;Johnny Preston;spotify:track:1RYznli2VNO7FCbW1Hq4KM;0,772;0,297;5;-14,679;0;0,053;0,854;7,59E-06;0,125;0,822;119,987;158200;4;24,09932;10;1;3
Running Bear;Sonny James;spotify:track:6wkrULQ7AzurQ0KpXzFDbH;0,61;0,688;7;-9,308;1;0,0357;0,573;0;0,164;0,761;119,831;165893;4;37,41241;9;1;3
Russell And Eliot;Yusef Lateef;spotify:track:4UQSW8KVwb7EH7mwwy26BD;0,559;0,41;9;-13,831;0;0,0495;0,224;0,78;0,0608;0,618;140,173;293147;4;45,08015;15;0;3
S.Y.S.L.J.F.M. (The Letter Song);Joe Tex;spotify:track:36tHtmi6ReXOPM3OJ0HUNb;0,48;0,701;9;-6,417;1;0,0359;0,51;0;0,183;0,672;138,216;170520;4;34,43657;8;1;3
Sá Dona;Marinês E Sua Gente;spotify:track:0QRdEgTRqqXdlt6YpkLd2M;0,571;0,525;0;-7,486;1;0,0368;0,19;0;0,675;0,903;104,491;160360;4;61,17848;8;0;3
Sad. Sad Girl;Barbara Mason;spotify:track:5lSElmz9CNo1FZJRwrmnQx;0,306;0,495;5;-7,663;1;0,0273;0,621;0;0,37;0,666;165,462;193733;3;39,36782;10;1;3
Sailor Man - Live;Harry Belafonte;spotify:track:6ikUMV1eIzAMMno6oXltLh;0,269;0,15;7;-22,947;1;0,0393;0,905;0,0022;0,784;0,12;89,037;193870;3;165,17163;4;0;3
Saladino 7;Angelo Francesco Lavagnino;spotify:track:2toq5B1u1XNOnRgBQLokPS;0,272;0,369;5;-11,288;1;0,0425;0,78;0,862;0,117;0,0394;117,412;115413;4;28,61812;6;0;3
Saladino 8;Angelo Francesco Lavagnino;spotify:track:0GnULJJs0zeXEDm3vQMaiC;0,519;0,14;1;-19,216;0;0,0663;0,907;0,734;0,31;0,0398;121,512;268000;4;40,14705;6;0;3
Samba De Uma Nota So (One Note Samba);Antônio Carlos Jobim;spotify:track:62eoocmGk59EMfuRcLBvUL;0,662;0,272;0;-18,883;1;0,0313;0,36;0,228;0,0963;0,591;143,507;134360;4;47,82155;7;0;3
Saturday Night At The Movies;The Drifters;spotify:track:0jrdWPwYjUZvqfJcwE8ddh;0,708;0,544;6;-7,377;1;0,0503;0,646;0;0,121;0,923;135,241;153627;4;35,69264;7;1;3
Saved;LaVern Baker;spotify:track:091baWWCDEowJprUts9La0;0,608;0,6;10;-12,372;1;0,0527;0,575;0;0,437;0,932;145,735;174733;4;25,04922;12;1;3
Say You Love Me;The Impressions;spotify:track:0pnWjLrf784CX0CHKYoUVj;0,253;0,454;2;-11,041;1;0,0361;0,393;2,69E-06;0,0556;0,541;168,486;185667;3;37,65256;9;1;3
School Is In;Gary U.S. Bonds;spotify:track:68ktEHI9cCz4Lz6RMmnqYV;0,493;0,796;7;-7,391;1;0,0845;0,443;0;0,495;0,716;162,193;128507;4;51,78341;7;1;3
Seagreen Serenades;Silver Apples;spotify:track:0ad9j38bxcSmRY6TGVCEwg;0,393;0,641;6;-9,589;1;0,0473;0,348;1,70E-05;0,287;0,782;125,005;172800;4;41,91397;8;0;3
Searching For My Love;Bobby Moore & The Rhythm Aces;spotify:track:0Q25xKgIaiT5JTDCT0qMea;0,677;0,661;4;-5,136;1;0,0436;0,114;5,44E-06;0,215;0,801;98,309;152693;4;37,60629;7;1;3
Sebastiana;Gilberto Gil;spotify:track:574L9iq6vqO8EmTPUuQFKF;0,567;0,539;11;-13,61;1;0,126;0,292;0;0,0594;0,933;138,105;144627;4;54,7542;7;0;3
See;The Rascals;spotify:track:7BGuuzMvamvGsmTL0Cvx7i;0,463;0,902;0;-7,908;1;0,044;0,338;0,000224;0,248;0,661;116,685;303960;4;94,17524;13;1;3
See Saw;Aretha Franklin;spotify:track:1vrJWHhhDQ5JcB9xtF2VMq;0,699;0,67;7;-10,307;0;0,0346;0,208;0;0,0905;0,927;135,997;166360;4;32,23542;8;1;3
See You In September;The Happenings;spotify:track:2caREKLVN9PbVDe9EPzXjc;0,519;0,422;4;-8,732;1;0,0282;0,864;0;0,332;0,803;128,956;147227;4;30,01333;9;1;3
Seventh Heaven;The Hippy Boys;spotify:track:6sHZxZqemvmfGYL7rnGhg9;0,87;0,546;0;-13,393;1;0,0572;0,247;0,849;0,104;0,929;135,676;211693;4;35,10797;9;0;3
Shagu;Mulatu Astatke;spotify:track:1415cdBOLOywaoB4vIv7ln;0,494;0,632;10;-12,71;0;0,0271;0,89;0,0144;0,154;0,95;133,49;185480;4;26,29471;9;0;3
Shake A Tail Feather;James & Bobby Purify;spotify:track:0pb8OfGT4sZEyLVB7x8OSh;0,627;0,66;1;-6,86;1;0,033;0,0784;3,83E-06;0,366;0,96;76,621;127827;4;33,63095;9;1;3
Shake 'Em On Down;Bukka White;spotify:track:4g8OkxDvpFGgoUB6JnuK9d;0,553;0,278;6;-10,679;1;0,0432;0,798;2,14E-05;0,336;0,724;130,306;217840;3;39,98903;14;0;3
Shake Sherry;The Contours;spotify:track:0LwsGW8kZ2xQkhbYiCAYKG;0,708;0,832;5;-2,993;1;0,0325;0,559;0,000149;0,411;0,936;120,749;162947;4;20,58211;11;1;3
Shake! Shake! Shake!;Jackie Wilson;spotify:track:5p2kF5o1t88QHTy1NdjDeA;0,524;0,741;8;-7,224;1;0,0562;0,369;2,84E-06;0,302;0,96;100,969;128642;4;25,27479;7;1;3
Sharing You;Mitty Collier;spotify:track:19Zq3eSNhf951AwGn6XnNQ;0,298;0,484;8;-7,979;1;0,0626;0,544;0;0,321;0,619;178,91;191467;3;22,78023;12;1;3
She Comes Running - 2007 Remaster;Lee Hazlewood;spotify:track:70esU3WzDttjZk0l1uFCEe;0,393;0,395;4;-14,285;1;0,0284;0,725;0,282;0,264;0,498;103,089;133040;4;28,9181;8;0;3
She Loves You;The Beatles;spotify:track:6nEkxYIEnrbYH7h1hJ8Xn6;0,377;0,916;4;-3,199;0;0,0481;0,26;0;0,074;0,912;75,533;140920;4;33,98704;7;1;3
She's A Lady;John Sebastian;spotify:track:3TIg1dio3AHo3XnzwDlSRE;0,326;0,114;6;-21,525;0;0,0368;0,814;6,90E-06;0,106;0,277;70,233;104025;5;25,52686;5;1;3
Show Business;Lou Rawls;spotify:track:0DmsCdHUEqiLhl9oSopVRP;0,713;0,725;10;-7,376;1;0,038;0,773;0;0,258;0,871;113,265;155467;4;35,9541;7;1;3
Si Tuviera Tu Amor;La Sonora Matancera;spotify:track:0zN3hKYeFGdu1MzPjZKUVA;0,597;0,365;2;-12,031;0;0,0794;0,458;0;0,438;0,782;127,97;159133;4;53,1298;8;0;3
Si un Dia Vols;Raimon;spotify:track:26bHMsz44Z4YQidC25VHUn;0,474;0,32;4;-9,398;0;0,047;0,935;0,00102;0,105;0,451;181,408;125708;4;35,86631;5;0;3
S'il Vous Plait Bossa Nova;Michel Legrand;spotify:track:1f9ZXPRfto01cWb4SEwBwX;0,676;0,211;3;-17,369;1;0,0361;0,977;0,834;0,116;0,47;142,782;169107;4;25,24664;10;0;3
Sin Fortuna;Gerardo Reyes;spotify:track:4JBHcA19SAq5EzNgZZOy9O;0,474;0,343;10;-11,856;1;0,0375;0,684;0;0,59;0,891;134,697;176520;5;28,56909;10;0;3
Since You Showed Me How To Be Happy;Jackie Wilson;spotify:track:6hUZ87LxlH37pJ6ThZGka4;0,546;0,734;1;-8,461;1;0,096;0,537;0;0,569;0,872;91,722;170081;4;34,93701;9;1;3
Sit Down. I Think I Love You;The Mojo Men;spotify:track:300qXG6Be7OeOIVCFuk2rR;0,573;0,749;9;-7,115;1;0,0323;0,66;2,77E-06;0,238;0,796;110,075;142333;4;59,06009;6;1;3
Sixteen Reasons;Connie Stevens;spotify:track:0oI0ekrSQ3aHiHcMi1B2gK;0,339;0,406;10;-8,955;1;0,0319;0,865;1,10E-05;0,11;0,619;109,783;118133;3;50,08517;8;1;3
Sleeping In A Jar;Frank Zappa;spotify:track:2llNGn70gQLrVgdrWsQ4un;0,323;0,695;9;-11,953;0;0,0647;0,0501;0,219;0,204;0,633;175,488;50720;4;11,80967;3;0;3
Sleepy Joe;Herman's Hermits;spotify:track:3mQCVl0yIQJ0QAZAPaEU4D;0,583;0,547;9;-7,787;1;0,0263;0,29;0;0,399;0,827;102,946;194000;4;46,29219;10;1;3
Snap Your Fingers;Barbara Lewis;spotify:track:486DaeZjbBVsY6VWueOCkH;0,711;0,167;0;-17,839;1;0,079;0,789;8,54E-05;0,0983;0,599;102,507;187947;4;17,77381;9;1;3
So Boot If At All;Soft Machine;spotify:track:3S6dWNzTTOcpYbYKq6ivlx;0,427;0,635;7;-15,031;1;0,0758;0,218;0,887;0,393;0,433;130,949;443987;4;42,88261;20;0;3
Só Danço Samba;Carmelia Alves;spotify:track:7wL6Lsy335eY9jzckLPm8d;0,625;0,52;0;-7,911;1;0,0427;0,741;0;0,164;0,759;91,202;117853;4;61,10828;5;0;3
So What;Bill Black's Combo;spotify:track:0L36sfZ3rOf3BwReJQZBRr;0,804;0,364;10;-10,681;1;0,062;0,625;0,899;0,166;0,556;135,008;141013;4;50,83782;6;1;3
Sobre Las Olas;Vicente Fernández;spotify:track:22tiIfxAVT1RvJL1ItjMWS;0,487;0,385;10;-8,592;1;0,0372;0,746;0;0,114;0,413;48,409;208347;4;86,34336;5;0;3
Solitary Man;Neil Diamond;spotify:track:1DB3WlSUvmcMUzjAr1J8TS;0,544;0,455;7;-12,991;1;0,0295;0,231;0;0,34;0,82;78,793;153893;4;34,74962;8;1;3
Sollavo Sugamana;P. Susheela;spotify:track:54Ex6BbktgIliXs3wbrZnB;0,432;0,403;2;-14,835;0;0,038;0,96;0,74;0,176;0,711;104,435;201133;4;35,91588;12;0;3
Som - En Directe;Raimon;spotify:track:7i5gnpdbLew97F89N6MgXQ;0,516;0,188;9;-18,202;0;0,0774;0,982;7,88E-06;0,708;0,521;97,354;141388;4;73,81307;5;0;3
Sombras de la China;Joan Manuel Serrat;spotify:track:1Kwfgrp2UWAchsjU0EB9gI;0,545;0,312;4;-11,728;0;0,0366;0,912;0;0,166;0,163;118,471;298867;4;38,07293;15;0;3
Some Things You Never Get Used To;Diana Ross & The Supremes;spotify:track:3C9Vv8OkqQwJ0CqB24d7Ty;0,668;0,835;0;-0,507;0;0,0341;0,0941;1,17E-06;0,116;0,821;125,228;145293;4;20,93334;9;1;3
Somebody To Love;Jefferson Airplane;spotify:track:4uGIJG1jYFonGc4LGp5uQL;0,504;0,578;4;-9,302;1;0,031;0,408;0;0,321;0,654;132,411;174840;4;27,82932;9;1;3
Somewhere;Len Barry;spotify:track:5nRaqQ7rhWwZR7lk75qqLa;0,635;0,701;6;-11,236;1;0,0571;0,268;1,11E-05;0,0354;0,559;124,08;153360;4;59,86763;8;1;3
Song of the Crib;Traditional;spotify:track:2GT4j0OZFnye66XLLtQxbj;0,342;0,171;3;-16,481;1;0,0421;0,988;0;0,102;0,285;79,671;221453;4;40,65516;10;0;3
Sorry Heer - Remastered;Rikkert Zuiderveld;spotify:track:6FyioDjv0sqedZwzk8vNff;0,362;0,443;0;-7,525;0;0,0553;0,858;6,32E-05;0,32;0,488;62,338;143040;4;18,87253;9;0;3
Sorry Suzanne;The Hollies;spotify:track:5mLqHfJcDSfJo31eWVFyjF;0,635;0,524;0;-11,778;1;0,0304;0,0515;0;0,17;0,914;123,917;180307;4;51,58199;10;1;3
Sota la Vostra Protecció;Traditional;spotify:track:3vPX7FdICuHlKL05rY8TQC;0,242;0,144;5;-20,39;1;0,0385;0,982;2,70E-05;0,115;0,19;88,813;136757;1;38,76969;7;0;3
Soul Serenade;Willie Mitchell;spotify:track:315NtKOZZ30iThBRGS13Al;0,746;0,255;10;-15,91;1;0,0314;0,555;0,896;0,077;0,572;106,065;141800;4;45,47365;8;1;3
Space - Live At The Jazz Workshop. Boston/1967;Gábor Szabó;spotify:track:6RtdWIfrkKncMM9McK3OT6;0,399;0,641;4;-13,212;0;0,0432;0,667;0,507;0,928;0,161;108,661;399640;4;48,78412;9;0;3
Spanish Flea;Herb Alpert & The Tijuana Brass;spotify:track:0fmNiN85g1XF1NemAGY7G2;0,832;0,53;8;-11,55;1;0,0788;0,404;0,956;0,0669;0,867;81,673;126893;4;35,15872;8;1;3
Spanish Harlem;Ben E. King;spotify:track:3UCmuRdeTriWgOZMEJsfqZ;0,608;0,594;2;-11,86;1;0,0435;0,32;4,75E-05;0,129;0,789;125,166;174293;4;46,93614;10;1;3
Spinning Wheel;Blood, Sweat & Tears;spotify:track:0spSRHFS4zF4Imvz9sJcfL;0,695;0,503;7;-9,313;1;0,0605;0,315;2,47E-05;0,261;0,542;96,818;247267;4;49,47647;10;1;3
Sprit's Song;Louise Bogan;spotify:track:5niP0TcDFL5s2npNh2sMje;0,66;0,0551;3;-21,671;1;0,689;0,674;0;0,308;0,56;86,982;52982;3;13,31312;3;0;3
Stand By Your Man;Tammy Wynette;spotify:track:6xatfNMI8NkY5XxRHAeiS4;0,517;0,246;9;-11,992;1;0,0308;0,788;0,00105;0,133;0,525;105,24;159760;4;37,42708;9;1;3
Steel Rail Blues;Gordon Lightfoot;spotify:track:78JZdV25TgDZLh1FRpnnX1;0,616;0,323;1;-12,569;1;0,0335;0,894;0,00209;0,115;0,67;87,861;173307;4;21,57075;12;0;3
Stoney End;Laura Nyro;spotify:track:0Wy0oCdhHxm2wxTDWUfOic;0,486;0,586;0;-8,007;1;0,0397;0,722;0;0,0855;0,684;117,33;163560;4;32,32515;9;0;3
Strange I Know;The Marvelettes;spotify:track:4DsbXVlHJfvvHAhg2WfPO9;0,632;0,758;0;-3,414;1;0,0257;0,551;0,0446;0,173;0,948;109,427;140987;4;26,75254;8;1;3
Stronger;The Hippy Boys;spotify:track:7EjtnpXk7bgooEAXXGAfNO;0,808;0,705;11;-8,57;0;0,0714;0,134;0,95;0,0493;0,968;140,17;165173;4;33,59257;8;0;3
Subterranean Homesick Blues;Bob Dylan;spotify:track:6k9DUKMJpWvu6eFG3O64Lg;0,576;0,727;4;-9,973;0;0,05;0,702;0;0,324;0,751;173,854;141293;4;39,4218;6;1;3
Sue's Gotta Be Mine;Del Shannon;spotify:track:4Y58VuD8vlQQrD6dap0wO4;0,683;0,635;3;-6,488;1;0,0356;0,364;0;0,122;0,835;132,145;121667;4;41,84264;6;1;3
Summertime. Summertime;The Jamies;spotify:track:3tafcDpA8uGHDLzRd4ZKQY;0,656;0,563;5;-6,844;1;0,0652;0,625;0;0,0521;0,966;204,346;118413;4;19,88117;8;1;3
Sunday For Tea;Peter And Gordon;spotify:track:0rGpTr0VnfnWBEgJGE0Ahq;0,589;0,426;5;-8,021;1;0,0335;0,717;0;0,0586;0,562;61,698;142320;4;65,47811;7;1;3
Sur le chemin du retour;Charles Aznavour;spotify:track:6DzvXKt42A4vkzK5iTylbf;0,566;0,511;0;-8,13;0;0,0353;0,773;0;0,299;0,747;127,417;143573;4;47,77083;7;0;3
Sweet Darlin';Martha Reeves & The Vandellas;spotify:track:0MffRzAW3tcVsK0aC3ethW;0,7;0,752;10;-4,56;0;0,0689;0,327;0,00604;0,133;0,46;112,535;182813;4;53,02164;10;1;3
Sweet Dreams (Of You);Patsy Cline;spotify:track:0gnQsZ607gfNhIUqCNFC1G;0,321;0,0227;8;-22,698;1;0,0349;0,953;0;0,313;0,312;83,319;155733;4;23,66008;8;1;3
Sweet Soul Music;Arthur Conley;spotify:track:0pvA063uNyGQFp7DNtmk0P;0,59;0,659;5;-9,669;1;0,0697;0,104;6,56E-06;0,356;0,965;80,201;141067;4;85,75775;4;1;3
Sweetest One;The Metros;spotify:track:3qf40dVHsTi3XWmThoCMom;0,418;0,436;11;-13,066;1;0,0339;0,451;0;0,081;0,877;91,374;136307;3;66,65002;6;1;3
Swingin' Gently;Earl Grant;spotify:track:6ZsJqksJCvEvKlzlCpIVE3;0,647;0,529;8;-10,92;1;0,0292;0,714;0,649;0,0806;0,903;102,213;162533;4;47,85716;8;1;3
Symphony in C Major: II - Adagio;National Philharmonic Orchestra;spotify:track:2hfgyHZY49smWuqWj1JDDM;0,226;0,0565;9;-23,336;0;0,0456;0,959;0,857;0,1;0,0391;124,979;542453;3;38,47505;28;0;3
T'ain't Nothin' To Me;The Coasters;spotify:track:0XeIWtggM0COgXRRdXSpfR;0,431;0,374;9;-11,045;1;0,119;0,526;1,01E-05;0,94;0,287;134,071;278613;3;24,20992;15;1;3
Talk Talk;The Music Machine;spotify:track:3J9VPVRnoqyF0keO1nReTz;0,684;0,864;1;-6,838;1;0,0461;0,0384;0,000233;0,107;0,841;107,028;118133;4;20,68042;7;1;3
Talk To Me;Sunny & The Sunglows;spotify:track:43Tf5c7fcBIvuuCSBODKkA;0,431;0,5;7;-7,053;1;0,0318;0,802;9,87E-06;0,34;0,581;123,375;165053;3;49,43828;8;1;3
Talking About My Baby;The Impressions;spotify:track:6uqPpCZXAT00AQPZgaI6hp;0,62;0,536;6;-6,966;1;0,0746;0,573;0;0,0785;0,694;130,556;154133;4;44,586;6;1;3
Tango per un pianista virtuoso;Giampiero Boneschi;spotify:track:5POznTd1ExXwVOj18VSQzu;0,579;0,398;0;-13,318;1;0,0326;0,965;0,941;0,119;0,882;131,041;94407;4;32,24624;6;0;3
Tears;Bobby Vinton;spotify:track:3QlrXlXuaBLMYGmlroFRTV;0,589;0,411;7;-11,1;0;0,0277;0,779;0;0,28;0,499;96,242;132800;3;68,79302;5;1;3
Tears And Roses;Al Martino;spotify:track:40yJppEKT0Yud2RUsXb9tk;0,566;0,224;5;-15,366;1;0,0342;0,833;0;0,292;0,5;115,2;139600;3;50,60841;7;1;3
Tell Him;The Exciters;spotify:track:7rGOWzo4evAQQ2FzrSKp0B;0,708;0,616;5;-10,827;1;0,198;0,445;0;0,299;0,908;177,061;156160;4;33,57208;8;1;3
Tell Me That You Love Me;Fats Domino;spotify:track:5qliF3aPblospVoSMI1o1U;0,455;0,815;10;-9,296;1;0,0461;0,244;0;0,0582;0,971;97,872;123600;4;38,10924;5;1;3
Tell Me Why;The Belmonts;spotify:track:7mogqg1O2pjRnQ85E5phHt;0,341;0,572;5;-8,604;1;0,0359;0,762;2,38E-05;0,417;0,761;80,339;164141;4;22,92244;9;1;3
Testify (I Wonna);Johnnie Taylor;spotify:track:5Q454jmmx2SDNu2xWcM9pJ;0,715;0,542;10;-11,467;1;0,033;0,609;1,74E-06;0,21;0,865;114,864;243293;4;35,01789;11;1;3
Thamizh Engal Uyiranathu;P. Susheela;spotify:track:0kbPUGzB6rZ7xLLmwD4xwk;0,475;0,474;3;-13,897;1;0,273;0,488;0,00501;0,0756;0,965;90,467;277013;4;34,274;11;0;3
Thank You Baby;The Shirelles;spotify:track:3AQzEgGJ0VfJDedxatbgi7;0,706;0,151;6;-19,914;1;0,0413;0,987;0,628;0,102;0,602;102,429;156027;4;63,64855;6;1;3
That Girl Belongs To Yesterday;Gene Pitney;spotify:track:6NssDwHnosForAnJZyM6p3;0,529;0,484;2;-13,635;1;0,0411;0,392;0,00646;0,349;0,72;122,156;170400;4;30,57694;9;1;3
That Old Black Magic;Bobby Rydell;spotify:track:7K5CKprjeXQTbe1tw4eAOh;0,475;0,831;8;-6,502;1;0,318;0,59;0;0,386;0,731;177,452;144707;4;48,69441;7;1;3
That's My Pa;Sheb Wooley;spotify:track:4tkxuXxeKBeR428wU4XfB7;0,651;0,651;7;-10,775;1;0,0387;0,0927;0,0826;0,402;0,761;116,156;157600;4;34,53469;9;1;3
That's The Tune;The Vogues;spotify:track:0YGCSXIPs8VTUZmk8nDpdu;0,588;0,795;9;-6,297;1;0,0339;0,797;0,00012;0,187;0,966;139,057;176379;4;26,95642;8;1;3
The Bat;John Zacherle;spotify:track:4ZZpdMIyRkzPRn8E8o7FjG;0,439;0,699;5;-9,627;1;0,072;0,256;0,0216;0,0945;0,797;155,365;150587;3;29,10789;8;0;3
The Bells Of St. Mary's - Instrumental;John Fahey;spotify:track:5nLN9UF9a0Ma71AQsSyjwy;0,43;0,299;1;-14,231;1;0,043;0,673;0,85;0,135;0,194;80,216;130960;4;30,64111;7;0;3
The Birds And The Bees;Jewel Akens;spotify:track:6KDgpdqJkOdXhwkRA4ZztM;0,784;0,532;11;-8,763;1;0,0288;0,247;0,000323;0,309;0,962;107,155;129427;4;16,4403;9;1;3
The Boll Weevil Song;Brook Benton;spotify:track:5gCkto8RSjGPynLo3GjOk0;0,716;0,34;0;-17,01;1;0,0585;0,248;2,89E-06;0,309;0,661;133,337;160000;4;21,19792;7;1;3
The Cat;Marty Paich;spotify:track:1C98XjJBhyb2DAV6Uk7RA0;0,595;0,722;5;-11,593;0;0,0555;0,142;0,0019;0,109;0,907;90,469;139613;4;38,70905;6;0;3
The Cave;Jerry Goldsmith;spotify:track:37EPgMdzouRyUPeKwbr3Lu;0,253;0,04;11;-25,433;0;0,0391;0,661;0,302;0,114;0,0379;93,606;80707;3;14,29188;3;0;3
The Chrome Plated Megaphone Of Destiny;Frank Zappa;spotify:track:3L7hJPqQgWxV5cKwBWOCHM;0,386;0,748;4;-17,523;1;0,482;0,431;0,14;0,11;0,107;96,669;384787;3;72,31388;10;0;3
The Death Of Aki;John Barry;spotify:track:7yIIx42jeJrzEDWnq4K9fF;0,148;0,0889;9;-20,646;0;0,0342;0,892;0,925;0,109;0,0525;80,05;261293;4;61,64189;10;0;3
The Drum Thing;John Coltrane Quartet;spotify:track:57QRhtr9t1ZJug8HFygb3g;0,472;0,454;0;-16,715;0;0,05;0,776;0,859;0,111;0,387;114,392;443200;4;34,65782;17;0;3
The end of a spy - Fine di una spia;Ennio Morricone;spotify:track:52kjRgphviNyFDG5kHZy19;0,211;0,578;7;-5,611;1;0,0465;0,864;0,907;0,11;0,0553;109,781;76933;4;50,55957;4;0;3
The Face of the Bass;Ornette Coleman;spotify:track:2LyNWKPE6q4MUmQwPWc556;0,526;0,17;0;-19,159;1;0,0918;0,556;0,473;0,0802;0,302;95,812;417840;4;25,81718;15;0;3
The Father Of Girls;Perry Como;spotify:track:4PUjy9xBqDl5ppbALCj1Hh;0,157;0,146;5;-15,674;0;0,0364;0,891;0,00526;0,156;0,159;79,469;215573;4;30,38699;9;1;3
The First Noel;Traditional;spotify:track:1XDyjHSfSsdHppRZpkJlzc;0,238;0,28;3;-11,502;1;0,0307;0,943;8,26E-05;0,331;0,275;77,224;189800;3;26,61457;9;0;3
The Flying Dutchman. Act I: Overture;Staatskapelle Berlin;spotify:track:6yJlzSBG7KbPw2q5q9SN6A;0,122;0,237;9;-14,808;0;0,0352;0,962;0,929;0,16;0,0358;88,83;689560;4;34,64797;33;0;3
The Great Arrival (Cheganca);Sérgio Mendes;spotify:track:1MjB4vSGKu3pBYpLXFO9MW;0,599;0,495;2;-11,356;1;0,0295;0,414;0,00181;0,0617;0,697;89,328;138693;4;25,89973;7;0;3
The Greatest Love;Dorsey Burnette;spotify:track:4Cf5RigFToa0AdrNDJIVS1;0,448;0,57;7;-13,631;1;0,0309;0,633;0,0322;0,0692;0,757;93,271;157747;4;19,40329;7;1;3
The James Bond Theme;Billy Strange;spotify:track:2hLB8P5TOz1lr7IzRCkXyi;0,514;0,25;5;-16,405;0;0,0519;0,945;0,919;0,112;0,567;99,083;159227;3;21,21126;9;1;3
The Last Waltz;Engelbert Humperdinck;spotify:track:03OArDwBMEgtTDcty84Rcp;0,406;0,441;2;-11,318;1;0,0299;0,718;1,71E-06;0,196;0,42;109,099;184187;3;32,31999;8;1;3
The Letter;The Box Tops;spotify:track:6RJK553YhstRzyKA4mug09;0,638;0,428;9;-12,156;0;0,0687;0,252;0;0,132;0,901;139,434;112800;4;21,22195;6;1;3
The Lion Sleeps Tonight;The Tokens;spotify:track:2F4FNcz68howQWD4zaGJSi;0,321;0,474;5;-9,383;1;0,0348;0,743;0;0,204;0,804;121,199;162093;4;33,75838;9;1;3
The Loco-Motion;Little Eva;spotify:track:1hClDWPgajpLIFjLOkFuau;0,636;0,893;3;-6,311;1;0,047;0,674;0,00143;0,176;0,887;129,664;148627;4;30,92945;8;1;3
The Lone Teen Ranger;Jerry Landis;spotify:track:2bTnyC2hJc8U5mXcCL0Mtf;0,402;0,789;9;-6,148;1;0,124;0,891;0;0,294;0,949;172,346;139440;4;32,58046;7;1;3
The Lonely Surfer;Jack Nitzsche;spotify:track:0CxWbbbU0PB7ccm6CgHnrf;0,301;0,634;5;-10,432;1;0,0397;0,33;0,552;0,167;0,403;106,06;155600;4;50,37056;8;1;3
The Loop;Johnny Lytle;spotify:track:6g5NZg2VXJobSX3TmXq9nQ;0,784;0,508;0;-9,541;0;0,039;0,641;0,508;0,084;0,488;121,314;138493;4;52,50819;7;1;3
The More I See You;Chris Montez;spotify:track:2FqVUZc8DSxibYFtTiOI26;0,716;0,412;3;-12,064;1;0,0354;0,869;0;0,0624;0,51;124,251;163920;4;34,27131;8;1;3
The Other Man's Grass Is Always Greener;Petula Clark;spotify:track:1oqpdSW9YqEvZ4LRkQsXNq;0,521;0,565;10;-8,849;0;0,0306;0,513;0;0,126;0,472;124,678;172907;4;34,82689;9;1;3
The Push And Kick;Mark Valentino;spotify:track:5wDaYL73zwDnOLhFAanldg;0,56;0,753;0;-9,195;1;0,0678;0,734;0,000119;0,383;0,947;152,633;144173;4;30,65092;7;1;3
The Rains Came;Sir Douglas Quintet;spotify:track:4oeOG0zp2WYyL2ZQKD1gbR;0,573;0,671;7;-4,964;1;0,0308;0,495;1,50E-05;0,0487;0,932;132,734;136520;4;44,17469;7;1;3
The Red Blouse;Antônio Carlos Jobim;spotify:track:4wBdGRxCaWFtqei59k5InB;0,41;0,446;1;-17,75;1;0,0335;0,604;0,94;0,0868;0,856;168,64;309067;4;39,14272;17;0;3
The Reporter;Alan Hawkshaw;spotify:track:3hfVRhYFb0ZCbJJyyvZ0xV;0,563;0,73;8;-10,672;1;0,0392;0,694;0,877;0,131;0,546;130,763;132267;4;43,08466;7;0;3
The Ritual / Ancient Battle / 2nd Kroykah;Alexander Courage;spotify:track:2djt2LWN2MOOgOrF4QT9Iv;0,443;0,181;0;-17,369;1;0,0448;0,813;0,516;0,18;0,0738;131,591;368840;5;22,16087;16;0;3
The Sound of Music;Charmian Carr;spotify:track:1eQkeRWuEFcdf5Bb0P3Tsz;0,192;0,115;5;-18,222;1;0,0389;0,948;0;0,135;0,15;176,717;130573;3;47,58411;6;0;3
The Sound Of Music - 2007 Remastered Version;The Bonzo Dog Band;spotify:track:2bDgfZMJJySYMpLAXeTDZh;0,389;0,274;10;-14,202;1;0,0608;0,935;0,000167;0,11;0,227;94,157;85187;3;12,69817;3;0;3
The Tracks Of My Tears;Johnny Rivers;spotify:track:5mF5vKAxLU0LHCQQ8eP4Wv;0,432;0,431;2;-12,037;1;0,0284;0,653;0;0,293;0,673;100,904;175600;4;30,89697;10;1;3
The trio - Il triello;Ennio Morricone;spotify:track:45pvbsb7O8aWz0KwMxfxE4;0,194;0,633;2;-3,078;0;0,0338;0,542;0,766;0,194;0,148;96,504;434387;4;52,24879;20;0;3
The Unknown Soldier;The Doors;spotify:track:78JYtz4yOPqAEgZZc3SBLT;0,461;0,367;2;-13,85;1;0,104;0,291;0,0216;0,366;0,671;115,717;201107;4;59,09968;7;1;3
The Weed (Man Pyabba);Count Lasher;spotify:track:6vFcUp67PGMjZdSKvney6Y;0,685;0,521;0;-7,733;1;0,0696;0,98;0,000195;0,119;0,887;88,72;179773;4;52,70737;9;0;3
The Work Song;Herb Alpert & The Tijuana Brass;spotify:track:5Qu0u1UwuSWPbMGbIj5hWV;0,72;0,54;5;-11,483;0;0,0526;0,765;0,961;0,111;0,755;154,57;130547;4;26,46913;6;1;3
The World We Knew (Over And Over);Frank Sinatra;spotify:track:62KZRwymXq9Rgm8Cm5UCfx;0,337;0,419;10;-12,212;0;0,0297;0,755;3,43E-05;0,156;0,492;92,815;167053;3;41,45864;7;1;3
The Young Person's Guide to the Orchestra. Op. 34 (Variations and Fugue on a Theme of Purcell): Theme A. Allegro maestoso e largamente;Benjamin Britten;spotify:track:4Ry4jlZF6yt9b8HMpMFPls;0,559;0,121;2;-19,291;0;0,443;0,888;0;0,651;0,443;82,343;60067;4;32,68329;3;0;3
Thème Cheval;François de Roubaix;spotify:track:3JSwu4WuAD05yPIg4EPetD;0,619;0,241;9;-16,459;0;0,03;0,827;0,915;0,105;0,403;108,126;117320;4;57,89346;6;0;3
Thème de l'inquiétude;André Hossein;spotify:track:66aFnUu6viakk1q7Awqs4L;0,13;0,65;9;-5,606;0;0,0342;0,684;0,894;0,294;0,338;95,963;153267;4;54,76779;6;0;3
There Goes My Everything;Engelbert Humperdinck;spotify:track:5bfL1VNWxv4SpGJcK3R4q2;0,407;0,312;10;-12,634;1;0,026;0,822;2,47E-06;0,0896;0,421;90,217;172867;3;20,76936;9;1;3
There Never Was A Time;Jeannie C. Riley;spotify:track:7AwzJlAp86uW1MfjVxxMf8;0,581;0,345;0;-9,795;0;0,0754;0,7;0;0,406;0,922;176,107;159629;4;29,00217;10;1;3
There Will Never Be Another You;Bud Powell;spotify:track:3s5WerS0heEMyikkSgwUqJ;0,579;0,332;5;-16,673;0;0,035;0,904;0,898;0,243;0,774;81,795;257093;4;34,84242;9;0;3
There'll Come A Time;Betty Everett;spotify:track:1F9EDKGRTOTZwQ3xje2n55;0,66;0,743;8;-6,881;1;0,0325;0,302;0,0205;0,134;0,96;122,668;155867;4;33,07734;8;1;3
There's No Living Without Your Loving;Peter And Gordon;spotify:track:56aCFmwTdm1me0suarfiWn;0,402;0,675;10;-8,872;1;0,0438;0,596;0;0,248;0,672;104,505;181640;4;27,59591;9;1;3
There's No Other (Like My Baby);The Crystals;spotify:track:6tGldcIJJwByOYCjJglMAs;0,396;0,365;2;-7,985;1;0,0271;0,443;0;0,487;0,442;91,099;149722;3;54,42046;5;1;3
There's Something On Your Mind (Part 2);Bobby Marchan;spotify:track:2qMLLAya8vpzalveV5L4J1;0,649;0,208;5;-19,217;1;0,532;0,825;0;0,0823;0,483;103,691;123373;5;38,8458;6;1;3
These Are Not My People;Johnny Rivers;spotify:track:0T54e5hevBelKdm79XqVuJ;0,542;0,637;0;-11,418;1;0,0297;0,552;1,52E-06;0,17;0,965;148,72;200027;4;26,96936;10;1;3
They Ballin' Me Name;King Fighter;spotify:track:6HEx2Lu6nvvBmliB0QF2Cw;0,519;0,533;1;-12,462;0;0,154;0,649;0,00012;0,314;0,735;168,183;192920;4;77,79962;10;0;3
Think Twice;Brook Benton;spotify:track:3rjOwWd1wgJNvoqskwcPhT;0,443;0,217;3;-14,609;1;0,038;0,935;0,00757;0,12;0,321;79,065;167102;3;37,60869;10;1;3
This Golden Ring;The Fortunes;spotify:track:5A8dh7K5qdUKd0Tm2EIVsI;0,647;0,769;11;-9,551;1;0,0349;0,623;0;0,15;0,781;125,474;131239;4;48,52896;6;1;3
This Magic Moment;Jay & The Americans;spotify:track:3MVr7KeWF6kf4znJMwiEnx;0,517;0,533;0;-11,053;1;0,0306;0,539;1,97E-05;0,164;0,769;126,229;182800;4;50,87336;7;1;3
Three Steps From The Altar;Shep And The Limelites;spotify:track:5WkOR0PQIE6ODgShdxbBwL;0,422;0,196;5;-12,089;1;0,0359;0,872;1,16E-06;0,118;0,393;186,882;162000;3;95,20512;6;1;3
'Til;The Angels;spotify:track:6cMBpazQUSw6xYiLNYvQzf;0,253;0,232;0;-12,695;1;0,0318;0,805;0,00018;0,0939;0,307;173,819;148440;3;21,13239;9;1;3
Till You Return;Scott Walker;spotify:track:4LTPr8iaA7mzJBt1OosPDi;0,57;0,551;8;-4,373;1;0,0283;0,689;5,88E-05;0,332;0,734;127,195;133413;4;31,31975;8;0;3
Time;Pozo Seco Singers;spotify:track:7duFyBg8iBNpZQ2bFjvdUk;0,584;0,229;10;-18,21;1;0,0344;0,88;0,0428;0,111;0,736;110,44;203747;4;47,28345;10;1;3
Time After Time;Frankie Ford;spotify:track:16ISbTwCNmzJkwuzoTEcaW;0,579;0,485;10;-5,624;1;0,04;0,512;3,78E-06;0,245;0,686;133,998;132712;4;32,68834;8;1;3
Time Of The Season;The Zombies;spotify:track:5AJrhrwz4oSZX2PwwV4qrN;0,537;0,7;4;-6,852;0;0,0366;0,142;1,58E-06;0,383;0,695;117,111;214027;4;39,64598;8;1;3
Timpani minacciosi;Angelo Francesco Lavagnino;spotify:track:66TunUEJt6uLDTQrDnEepK;0,519;0,445;2;-15,858;1;0,0414;0,847;0,942;0,0862;0,356;118,629;100973;4;58,03358;4;0;3
Tip-Toe Thru' The Tulips With Me;Tiny Tim;spotify:track:1Vchex0xowRj9k59RLvRfo;0,588;0,165;4;-20,076;1;0,0498;0,97;0,000117;0,206;0,605;135,958;110840;4;33,13377;6;1;3
Titoli 1;Giovanni Fusco;spotify:track:5aA1zO8VDh29szWVxwn6CE;0,688;0,342;7;-16,55;1;0,0716;0,0539;0,219;0,0629;0,209;125,897;123000;4;65,7769;6;0;3
To Give (The Reason I Live);Frankie Valli;spotify:track:4rYbkOxtRkXrBbPY1wkfEH;0,188;0,391;7;-7,941;0;0,0329;0,752;0,000143;0,123;0,168;73,874;202360;4;28,60412;9;1;3
Toada Da Saudade;Marinês E Sua Gente;spotify:track:58Fn2G1SHv1qQWpvviA9kR;0,638;0,453;7;-7,744;1;0,026;0,757;0;0,277;0,614;97,303;178320;4;22,28787;10;0;3
Todas As Mulheres do Mundo;Erasmo Carlos;spotify:track:3Lmte3he1BDrBJtrC7C1TE;0,576;0,177;5;-18,29;1;0,0362;0,307;0,0215;0,115;0,564;94,239;177520;4;44,76452;8;0;3
Todo Amor Eu Lhe DareI;Trio Melodia;spotify:track:5I4OCnUgUmqPwxHS40FknQ;0,65;0,535;4;-10,462;1;0,0334;0,112;1,91E-05;0,186;0,423;130,644;164733;4;35,58736;7;0;3
Together;The Intruders;spotify:track:58T2nMKugbIsjRe7jEZkTI;0,419;0,516;5;-8,152;1;0,0297;0,722;0;0,563;0,769;172,476;177160;4;35,14448;9;1;3
Tómate una Copa;Javier Solís;spotify:track:1n6TpQOecoX3OdVpHb72Gv;0,394;0,18;9;-15,943;1;0,0355;0,965;0,00826;0,118;0,475;107,516;173773;4;21,89732;12;0;3
Tone the Bell Easy;Harry Belafonte;spotify:track:7umuf36UcQYAkgf4RXe63T;0,585;0,531;6;-10,506;1;0,0536;0,319;0,000758;0,122;0,91;96,959;200267;4;19,19122;10;0;3
Tonight's The Night;Solomon Burke;spotify:track:18TM70njJRFH4Fm4ZuwLd8;0,318;0,476;7;-9,534;1;0,029;0,401;0;0,6;0,633;173,305;161187;3;20,94965;9;1;3
Too Young to Know;Scott Walker;spotify:track:3TqGpEzZmvI9I49r4lfLyg;0,363;0,333;11;-6,677;1;0,028;0,577;4,07E-05;0,152;0,362;103,176;135747;3;31,52434;7;0;3
Tosca (Sung in German): Act I: Ein Tollhaus in der Kirche! Schone Wirtschaft! (Scarpia. Messner. Spoletta);Giacomo Puccini;spotify:track:08iXyVGv1j3xy6aHxwAjIH;0,436;0,219;10;-17,6;0;0,0868;0,96;0,000166;0,251;0,248;92,692;216667;3;41,71355;9;0;3
Tosca (Sung in German): Act I: Frohe Neuigkeiten. Euer Gnaden! (Messner. Chorus);Giacomo Puccini;spotify:track:04d9eKswt3lhV0DhvT03iC;0,471;0,403;10;-13,495;1;0,111;0,93;0,00441;0,814;0,567;111,636;100293;3;26,75402;6;0;3
Tosca (Sung in German): Act I: Ha! Das gelang mir! (Angelotti);Giacomo Puccini;spotify:track:4J2pZjOjjv1XR7EXhmmkk6;0,27;0,0542;5;-17,667;1;0,0373;0,931;0,0118;0,126;0,0798;100,514;132733;3;37,20556;6;0;3
Tosca (Sung in German): Act I: So also war es - Mario?! Mario?! (Scarpia. Tosca. Messner);Giacomo Puccini;spotify:track:6RX2g0AXzqrmug6L4PcZlY;0,41;0,18;3;-16,56;1;0,057;0,983;0,000733;0,142;0,221;105,877;194107;3;67,91067;9;0;3
Tosca (Sung in German): Act III: Cavaradossi verharrt in Gedanken;Giacomo Puccini;spotify:track:2KrxnvJMly0j4qv6XCJlHZ;0,203;0,084;2;-29,664;1;0,044;0,977;0,734;0,0919;0,0347;97,443;60160;1;0;2;0;3
Tossing & Turning;The Ivy League;spotify:track:5q8U2NsIc57QWjY7MZi371;0,586;0,51;9;-9,072;1;0,0379;0,463;0;0,221;0,638;119,045;146187;4;41,28802;7;1;3
Total Blues;Francy Boland;spotify:track:7kKlFQk2LoeSo3g7yg68EK;0,432;0,712;0;-7,655;0;0,0839;0,502;0,0096;0,0679;0,685;126,236;187098;4;23,78493;8;0;3
Traigo El Coco Seco;Tito Puente;spotify:track:3zIhbxhohAKaqzd81BL9dZ;0,535;0,874;4;-5,698;0;0,0529;0,869;0,0519;0,223;0,944;126,294;189434;4;54,67636;8;0;3
Trampin';Traditional;spotify:track:7843yfEFGh2yQfMUlzNBV2;0,299;0,0319;8;-27,814;1;0,0437;0,987;0,0072;0,0808;0,287;88,363;194360;4;32,57917;9;0;3
Tristeza;Orlando Silva;spotify:track:1dlkxU5OHYVCJHTipCISYV;0,389;0,286;6;-8,916;1;0,0312;0,812;0;0,106;0,566;83,811;152160;3;38,76032;10;0;3
True Love Goes On And On;Burl Ives;spotify:track:3exF1tkrIhudSbNwg6o9Pz;0,337;0,286;5;-8,349;1;0,0285;0,505;0;0,244;0,322;110,175;181933;3;44,84823;9;1;3
Trust Us - Take 9;Captain Beefheart & His Magic Band;spotify:track:4PM34EaMQL28lTA0A95ZXu;0,424;0,583;7;-9,617;0;0,0483;0,14;0,539;0,108;0,444;86,036;441467;4;27,34131;16;0;3
Try A Little Kindness;Glen Campbell;spotify:track:2VYF84ZzEofEYYg0cCxETc;0,323;0,666;4;-5,925;1;0,0335;0,31;0;0,163;0,734;176,455;146293;4;33,27774;7;1;3
Tú Mi Amor Divino;Tito Puente;spotify:track:5XvSl0LGM8b5diPsju5C8w;0,441;0,438;5;-5,866;1;0,0291;0,754;7,55E-06;0,158;0,251;100,51;174070;4;46,6303;9;0;3
Twistin' U.S.A.;Danny & The Juniors;spotify:track:3lYX32DVtgz4jtT8Fe8ZfY;0,502;0,571;1;-8,995;0;0,0297;0,571;0;0,103;0,963;160,967;145360;4;76,99889;6;1;3
Two Trains Running;The Paul Butterfield Blues Band;spotify:track:3desC4OT5AYvObSe3jq2tT;0,483;0,571;10;-8,837;0;0,0413;0,728;7,90E-06;0,409;0,88;91,871;235107;4;60,31255;10;0;3
Two Weeks Since You've Gone;Scott Walker;spotify:track:5ljpyeiIsS4jox4B0CiJb6;0,25;0,159;9;-16,753;0;0,0329;0,922;6,89E-06;0,373;0,187;77,872;164840;5;29,79813;10;0;3
Two-Bit Manchild;Neil Diamond;spotify:track:6C6m2tqQliQ6wReSb30jKJ;0,565;0,673;7;-12,46;1;0,0356;0,489;0,00677;0,236;0,895;89,028;187600;4;35,82462;10;1;3
Um Rostinho de Criança (I Don't Care What They Say);Leno e Lilian;spotify:track:50Rozbs2JsPiitEfqCjUpC;0,62;0,747;4;-6,326;0;0,0271;0,0886;4,56E-05;0,335;0,667;115,251;176960;4;47,83454;9;0;3
Uma Especial Oração (My Special Prayer);Jerry Adriani;spotify:track:2i8ttrZVcTVmMnR2s6F8Ey;0,56;0,821;7;-4,09;1;0,0313;0,0853;0,000215;0,0592;0,793;117,568;148560;4;47,26445;6;0;3
Un poison violent. c'est ça l'amour;Serge Gainsbourg;spotify:track:5LgZeBfMJdaMzJU3bRBTMd;0,622;0,791;5;-7,814;0;0,0603;0,17;5,33E-05;0,264;0,771;114,4;152693;4;67,52999;6;0;3
Unchained Melody;Vito & The Salutations;spotify:track:3BFFWyBCeqNXiqLGEWSsFA;0,503;0,566;9;-8,192;1;0,0681;0,617;0;0,333;0,862;147,289;118889;4;30,23369;6;1;3
Uncle Meat: Main Title Theme;Frank Zappa;spotify:track:7vqNeR3fjpNGhJLtHErqj3;0,555;0,732;0;-13,873;1;0,11;0,635;0,0428;0,139;0,233;137,301;116493;3;27,90533;6;0;3
Underwater;The Frogmen;spotify:track:15RAM0eY6ILldKcnI3jywF;0,491;0,909;0;-5,21;1;0,0406;0,654;0,942;0,0802;0,923;143,415;125920;4;23,62823;6;1;3
Up-Up And Away;The Johnny Mann Singers;spotify:track:30dIevLsWhw7KDU2i1RdJY;0,403;0,503;2;-14,069;1;0,0477;0,569;0;0,312;0,42;155,751;164160;4;24,70723;9;1;3
Uravu Solla;P. Susheela;spotify:track:1rQ0clvgkzWr001POOPJWx;0,515;0,765;11;-3,515;0;0,124;0,857;0,000872;0,213;0,906;114,617;245600;4;21,79874;14;0;3
Vagabundear;Joan Manuel Serrat;spotify:track:0qtoXIjo8qs2FT8WO6lUAI;0,568;0,733;10;-6,133;1;0,0367;0,441;0;0,218;0,907;133,828;158227;3;31,38258;7;0;3
Vereda Tropical;Eydie Gormé;spotify:track:2zgjRD00xN9nTGuej8TcuH;0,517;0,342;9;-12,332;1;0,0337;0,891;0;0,168;0,282;112,725;170600;4;69,31845;8;0;3
Vinthoothar;Jolly Abraham;spotify:track:4tLH8Nld6STbvS0FgZROsm;0,435;0,445;6;-8,314;1;0,0365;0,674;0,000149;0,428;0,66;144,924;301547;3;52,78975;12;0;3
Violin Concerto in D Minor. Op. 47: III. Allegro. ma non tanto;Jean Sibelius;spotify:track:6xDx1nJdDTyNXNhqfE5ioU;0,416;0,288;2;-17,273;1;0,0411;0,798;0,445;0,544;0,238;118,064;403960;4;20,55653;19;0;3
Violin Concerto No. 1 in G Minor. Op. 26: I. Vorspiel - Allegro moderato - Redbook Stereo;Max Bruch;spotify:track:12QMwRmDn34eWJRw7c2yJR;0,243;0,208;0;-17,188;0;0,0377;0,715;0,768;0,149;0,0758;98,755;459693;4;27,34981;21;0;3
Viva Mi Desgracia;Vicente Fernández;spotify:track:05qUkjNOBNrgHAodze1O7d;0,435;0,315;5;-11,066;1;0,0397;0,742;0;0,111;0,242;71,1;205800;4;51,9084;7;0;3
Vuela. La Paloma;Tito Rodriguez;spotify:track:65uSzwdhCImTeubAV86P1t;0,645;0,51;5;-10,733;1;0,0716;0,775;0;0,205;0,961;96,876;152427;4;21,8826;8;0;3
Walk Away Renee;The Left Banke;spotify:track:4wfK7KMFTFMNDDfKDe1aWi;0,474;0,436;9;-11,715;1;0,0284;0,254;0;0,294;0,588;118,314;162907;4;23,79617;9;1;3
Walk On The Wild Side;Elmer Bernstein;spotify:track:6FaUYo3heXiC8oxKoEfIlI;0,538;0,291;5;-16,261;1;0,0398;0,608;0,905;0,24;0,35;111,165;163030;4;26,42141;8;0;3
Walkin' Back To Happiness;Helen Shapiro;spotify:track:3mNfU0psAm7h3s6Dn6i7SD;0,663;0,542;8;-8,842;1;0,0825;0,775;0;0,222;0,799;97,581;151293;4;37,45653;5;1;3
Walkin' In The Sunshine;Roger Miller;spotify:track:5sVxNiopBap0OmC5D34qMb;0,761;0,413;6;-15,45;1;0,0462;0,429;1,78E-06;0,0471;0,925;136,173;161080;4;48,34798;9;1;3
Warmed Over Kisses (Left Over Love);Brian Hyland;spotify:track:1YINWOCMieGVnvp5h0PcVx;0,598;0,324;6;-13,515;1;0,0277;0,816;0;0,203;0,687;138,357;139600;3;18,6701;9;1;3
Watch Her Ride;Jefferson Airplane;spotify:track:2cxkf523cgIg4kE8P7hflZ;0,458;0,631;7;-11,133;0;0,0537;0,565;0,000225;0,375;0,552;131,047;191027;4;38,35864;8;1;3
Water;Silver Apples;spotify:track:2Ag7sHMW1CMoifiEnoCaEH;0,356;0,408;2;-9,189;0;0,0325;0,113;0,621;0,12;0,0344;124,861;263400;4;150,17626;8;0;3
We Got A Thing That's In The Groove;The Capitols;spotify:track:2Du61OdJ7CXmUBG7FaZST6;0,663;0,527;9;-12,424;1;0,0552;0,571;0;0,126;0,925;81,706;147187;4;67,46392;4;1;3
We Had A Good Thing Goin';The Cyrkle;spotify:track:1bmcrUnBHBKNI3R6ycO1Cc;0,508;0,428;2;-12,716;1;0,0361;0,046;0,000719;0,752;0,677;138,029;170693;4;25,50006;10;1;3
We Will Fall (John Cale Mix) - 2019 Remaster;The Stooges;spotify:track:66aRKPKxYf8oL55hqCvhzZ;0,205;0,398;5;-12,075;1;0,0322;0,163;6,48E-05;0,0542;0,0376;108,381;621267;4;57,37844;25;0;3
Wear Your Love Like Heaven;Donovan;spotify:track:0NkqCdYDySVdBoeGs4Nywe;0,619;0,557;7;-10,715;0;0,0351;0,404;0;0,181;0,831;116,065;146867;4;26,04004;11;1;3
Weaver Of Dreams - Remastered 2003/Rudy Van Gelder Edition;Freddie Hubbard;spotify:track:4N6JkrGD78eLooaTDmwo9s;0,418;0,227;4;-15,537;0;0,0379;0,912;0,822;0,0956;0,21;103,586;395560;4;38,29647;15;0;3
Weihnachtslieder: Mater et filia;Traditional;spotify:track:4Q97JfErwkz826rhOhNLiz;0,306;0,192;10;-19,255;1;0,0435;0,993;0,0334;0,273;0,0637;86,117;58893;3;34,15916;4;0;3
Well. I Told You;The Chantels;spotify:track:53AqEQSKNcY9FGUFHncmxs;0,546;0,669;1;-10,922;0;0,0449;0,724;0,000189;0,497;0,725;92,659;145133;4;24,3761;8;1;3
Wendy;The Beach Boys;spotify:track:0sOJ0OqYFdARjr4lGyYaq5;0,491;0,531;5;-8,18;1;0,0369;0,183;0;0,182;0,469;137,285;141600;4;35,4505;8;1;3
Werewolf Watusi;Don Hinson & The Rigamorticians;spotify:track:1nF0BDdg5b9grwiYWSlh80;0,762;0,496;7;-12,845;0;0,289;0,493;0;0,325;0,704;122,049;155121;4;34,19932;9;0;3
West Side Story: Act II: I Feel Pretty;Leonard Bernstein;spotify:track:4JCBnb6zviWQjtlhxUgtis;0,71;0,35;5;-10,952;1;0,0989;0,805;0;0,0788;0,55;111,743;215960;3;36,08054;11;0;3
West Side Story: Act II: Somewhere;Leonard Bernstein;spotify:track:7DhQXwTYALJHMqoYaVaTFg;0,229;0,0642;3;-15,848;1;0,0373;0,876;7,47E-05;0,0946;0,0789;96,901;124093;4;49,16744;5;0;3
Western générique - Version Live;Royal Philharmonic Orchestra;spotify:track:0hqOH0lRPWmyDRA18eDgXp;0,304;0,196;10;-20,708;0;0,0524;0,961;0,952;0,948;0,139;133,025;219147;5;31,52418;10;0;3
What a Girl Can't Do;The Hangmen;spotify:track:0DgwjTHT260k2oUrOAj02R;0,468;0,433;6;-15,088;0;0,0557;0,0306;0;0,0974;0,841;81,189;148280;4;28,04066;9;0;3
What A Woman In Love Won't Do;Sandy Posey;spotify:track:54Haeza01PLmR8GK0jEsIA;0,795;0,186;4;-18,567;1;0,0408;0,836;0,0294;0,128;0,887;138,514;129346;4;83,31922;4;1;3
What Does A Girl Do?;The Shirelles;spotify:track:0yFKTptGHBOtMN5CwRFAYg;0,753;0,536;7;-14,568;1;0,0451;0,664;0;0,127;0,928;117,495;153200;4;23,67909;10;1;3
What Kind Of Fool Am I?;Robert Goulet;spotify:track:2SMKd2T7c7PB2IauC324D4;0,244;0,356;0;-13,262;1;0,035;0,922;0,0339;0,0767;0,294;83,026;153133;4;22,37704;8;1;3
What The World Needs Now Is Love;Jackie DeShannon;spotify:track:1fjOO2k5k2vjg6TrvPJ2NS;0,445;0,407;1;-9,501;1;0,0302;0,814;0;0,0964;0,531;105,7;186400;4;36,37958;9;1;3
When I Fall In Love;Etta Jones;spotify:track:79Mf2Y6Qm6ajJ1AeHouZxI;0,311;0,361;0;-9,295;1;0,0303;0,919;0,145;0,177;0,28;77,496;177093;1;35,08472;8;1;3
When I Fall In Love;The Lettermen;spotify:track:1gMMY095TNREZ8ZZYsfM5L;0,283;0,274;7;-12,292;1;0,0295;0,949;0,00159;0,0915;0,213;102,786;148360;3;48,85963;8;1;3
When The Lovelight Starts Shining Through His Eyes;The Supremes;spotify:track:71Upx7K1I1jInEEJpsFWLw;0,298;0,83;3;-7,343;1;0,0687;0,655;0,00152;0,446;0,687;182,117;184200;4;42,21383;12;1;3
When the World Ends / Epitaph / Farewell and Thanksgiving;Mark Van Doren;spotify:track:5EEiumR4AX4HS49HkbZBKa;0,721;0,137;1;-22,806;1;0,952;0,934;0,0001;0,128;0,495;86,454;106867;4;62,04209;4;0;3
Whenever He Holds You;Bobby Goldsboro;spotify:track:3wS2DFx6AUsk6XgociYWwq;0,648;0,242;0;-15,604;1;0,028;0,57;2,43E-05;0,11;0,237;107,06;139680;4;34,47819;7;1;3
Where Did Our Love Go;The Supremes;spotify:track:69RH84na5iUNwrwxpgjC5j;0,566;0,49;0;-10,867;1;0,0414;0,791;1,42E-05;0,0919;0,847;134,934;153333;4;21,35312;9;1;3
Where Do You Go;Cher;spotify:track:5ElFQhsIMNNfCL24SXU53S;0,477;0,404;7;-15,389;1;0,0279;0,743;4,74E-05;0,21;0,708;104,884;195867;3;54,95623;10;1;3
Where There's Woman - Mono;Captain Beefheart & His Magic Band;spotify:track:38iwcfDz09ftOCnIg28LP1;0,609;0,535;9;-8,913;0;0,0519;0,357;7,27E-06;0,124;0,681;84,982;131440;4;57,30981;6;0;3
Where Were You When I Needed You;The Grass Roots;spotify:track:7BDkpsS8gPjNmJWcrIVXot;0,558;0,468;2;-11,112;1;0,0284;0,311;0;0,0536;0,745;114,282;181093;4;30,60706;9;1;3
Where You're At;Ultimate Spinach;spotify:track:3izWrSxDoTOTSPJcfShTXc;0,522;0,538;9;-8,509;0;0,0287;0,35;0,00219;0,15;0,755;126,659;192377;4;16,28307;11;0;3
While I Was Walking;Tommy McCook;spotify:track:5kNJRAFisE2wGJm8HvgLFC;0,683;0,464;0;-12,06;1;0,0566;0,0859;0,0632;0,152;0,657;89,62;143373;4;33,79143;6;0;3
Who'll Be The Next In Line;The Kinks;spotify:track:4crnyaZ12tALWTrshdIGFZ;0,33;0,858;11;-5,134;0;0,0552;0,052;0;0,0752;0,923;161,385;122627;4;27,08669;8;1;3
Why Not Tonight;Jimmy Hughes;spotify:track:7y5bD8RMEoJYgCvghxACjf;0,424;0,324;1;-8,323;1;0,0289;0,693;0,737;0,134;0,592;51,409;178827;4;30,82558;8;1;3
Winkin'. Blinkin' And Nod;The Simon Sisters;spotify:track:3DgIaxMZ7gwc4EEIOtor6S;0,757;0,44;5;-10,661;1;0,0358;0,798;0;0,113;0,638;100,882;128000;4;27,86806;7;1;3
Winter Song;Nico;spotify:track:0c2vo7msMRXMWua5oCQ7y6;0,415;0,14;5;-14,958;1;0,0858;0,989;0,0842;0,128;0,491;179,789;197093;3;22,8664;10;0;3
Wish You Didn't Have To Go;James & Bobby Purify;spotify:track:0rmru6jDyE4wv6O3To6piP;0,764;0,509;9;-7,566;1;0,0369;0,401;0;0,157;0,868;118,139;136040;4;22,12419;10;1;3
With These Hands;Tom Jones;spotify:track:0aWSniH4QYPIljBpe9Ppqh;0,333;0,307;9;-22,634;1;0,0396;0,676;2,15E-05;0,339;0,365;100,906;161907;4;24,78977;10;1;3
Without You;Johnny Tillotson;spotify:track:4Vzh9UegP4JdWU71NLcbnm;0,538;0,568;2;-5,7;1;0,0266;0,376;0,829;0,169;0,712;99,397;128800;3;34,85936;6;1;3
Woman Helping Man;The Vogues;spotify:track:0oem2FjDstqU4UklvfIJvg;0,212;0,344;9;-12,77;1;0,0313;0,603;0;0,293;0,441;175,344;191773;3;32,7341;12;1;3
Wonderful Summer;Robin Ward;spotify:track:7nSyzFpoLZUds8P6387E3Y;0,534;0,384;1;-11,41;1;0,0283;0,772;3,46E-06;0,207;0,374;101,752;148927;4;17,61501;9;1;3
Words;Bee Gees;spotify:track:07PIhdmyYIw8dMeDMsx9FU;0,259;0,289;2;-10,491;1;0,0285;0,14;0;0,162;0,246;80,33;198453;4;36,36894;10;1;3
Worry;Johnny Tillotson;spotify:track:14IH7JQeFY8fUWqDMfrWYW;0,368;0,259;6;-11,115;1;0,0277;0,95;6,93E-06;0,115;0,415;82,312;135733;4;23,10522;8;1;3
Ya Parte el Galgo Terrible;Victor Jara;spotify:track:7hp9YYJ9xwR6EasS4eEEdI;0,728;0,669;9;-8,755;0;0,24;0,857;0;0,11;0,862;126,755;111827;3;28,09344;7;0;3
Yaaraithaan Nambuvatho;P. Susheela;spotify:track:4rnhIR4I4NMjIngBW7adcF;0,431;0,551;1;-12,732;1;0,0526;0,885;0,875;0,128;0,64;79,14;219240;4;23,24725;13;0;3
Yambu - Live;Tito Rodriguez;spotify:track:17IchaXyxW1zHe4amKDlCv;0,459;0,61;9;-8,231;1;0,133;0,764;2,91E-06;0,11;0,865;202,036;257960;4;32,63404;12;0;3
Yesterday;La Lupe;spotify:track:1crZfJMC94BbRn9RqPTaa6;0,494;0,445;3;-6,574;1;0,0252;0,472;0;0,094;0,4;79,416;213995;4;14,17801;11;0;3
Yesterlove;Gerald Wilson Orchestra;spotify:track:1STFdOYBUYA9wlWBATvUXA;0,446;0,545;2;-10,108;1;0,0321;0,398;0,0032;0,164;0,774;113,252;241280;4;45,34881;12;0;3
Yester-Me. Yester-You. Yesterday;Stevie Wonder;spotify:track:0l9RGwc48deJ6j61KXAAvs;0,604;0,357;6;-11,419;1;0,0269;0,0311;0;0,0927;0,638;100,721;185293;4;21,60974;9;1;3
You Better Get It;Joe Tex;spotify:track:2ITpt5mcvMOI7kIJPqUvbb;0,505;0,295;10;-12,414;1;0,0549;0,656;0;0,128;0,401;104,129;204533;4;71,30652;7;1;3
You Didn't Have To Be So Nice;The Lovin' Spoonful;spotify:track:7khsvqWYjms5UASgLb8bft;0,638;0,622;1;-10,035;0;0,0265;0,809;0,00385;0,0416;0,871;130,354;146400;4;21,2237;9;1;3
You Didn't Try To Call Me;Frank Zappa;spotify:track:1pQtRC6Ob5tQ8tX5YIpClN;0,326;0,549;9;-13,886;1;0,0577;0,397;0;0,163;0,611;114,053;198813;4;24,57493;9;0;3
You Don't Own Me;Lesley Gore;spotify:track:7ngRS53kqxLcEt9Pythc5d;0,473;0,434;2;-10,02;1;0,0257;0,701;0;0,628;0,711;94,815;150000;3;26,96711;10;1;3
You Keep Me Hangin' On;The Supremes;spotify:track:4a01ClusxuZiloOK5UgLUn;0,682;0,612;8;-7,004;0;0,0381;0,284;0;0,0783;0,845;127,647;163280;4;49,02718;8;1;3
You Mean The World To Me;David Houston;spotify:track:7DInsiLkwZbv37GM8XlvUm;0,585;0,377;5;-13,253;1;0,0407;0,856;0,053;0,105;0,431;120,386;135640;3;57,26536;7;1;3
You Never Can Tell;Chuck Berry;spotify:track:6FT83pFXKhDlXDsNJFAHWz;0,525;0,852;7;-9,519;1;0,222;0,731;5,11E-05;0,218;0,884;157,404;161907;4;27,64298;12;1;3
You Send Me;Aretha Franklin;spotify:track:4VijLEUxHEzbWKYL5u9wuN;0,513;0,303;3;-13,547;1;0,0374;0,57;0;0,0803;0,629;102,905;149627;4;58,03597;6;1;3
You Threw A Lucky Punch;Gene Chandler;spotify:track:07BGc9Dgxc5jxQPqJihH26;0,748;0,431;1;-10,563;1;0,0368;0,751;0;0,287;0,932;113,379;155819;4;26,90932;9;1;3
Young And In Love;Chris Crosby;spotify:track:4hCdeVQKc1yPBnZ9D9B3Re;0,461;0,644;2;-3,012;1;0,0396;0,65;4,42E-05;0,0809;0,794;128,995;145267;4;53,47052;7;1;3
Your Good Thing (Is About To End);Mable John;spotify:track:4rz596X40rwNfOhwTs7dgI;0,639;0,23;0;-12,466;1;0,0422;0,745;0,000216;0,105;0,268;133,493;176453;3;31,2509;9;1;3
YOUR HEAD IS REELING;Ultimate Spinach;spotify:track:58ld9nKbXWNKB0kc01bKii;0,472;0,508;9;-8,73;0;0,0396;0,757;0,159;0,38;0,469;119,773;216347;4;32,38253;11;0;3
Your Heart Belongs To Me;The Supremes;spotify:track:20HpRfGcg3neSqboaQHvLC;0,714;0,551;2;-6,17;0;0,0272;0,879;0;0,154;0,963;107,714;156240;4;60,01656;8;1;3
You're Looking Good;Dee Clark;spotify:track:6JTWvqWgIB7ebFx063vY2Y;0,599;0,436;2;-14,691;0;0,0562;0,397;0;0,0694;0,695;105,638;127773;4;55,13681;5;1;3
You're My World;Cilla Black;spotify:track:2hWfpElGMOzQavDEgVbtLz;0,388;0,368;1;-8,375;1;0,0269;0,808;0,0083;0,0449;0,466;95,735;179467;3;26,82369;7;1;3
You've Made Me So Very Happy;Brenda Holloway;spotify:track:4lHkuSUGjwstBAJoimtjnk;0,511;0,434;7;-11,185;1;0,028;0,212;0;0,154;0,778;98,645;173227;4;72,05739;8;1;3
Yuri Approaches Lara's Apartment;Maurice Jarre;spotify:track:5KxikpGsUL8l1Sk63NcILW;0,162;0,0383;2;-29,914;1;0,0375;0,242;0,354;0,205;0,0766;130,875;49533;4;5,69742;3;0;3
Zelda's Theme;Pérez Prado;spotify:track:7cSm6RF5oP4rw3d40pfY5b;0,849;0,898;7;-6,064;1;0,0388;0,734;0,865;0,0438;0,967;134,396;120987;4;44,15837;5;0;3
Zero Hour;David Lindup;spotify:track:3YC91rbHjh9MgpMMoh6Xog;0,431;0,454;7;-14,31;1;0,0302;0,524;0,13;0,116;0,585;129,589;83360;4;35,03921;5;0;3
dataset_of_track;dataset_of_artist;dataset_of_uri;dataset_of_danceability;dataset_of_energy;dataset_of_key;dataset_of_loudness;dataset_of_mode;dataset_of_speechiness;dataset_of_acousticness;dataset_of_instrumentalness;dataset_of_liveness;dataset_of_valence;dataset_of_tempo;dataset_of_duration_ms;dataset_of_time_signature;dataset_of_chorus_hit;dataset_of_sections;dataset_of_target;dataset_of_id_ano
"Der Berg (Aus "" Der Watzmann ruft "" ) - Live";Wolfgang Ambros;spotify:track:18CACQBgOwkGXMlUl7xBOk;0,346;0,284;9;-19,699;0;0,236;0,64;0,0001;0,985;0,27;133,362;299267;4;49,66483;11;0;4
"Evergreen (Love Theme From ""A Star Is Born"")";Barbra Streisand;spotify:track:2IcqY68BxP1ONPi3ME6aje;0,335;0,303;9;-10,943;1;0,0315;0,932;0,0271;0,0907;0,186;114,224;184800;4;16,95608;12;1;4
"Intrusion des racketteurs noirs dans les maison closes de ""la ficelle"" et ""l’élégant""";François de Roubaix;spotify:track:4tmvVO8Im8i4PYjZHYzS5E;0,526;0,313;7;-20,736;0;0,0572;0,606;0,832;0,101;0,371;99,624;356347;4;21,08757;14;0;4
"The Ballad of Sweeney Todd: ""Sweeney Pondered and Sweeney Planned""";Stephen Sondheim;spotify:track:2vaIZdW4YI9EJn8dFrB955;0,546;0,62;8;-11,298;1;0,104;0,972;8,41E-06;0,409;0,366;132,445;31107;4;7,69751;3;0;4
"The Grand Duel (Part VI) (From ""Il Grande Duello / The Grand Duel"")";Luis Bacalov;spotify:track:4cKvOi1xvpJFHMZYMU0H6Z;0,178;0,0421;2;-28,872;0;0,0391;0,286;0,116;0,107;0,155;82,29;146200;4;22,49245;10;0;4
"Wonkavator/End Title (Pure Imagination) - From ""Willy Wonka & The Chocolate Factory"" Soundtrack";Leslie Bricusse;spotify:track:1TQnTUyKgKUTsEL9ySRw69;0,142;0,444;2;-16,769;1;0,295;0,791;0,548;0,485;0,221;180,572;190307;3;25,57403;10;0;4
(Bringing Out) The Girl In Me;Maxine Nightingale;spotify:track:5fuRsSCGDlOImVIJktdyoV;0,713;0,756;9;-7,698;1;0,0401;0,752;2,22E-06;0,178;0,945;116,153;210973;4;33,07233;9;1;4
(Call Me Your) Anything Man;Bobby Moore;spotify:track:0O38BS1klXTO7qRKeEsUK4;0,624;0,604;3;-12,401;0;0,0459;0,0474;0,00159;0,263;0,76;91,554;374491;4;22,56692;15;1;4
(If Loving You Is Wrong) I Don't Want To Be Right;Luther Ingram;spotify:track:54K7o2yNOMZYCtEDnfD6wI;0,502;0,451;4;-7,423;0;0,0438;0,283;0;0,154;0,531;140,474;216800;4;35,32978;8;1;4
(If You Let Me Make Love To You Then) Why Can't I Touch You?;Ronnie Dyson;spotify:track:5QQOXL6qvhobRG7zfjQCXW;0,398;0,692;0;-8,596;1;0,045;0,496;0;0,394;0,65;93,907;203747;4;46,16124;8;1;4
(I'm Stuck In A Pagoda With) Tritia Toyota;The Dickies;spotify:track:1uK9zF99eaO6oGh8lIBCJq;0,369;0,981;4;-6,193;1;0,0586;0,0312;0,000818;0,398;0,84;174,66;172200;4;31,20109;10;0;4
(The System Of) Doctor Tarr And Professor Fether;The Alan Parsons Project;spotify:track:2IfpSQcggsntXGjXRFWj1b;0,502;0,699;10;-7,691;1;0,0301;0,313;0;0,151;0,653;85,212;260853;4;52,68474;11;1;4
(Wish I Could Fly Like) Superman;The Kinks;spotify:track:4uDnx2eQm8V9Fnj0L0k8bb;0,772;0,669;1;-11,239;0;0,0444;0,0373;2,05E-05;0,0854;0,96;123,39;214733;4;45,96332;9;1;4
(your Love Has Lifted Me) Higher And Higher;Rita Coolidge;spotify:track:39iKJpLPhsDTOzH2lXliWF;0,656;0,646;10;-9,169;0;0,0336;0,0575;0,00464;0,16;0,75;117,586;241720;4;63,69406;9;1;4
¿A Dónde Van?;Silvio Rodríguez;spotify:track:3MD5gSg3AsjmuBtBO67nNN;0,606;0,0976;2;-17,754;1;0,0473;0,949;0,000773;0,103;0,499;122,09;274835;4;28,95129;12;0;4
7.30 for 8;De Wolfe Music;spotify:track:3ymtGrt0AQIzFS30Ylv6CX;0,551;0,166;9;-17,789;1;0,0565;0,897;0,812;0,106;0,14;113,881;124871;4;37,25779;7;0;4
7-6-5-4-3-2-1 (Blow Your Whistle);Gary Toms Empire;spotify:track:157ESNUvJI8NeHjV9hcDEd;0,717;0,695;1;-9,941;1;0,0972;0,0148;5,51E-05;0,132;0,693;116,39;306973;4;118,28767;11;1;4
A Apolitical Blues;Little Feat;spotify:track:3ApqVYTzkiGRK74zw34X3X;0,375;0,435;2;-13,161;1;0,127;0,733;0,00082;0,0692;0,66;176,911;208133;3;22,63891;12;0;4
A Collective Improvisation;Lol Coxhill;spotify:track:5XecQ20dq6AOzgj7yW6MHE;0,371;0,738;5;-8,53;1;0,357;0,73;0,00645;0,611;0,397;154,406;163933;5;49,98516;7;0;4
A Cuba;Victor Jara;spotify:track:4t1bIK3bU11PEgcOaZ9sTA;0,672;0,53;1;-11,013;1;0,113;0,417;0;0,0943;0,955;121,707;240025;4;33,32468;14;0;4
A Dream Goes On Forever;Todd Rundgren;spotify:track:0tiBROmRVHxKAtgI8Hg9Sa;0,602;0,375;0;-12,308;1;0,0329;0,114;1,86E-06;0,0815;0,815;91,202;145160;4;37,13993;6;1;4
A Fifth Of Beethoven;Walter Murphy & The Big Apple Band;spotify:track:1hR3TNe1neCWRQatSVOFfX;0,688;0,506;0;-13,311;0;0,0408;0,316;0,69;0,0611;0,784;108,753;182533;4;30,61573;10;1;4
A Little Night Music: It Would Have Been Wonderful;Stephen Sondheim;spotify:track:7qCnzi8vb9RYBvrhUbgKwh;0,4;0,266;6;-12,605;0;0,0927;0,979;0;0,219;0,279;94,419;266360;3;40,56409;12;0;4
A Mother For My Children;The Whispers;spotify:track:55eqxcMFb92snDL5ays5Uf;0,421;0,72;3;-9,071;1;0,217;0,11;5,85E-05;0,0557;0,787;197,535;194093;4;32,99596;10;1;4
Abbey Road Medley;R. Stevie Moore;spotify:track:5ThtAYxiUEB2vn0X57cOb2;0,35;0,294;9;-14,932;0;0,034;0,873;0,904;0,101;0,212;82,697;620160;4;32,17161;26;0;4
Abre la Ventana;Victor Jara;spotify:track:5Oz6RB0ptlwkpu5tkqxelK;0,403;0,451;6;-10,37;1;0,0379;0,815;5,04E-06;0,0742;0,493;149,773;236727;5;26,03138;11;0;4
Absolutely Right;Five Man Electrical Band;spotify:track:4LjJIibyUazknsZNZWHOgy;0,49;0,75;4;-10,012;0;0,0353;0,145;2,37E-05;0,168;0,961;169,826;138200;4;26,81647;8;1;4
Ace's Blues;Luther Johnson;spotify:track:4zBTgfl9ugvNKJL12nO416;0,715;0,0912;9;-24,508;1;0,0493;0,917;0,247;0,0948;0,725;87,297;249067;4;61,15036;13;0;4
Achilipu;Las Grecas;spotify:track:7pZjVLRGPLQVu7tVwfIuh1;0,599;0,771;7;-7,966;0;0,0654;0,423;0;0,113;0,726;104,03;149307;4;61,08637;6;0;4
Acquarium;Arawak;spotify:track:5oGqBZ7qfZ4tXZCGYDDy86;0,327;0,0312;5;-17,775;1;0,0393;0,976;0,505;0,107;0,0335;134,085;223899;5;40,73622;12;0;4
Action;Sweet;spotify:track:2rkwEerYv5dhmu3WONhJqo;0,325;0,852;2;-6,644;1;0,0504;0,0474;0,00245;0,0781;0,636;174,799;200360;4;39,93377;9;1;4
Adoro;Chavela Vargas;spotify:track:0ZAKT4Vkaa6ddNBpkbsUTl;0,579;0,128;5;-15,578;1;0,057;0,945;2,31E-05;0,127;0,431;132,505;180320;3;39,305;8;0;4
Afro-Blue - Live In Seattle / 1965;John Coltrane;spotify:track:6lVRZFWmL6zq99tbbaoEXH;0,392;0,36;5;-16,821;0;0,0646;0,755;0,0224;0,0746;0,459;109,499;2083067;3;27,43093;82;0;4
After Cease to Exist - 32AR;Throbbing Gristle;spotify:track:0uw6lalc75cJbFFRwSTz74;0,276;0,376;6;-17,616;1;0,087;0,353;0,824;0,539;0,045;116,292;1223800;3;40,68123;52;0;4
After Midnight;Maggie Bell;spotify:track:1pMrYHgGrE9BjBWKpKKeQq;0,636;0,833;2;-7,231;1;0,0323;0,274;0,000175;0,0852;0,879;94,604;158160;4;52,91493;8;1;4
Agibore;MPB4;spotify:track:0jO9qpiW7M9hGQZMDkFxDk;0,683;0,912;11;-8,677;0;0,0667;0,196;0,00232;0,0624;0,703;123,452;184840;4;57,86512;7;0;4
Agora Ninguém Chora Mais;Erasmo Carlos;spotify:track:33Eslh2AjVt5T10PXUlsqd;0,441;0,944;11;-5,199;0;0,0394;0,00614;0,000662;0,415;0,553;109,741;157307;4;47,16002;6;0;4
Águas De Marco;Elis Regina;spotify:track:33k6iSq1SIVBOaXE898Jv1;0,611;0,322;3;-13,666;1;0,287;0,802;4,38E-05;0,121;0,857;150,686;185773;4;42,88205;10;0;4
Ah! Se Eu Pudesse;Trio Ternura;spotify:track:3NKslBEmAcpWpQWsfxXt4x;0,324;0,835;2;-6,469;1;0,12;0,566;0;0,233;0,649;184,783;142907;4;31,42043;9;0;4
Ainda Amo Você;Reginaldo Rossi;spotify:track:4IWrXCQSBJpcGSSWLNITVS;0,501;0,437;7;-10,791;0;0,0284;0,62;1,77E-05;0,129;0,727;77,839;167867;4;38,84635;8;0;4
Ain't Gonna' Hurt Nobody;Brick;spotify:track:2gdmo3ULjoHN3iDsufbvPG;0,798;0,622;11;-11,282;0;0,0341;0,0429;0,0136;0,15;0,97;114,455;235311;4;59,6164;11;1;4
Ain't That Loving You (For More Reasons Than One);Luther Ingram;spotify:track:49IQpipnAdKebfTwJRJrtM;0,536;0,544;8;-7,316;1;0,0571;0,159;0;0,057;0,398;123,841;250973;4;35,46591;13;1;4
Akhnaten: Akhnaten and Nefertiti;Philip Glass;spotify:track:103T9CKaFlcyC29QvcCWr7;0,211;0,133;0;-17,515;1;0,0409;0,988;0,0723;0,1;0,0395;117,854;254800;4;133,20473;11;0;4
Akhnaten: Epilogue;Philip Glass;spotify:track:65UB37LpjckLkbMGaC1BXD;0,143;0,146;5;-18,792;1;0,0345;0,934;0,00686;0,114;0,0388;73,433;262933;4;42,13848;15;0;4
All I See Is Your Face;Dan Hill;spotify:track:7hi9dxOuPmHnChT6SFjNWa;0,408;0,32;4;-11,813;1;0,0432;0,632;0;0,1;0,297;119,07;212121;4;28,36773;8;1;4
All Of You - Live - (take 1);Bill Evans Trio;spotify:track:0lxfsM6RJo09RjGqrsE8Ay;0,421;0,3;5;-20,337;0;0,0402;0,732;0,501;0,0992;0,504;99,086;490307;4;29,67721;24;0;4
All The Kings Horses;Aretha Franklin;spotify:track:4scnR2BdymYpgLzM9vH6Ra;0,421;0,136;10;-17,83;1;0,0411;0,726;9,42E-06;0,0896;0,298;117,275;236000;3;21,7844;16;1;4
Allan wie a Stan;Wolfgang Ambros;spotify:track:2CET0ms2nyOBoVhK2RMhrs;0,46;0,58;0;-10,724;1;0,0271;0,19;2,11E-06;0,388;0,536;94,389;350360;4;71,0461;12;0;4
Alles verändert sich;Ton Steine Scherben;spotify:track:4fONPcit50gplggjRCDnw5;0,414;0,647;2;-5,918;1;0,0344;0,451;0;0,0762;0,326;78;257400;4;67,37192;9;0;4
Almost Like Being In Love;Michael Johnson;spotify:track:44fWBsWA0NalKPjZUVaKBY;0,689;0,324;4;-16,505;1;0,0263;0,473;0,0024;0,0783;0,569;94,196;210400;4;27,97278;14;1;4
Alto Saxophone Sonata in E-Flat Major: I. Ruhig bewegt;Paul Hindemith;spotify:track:53iIjEcrbxR6dy0UGIRg3S;0,17;0,00209;8;-32,045;0;0,0494;0,995;0,95;0,11;0,164;69,221;171027;4;50,73158;8;0;4
Am I Losing You;The Partridge Family Starring Shirley Jones Featuring David Cassidy;spotify:track:2Jkad6HpWCC7lZvg1h8pfW;0,524;0,491;7;-11,652;1;0,0279;0,611;0;0,219;0,936;139,873;143773;4;21,03467;7;1;4
Amb la Boca Tancada;Ramon Muntaner;spotify:track:5GYZkNvM2fOHVXTXu1yw2X;0,32;0,675;4;-6,797;0;0,0484;0,48;2,53E-05;0,0907;0,418;156,113;156320;4;37,89994;5;0;4
Amigo;Roberto Carlos;spotify:track:24Thqkee9KZgifP7G8c70N;0,624;0,664;11;-6,994;0;0,0357;0,517;7,92E-06;0,167;0,887;144,554;211387;4;61,90255;9;0;4
And The Grass Won't Pay No Mind;Mark Lindsay;spotify:track:3iigco3j8EYAdS8bUv0hyK;0,478;0,386;1;-12,634;1;0,031;0,231;6,59E-05;0,192;0,541;121,105;204867;4;44,11792;10;1;4
Angel'S Spring;Pholhas;spotify:track:3noZrzPq7ePCo3FqtmCqss;0,319;0,532;7;-9,211;1;0,0299;0,0324;0,0336;0,24;0,438;146,362;176907;4;37,70814;7;0;4
Annie: Maybe;Charles Strouse;spotify:track:7mZ8hSSAqkNiUBSGe9hB4E;0,322;0,102;10;-13,32;1;0,0318;0,845;0,00593;0,326;0,192;91,173;157360;4;48,67704;7;0;4
Annie: Tomorrow;Charles Strouse;spotify:track:1AXO42HiJSTgPq7KbJAEjp;0,506;0,239;6;-13,473;1;0,06;0,781;0,0373;0,0946;0,252;92,087;127493;4;40,25535;4;0;4
Another Night;The Hollies;spotify:track:6XGpXFd88No06yOO68g3lN;0,727;0,814;9;-5,517;0;0,0294;0,113;0,0193;0,155;0,87;110,776;237520;4;23,1149;13;1;4
Another Time. Another Place;Engelbert Humperdinck;spotify:track:67UXWcsm9BpB2zegegHcsn;0,408;0,817;10;-9,12;0;0,282;0,155;0;0,303;0,553;157,244;185840;4;34,47562;9;1;4
Apparition de l'Église éternelle;Olivier Messiaen;spotify:track:0WyPMPJcQRp0C4zZMzNjtM;0,0633;0,241;5;-11,205;1;0,0327;0,00941;0,893;0,111;0,0313;64,55;488000;4;34,46523;25;0;4
Aquele Tempo;Leno e Lilian;spotify:track:0HRmUBZT0qamh5pJxJPPM4;0,732;0,523;11;-11,615;0;0,034;0,704;0,011;0,272;0,938;126,603;150837;4;82,80179;6;0;4
Arabia (strange fanfare leading into bazaar scene);Deuter;spotify:track:5pUVT8CPuFGZHGl9FHYlqr;0,273;0,269;3;-13,223;1;0,0423;0,882;0,991;0,0624;0,0852;137,885;217000;3;23,21445;7;0;4
Are You Leaving for the Country;Karen Dalton;spotify:track:5iJoCwE8V2niREBvF99hoB;0,515;0,238;2;-12,847;1;0,0318;0,85;6,45E-06;0,0917;0,207;135,402;194560;3;42,93859;9;0;4
Arizona;Mark Lindsay;spotify:track:2RtmMC4btQbvQ9w5KxPZpy;0,479;0,453;3;-12,806;1;0,0472;0,225;0,00038;0,143;0,756;81,18;188133;4;31,42769;8;1;4
Arrivée à Paris;Eric Demarsan;spotify:track:1dUjCzoKnqCg408N1htR46;0,466;0,534;7;-4,862;0;0,0316;0,175;0,000526;0,2;0,436;131,697;238413;3;29,66438;15;0;4
Attack Of The Mole Men;The Dickies;spotify:track:0rixOamRznbzEiutY3gS8c;0,484;0,928;11;-6,104;0;0,0376;0,000405;0,00218;0,222;0,815;133,212;221467;4;30,74447;11;0;4
Attaining - Take 1 / Alternate Version;John Coltrane;spotify:track:3EwLV5hZqLKx5e0Lp1QcB7;0,342;0,462;4;-12,931;0;0,0389;0,514;0,0181;0,0977;0,397;98,466;816867;4;24,84938;33;0;4
Attitude Dancing;Carly Simon;spotify:track:1Qak07fOmk2OnuXTDgW2FL;0,687;0,587;0;-14,726;1;0,0337;0,14;0;0,228;0,826;130,36;233627;4;23,25606;15;1;4
Atwer Abroba;Ebo Taylor;spotify:track:5eAbRhlXVPC60g76x5k7Je;0,738;0,861;5;-6,825;0;0,0639;0,575;0,676;0,147;0,928;108,339;495733;4;44,77674;20;0;4
Aubrey;Bread;spotify:track:3his1UkcI0rwrniPDR9kTj;0,326;0,0902;7;-20,588;1;0,0344;0,647;0,00091;0,198;0,218;137,611;219493;4;37,19366;11;1;4
Aum;Deuter;spotify:track:34dqvpKVKrYCaaueWGoYBI;0,515;0,0567;5;-27,078;1;0,0443;0,692;0,859;0,291;0,0893;117,275;127840;4;68,99631;6;0;4
Aun Se Acuerda De Mí;Vicente Fernández;spotify:track:6jNP4eMyAflP96pMYjuzUl;0,433;0,302;4;-7,099;1;0,0294;0,716;0;0,119;0,356;115,399;219973;3;16,19192;13;0;4
Avalon;Gordon Giltrap;spotify:track:35N2Mr9NUJUagzwA7vrySy;0,413;0,146;11;-20,29;0;0,0587;0,933;0,879;0,114;0,471;114,065;120630;3;42,22322;6;0;4
Avant-guerre;François de Roubaix;spotify:track:3N8iaYeytEBvG5S1j4qWii;0,712;0,344;7;-18,223;1;0,0378;0,723;0,757;0,208;0,776;114,526;278467;4;39,0171;12;0;4
Baby Come Back;Player;spotify:track:2eRYuzlSOBk3HlMsCSOLPJ;0,645;0,604;5;-9,904;0;0,118;0,0713;0;0,129;0,545;156,436;214373;4;47,97448;10;1;4
Baby Hold On;The Grass Roots;spotify:track:51ABZgksUv3qpjWqg1rYjP;0,662;0,71;10;-10,656;1;0,0289;0,236;0,00367;0,124;0,936;133,651;158507;4;35,83757;8;1;4
Baby Sister Blues;Johnny Shines;spotify:track:6Op638XrJJXCrkYLrOX6fG;0,543;0,106;0;-18,102;1;0,0406;0,839;0,00101;0,0863;0,528;112,812;198920;4;31,83463;10;0;4
Baby. Please;Mighty Joe Young;spotify:track:7BJs5qL7EXrVxYvc4SfkqW;0,682;0,75;0;-9,502;1;0,0367;0,233;0,00832;0,105;0,85;91,157;199800;4;56,92309;7;0;4
Baby. Please Don't Go - Live;Muddy Waters;spotify:track:0tITihlBdExCeF4U34gBW8;0,494;0,908;5;-7,51;1;0,167;0,752;0,224;0,97;0,583;145,336;244093;4;25,8495;15;0;4
Bala Com Bala;Elis Regina;spotify:track:1iOBCjc1IekAWnemXHuc4M;0,762;0,635;0;-13,806;1;0,0419;0,603;0,00644;0,0928;0,787;106,755;191360;4;29,09608;9;0;4
Ball Of Confusion (That's What The World Is Today);The Temptations;spotify:track:7gWBXNYoKH7jLZx0MgZCfl;0,535;0,774;5;-6,42;1;0,0593;0,0983;0;0,559;0,865;79,5;241493;4;26,22154;10;1;4
Ballada dla Alicji;Big Band Katowice;spotify:track:4LTDsmXrEylRDSL5bDVdMi;0,198;0,247;2;-14,113;1;0,0489;0,853;0,388;0,135;0,0723;62,614;270267;4;33,57526;11;0;4
Ballade de l'humeur vagabonde;Eric Demarsan;spotify:track:04FKrt6g37c6JGyGdB4qc0;0,458;0,437;4;-5,557;0;0,0291;0,772;1,36E-05;0,102;0,708;96,649;126907;3;38,89272;5;0;4
Baroque in Rythmn (Suite for Cello and Jazz Piano);Claude Bolling;spotify:track:6hSKbjdzimQyAXbryc3oUO;0,535;0,375;0;-15,234;1;0,0358;0,791;0,864;0,183;0,766;109,566;262307;4;37,47639;13;0;4
Barrunto;Willie Colón;spotify:track:0oCentzpU5hprEWJtggVIc;0,601;0,526;5;-10,483;0;0,0464;0,479;0,00774;0,0463;0,904;97,44;336120;4;27,16025;17;0;4
Be My Girl;The Dramatics;spotify:track:34nT7RkrF1bimYlQUFEpkq;0,57;0,31;0;-14,151;1;0,0291;0,556;6,08E-05;0,122;0,462;74,989;271467;4;51,76876;12;1;4
Be My Lover;Alice Cooper;spotify:track:7K5DQXU32pXtzwUgHsrZYy;0,532;0,434;2;-15,45;1;0,0543;0,113;0,00151;0,076;0,554;117,6;201040;4;59,46836;8;1;4
Beautiful Kauai;Don Ho;spotify:track:3awdmTTF3AL3RXmxrfAa38;0,532;0,231;5;-16,14;1;0,0323;0,908;0,000378;0,133;0,461;117,226;172800;4;58,3159;8;0;4
Beautiful Sunday;Daniel Boone;spotify:track:6DqNZJ4hhBYd8qj9WbpSTJ;0,676;0,463;9;-13,155;1;0,0306;0,309;0;0,288;0,91;121,923;182133;4;36,28697;7;1;4
Being friendly;Stefano Torossi;spotify:track:0nL8K5NRu75ehvy1Pj2JDr;0,356;0,454;7;-13,198;1;0,0287;0,039;0,391;0,073;0,344;107,324;180040;4;38,38482;8;0;4
Bell Bottom Blues;Derek & The Dominos;spotify:track:2YJgM8lj4u5YEZRSHSfL60;0,404;0,695;2;-6,162;1;0,034;0,587;0,0383;0,159;0,646;133,135;301720;4;33,6108;11;1;4
Best Thing That Ever Happened To Me;The Persuaders;spotify:track:5xN2d0IpBPSNKkahF4vnXU;0,392;0,424;2;-11,022;1;0,0379;0,786;0,00636;0,125;0,404;74,02;295000;4;46,33744;13;1;4
Bhimpalasri Jhala;Nikhil Banerjee;spotify:track:2fR04Ct6BMPZNOZNAQr8v8;0,311;0,569;9;-20,641;0;0,0402;0,81;0,617;0,675;0,622;97,393;171227;3;48,23317;7;0;4
Big Man. Big M.a.n;Crass;spotify:track:5ghXFtDttXPRlUCrLAbmTo;0,485;0,844;2;-7,166;1;0,351;0,0686;0;0,438;0,593;168,755;166147;4;37,31527;9;0;4
Big Norm;Ebony;spotify:track:53qpPQxITn5wkxLyttMODA;0,418;0,742;9;-8,169;1;0,0933;0,268;1,31E-06;0,118;0,794;138,798;193773;4;39,04841;8;0;4
Bird Walk;Schawkie Roth;spotify:track:5iPIeLuQuV6y2UwCv2Ybcl;0,173;0,242;4;-15,795;0;0,0397;0,974;0,633;0,946;0,101;91,874;734027;3;31,53267;34;0;4
Birthday Party - 2019 Remastering;Haruomi Hosono;spotify:track:1xCPCv4Sa1fmx8l6vIzo1x;0,659;0,59;4;-8,032;1;0,078;0,43;0,509;0,125;0,522;83,825;233973;3;34,05026;11;0;4
Bitches Brew;Miles Davis;spotify:track:4IqzVeWfWLPQ2deCYYWeXL;0,4;0,512;10;-9,094;0;0,0348;0,534;0,276;0,104;0,17;99,18;1618693;4;38,0865;49;0;4
Bitter Bad;Melanie;spotify:track:2tMJAOWb2Qe9oJeMGZ5n5q;0,572;0,596;3;-10,884;1;0,0294;0,406;0;0,222;0,943;139,984;153573;4;28,76059;6;1;4
Black & White;Three Dog Night;spotify:track:4XcUADpOth9Wroq5EVMFJq;0,688;0,577;11;-12,093;1;0,0292;0,493;1,04E-05;0,528;0,961;109,077;206080;4;42,70986;8;1;4
Blood and Jasmine;Alex de Grassi;spotify:track:05Fso13NLqC47WbWpCZDpP;0,288;0,135;4;-24,16;1;0,0483;0,948;0,853;0,102;0,18;151,09;266200;3;142,10352;6;0;4
Bloody Well Right;Supertramp;spotify:track:2SmlWvdYG6FsagxN3FkHMI;0,575;0,446;3;-13,839;1;0,105;0,426;0,0175;0,0656;0,532;75,501;272432;4;39,50297;11;1;4
Blue Angel;R. Stevie Moore;spotify:track:6cPZIWHKQC7WSUEweL3kNU;0,586;0,318;5;-16,836;1;0,0332;0,0281;0;0,315;0,724;112,106;167227;4;19,31409;8;0;4
Blue Bayou;Linda Ronstadt;spotify:track:3zxklD2EGecZre9MjEEvIU;0,732;0,161;11;-12,817;1;0,0306;0,739;0,000379;0,105;0,5;95,21;239400;4;31,84912;12;1;4
Blue Money;Van Morrison;spotify:track:7xl2NWfTiZzTycHhDwws7u;0,665;0,46;2;-14,902;1;0,041;0,787;0,0015;0,0601;0,819;153,971;228107;4;41,59112;12;1;4
Bold Soul Sister;Ike & Tina Turner;spotify:track:6g2RtR71Qj12dKQIwPpFJc;0,775;0,688;3;-12,959;1;0,0699;0,224;0,0411;0,117;0,93;94,143;158508;4;42,2136;8;1;4
Bom Dia. Rock 'N' Roll;Erasmo Carlos;spotify:track:5VOlPuJBQSBTL7toBW60jg;0,445;0,939;9;-5,59;1;0,105;0,386;0,497;0,234;0,881;176,5;192653;4;28,50443;10;0;4
Bonaparte's Retreat;Doc & Merle Watson;spotify:track:0b8jUiJFC5P47PNrRSRQyg;0,548;0,394;2;-11,666;1;0,0282;0,864;0,856;0,1;0,472;105,79;122480;4;33,31313;8;0;4
Boogie Woogie Bugle Boy;Bette Midler;spotify:track:7MuMALGZV3KhVA9AS9TFup;0,658;0,647;0;-6,787;1;0,137;0,659;0;0,174;0,825;98,49;137173;4;92,50927;4;1;4
Boogie Woogie Man;Paul Davis;spotify:track:0I5EVgdKmbHyddyvMNvO6W;0,8;0,866;9;-6,069;1;0,0404;0,667;0;0,162;0,968;130,15;147373;4;38,14948;9;1;4
Bossa Nostra;Jan Ptaszyn Wróblewski Quartet;spotify:track:6PPHNs3QxD63xzZSSlWrUN;0,47;0,495;0;-11,567;1;0,0388;0,677;0,516;0,105;0,353;130,644;339840;4;29,28067;17;0;4
Boston Blues - Remastered;kalapana;spotify:track:2LsTh7Uq9poctf0JfDTkYV;0,368;0,514;2;-7,76;1;0,0303;0,447;2,22E-06;0,266;0,293;75,177;265413;4;39,4491;10;0;4
Bourgeois Blues;Lead Belly;spotify:track:6ieR5a93zbd5O9MjdSNAy4;0,505;0,122;9;-12,704;1;0,0783;0,995;0,0189;0,123;0,55;73,253;201574;4;30,31308;8;0;4
Brazil - Alternate Take;Antônio Carlos Jobim;spotify:track:08vkLM8DiKJTisZMaEA6bs;0,408;0,41;10;-20,076;0;0,0387;0,528;0,877;0,104;0,709;96,139;325507;4;51,03844;18;0;4
Break Up To Make Up;The Stylistics;spotify:track:3TxCVEadoqOUUxDp9gTh2H;0,583;0,301;4;-10,598;1;0,0243;0,883;0;0,334;0,337;79,364;239840;3;22,39999;13;1;4
Brick House;Commodores;spotify:track:5VJjhHyG8NZ5xdgG6uTb3P;0,831;0,782;4;-10,48;0;0,0595;0,0731;0,0171;0,032;0,631;107,877;208893;4;49,44151;8;1;4
Bridget The Midget (The Queen Of The Blues);Ray Stevens;spotify:track:3Q3jr0TmGMEjFieUO0hBOw;0,341;0,703;5;-15,473;0;0,13;0,611;0,000308;0,905;0,725;181,658;219240;4;48,47382;11;1;4
Bring Back The Love Of Yesterday;The Dells;spotify:track:5cenl0ZxXU2bmInlbggGt4;0,423;0,534;6;-14,465;1;0,11;0,639;0,83;0,183;0,605;162,055;232760;4;22,48152;12;1;4
Brown Eyed Girl;El Chicano;spotify:track:44d1WjVviKVMI87GHwbdh8;0,643;0,558;7;-11,919;1;0,033;0,0304;4,32E-06;0,0563;0,922;134,818;237267;4;49,66526;8;1;4
Brujo;National Health;spotify:track:4f6xjWoGZIsgYX7yIy4OLK;0,301;0,448;2;-11,595;1;0,0648;0,817;0,214;0,0557;0,317;81,589;613175;4;21,06966;31;0;4
Buen Día. Paloma;Facundo Cabral;spotify:track:5GS4NlVlgVfcc6qkkCSf8X;0,278;0,107;11;-17,304;0;0,0348;0,954;0,0828;0,11;0,144;93,873;148147;4;54,25312;6;0;4
Bugle Call Rag;Eric Weissberg;spotify:track:5Cy3ZvYYZbXWAVc00bCyAY;0,299;0,358;7;-17,351;1;0,0406;0,259;0,879;0,132;0,889;145,191;94200;4;39,02415;6;0;4
Busca Sem Fim;Carlos Alexandre;spotify:track:0o55E6KdPeeaNhJVuev91D;0,648;0,56;0;-9,863;0;0,0287;0,21;1,14E-05;0,39;0,965;137,15;224360;4;28,37031;14;0;4
BUZZARD FEATHERS;Compost;spotify:track:2Ow6gSntB97oNSBcFp4XrF;0,666;0,833;5;-9,592;0;0,0464;0,0843;0,83;0,089;0,951;100,299;381133;4;20,03397;12;0;4
Ca Plane Pour Moi;Plastic Bertrand;spotify:track:71yCMlsD6qbD7NmNUEoVNR;0,422;0,943;10;-4,365;1;0,0954;0,074;6,83E-05;0,105;0,845;165,764;182133;4;35,67506;10;1;4
Cada Um dá O Que Tem;Reginaldo Rossi;spotify:track:00DLPqq7kwjLj4mORdEwLt;0,775;0,516;5;-13,939;0;0,0335;0,163;0,00229;0,118;0,97;133,372;177200;4;63,37477;8;0;4
California Kid And Reemo;Lobo;spotify:track:2yLbDZ5Qsf0CWwf3L69d9F;0,722;0,592;2;-12,053;1;0,0298;0,0886;0;0,0371;0,956;119,969;168960;4;26,59591;8;1;4
California My Way;The Main Ingredient;spotify:track:0eoVcSKmRdsyEC5wdhwu2b;0,634;0,785;7;-7,683;1;0,035;0,485;0,012;0,109;0,933;94,682;277413;4;62,7988;11;1;4
Call My Name. I'll Be There;Wilson Pickett;spotify:track:0UJFPOVFlNYtixC0eZT1Oh;0,611;0,63;10;-7,667;0;0,0298;0,0489;0;0,31;0,958;108,151;137800;4;29,07323;9;1;4
Calling Dr. Love;KISS;spotify:track:7xD7MvjAdZkx1YICschIuI;0,544;0,884;8;-8,166;1;0,144;0,663;7,26E-06;0,381;0,467;127,215;224667;4;39,20222;11;1;4
Can I Get A Witness;Lee Michaels;spotify:track:13glZTGfrgtr0Anp7FQd0R;0,654;0,82;0;-9,006;1;0,0565;0,212;3,81E-06;0,168;0,909;139,075;184146;4;35,22998;10;1;4
Can The Can;Suzi Quatro;spotify:track:6K0kK40E7PA2i9LsGmVCfK;0,646;0,831;10;-6,011;0;0,16;0,017;0,91;0,422;0,593;133,431;214400;4;69,23854;9;1;4
Cancion para David;Ana Belén;spotify:track:5z1qn9DNstzTBShGkoGmzU;0,243;0,215;4;-15,385;1;0,0412;0,747;0;0,117;0,173;187,884;195867;4;16,19849;9;0;4
Cançó D'Amor;Jaume Arnella;spotify:track:5REWZL4kTHQCbMNl6iWKOw;0,355;0,37;2;-9,815;1;0,029;0,662;0,000176;0,242;0,405;103,594;264893;4;22,55659;12;0;4
Cançó de L'Elefant;Josep Maria Espinàs;spotify:track:5kYv6xvb2hgFESQD070T6v;0,648;0,231;9;-10,868;1;0,044;0,665;5,82E-06;0,143;0,642;144,546;95349;4;44,30005;5;0;4
Cançó del Prim;Josep Maria Espinàs;spotify:track:4CtricsHUyRtvfw6cMl9gb;0,716;0,464;5;-7,608;0;0,052;0,803;0;0,306;0,922;106,993;72088;4;36,20429;5;0;4
Capture The Moment;Jay & The Americans;spotify:track:78MDHqXnMO2JF6mCEV6T40;0,4;0,515;9;-8,949;0;0,0352;0,519;1,10E-06;0,224;0,472;122,41;142653;3;41,85638;7;1;4
Carolina. Carol Bela;Toquinho;spotify:track:04I65zU0s8DSkQq3sN7paS;0,444;0,544;7;-10,728;0;0,0353;0,767;0,000453;0,177;0,963;85,468;187720;4;28,96238;9;0;4
Cascade;Gordon Giltrap;spotify:track:2VT0HlDPsfpWTeL7c2GXCC;0,45;0,707;2;-14,019;1;0,0345;0,333;0,785;0,292;0,831;141,06;221653;4;48,91325;8;0;4
Cativo;Amado Batista;spotify:track:3zo8ynAVXEiKHqcliLiitA;0,518;0,571;7;-10,272;1;0,0659;0,537;1,05E-05;0,159;0,544;143,462;230707;4;90,24533;8;0;4
Cat's In The Cradle;Harry Chapin;spotify:track:2obblQ6tcePeOEVJV6nEGD;0,489;0,577;10;-9,765;1;0,042;0,233;0;0,123;0,519;78,112;222951;4;35,23486;12;1;4
Cattle In The Cane;Norman Blake;spotify:track:2Wuf6ERV0Yo8vNXOpq6SlB;0,305;0,523;3;-13,289;1;0,0389;0,722;0,816;0,355;0,965;125,752;132960;4;33,25888;7;0;4
Celebrate;Three Dog Night;spotify:track:3uQyGzJkoJ4N0rBVuCCuOB;0,255;0,742;2;-7,232;1;0,0489;0,307;0,0001;0,293;0,53;96,493;194773;4;44,05652;7;1;4
C'est normal;Brigitte Fontaine;spotify:track:6RAoUrnaMF6ttwGWSTDOk5;0,802;0,396;11;-14,345;0;0,375;0,598;0,000756;0,0875;0,823;93,741;262960;4;24,5393;17;0;4
CHANGING STREAMS;Compost;spotify:track:0HbgMEIv7NjKcvfhz6GMjn;0,419;0,76;2;-8,969;1;0,079;0,0717;0,00905;0,088;0,655;159,369;316400;4;41,53966;16;0;4
Charity Concert / I'd Be Surprisingly Good For You - Original Cast Recording/1979;Patti LuPone;spotify:track:34QZso3hbH0IXsL65sgRMX;0,469;0,32;4;-16,794;0;0,131;0,895;2,48E-06;0,402;0,513;115,966;358933;4;45,50852;13;0;4
Cheeseburger In Paradise;Jimmy Buffett;spotify:track:6VeZ970uI0Yi6sjBgyFBrp;0,698;0,689;2;-12,529;1;0,0577;0,167;0,000119;0,0692;0,972;139,997;176093;4;64,93475;9;1;4
Chiclete Com Banana;Gilberto Gil;spotify:track:3WwwLqCywO2GCxVYzhdG0H;0,761;0,76;7;-7,122;1;0,0437;0,472;6,10E-06;0,162;0,832;165,11;203093;4;32,41111;11;0;4
Choro;Antônio Carlos Jobim;spotify:track:7AD0HyWHuDjcS74zGAzOhO;0,724;0,289;10;-21,862;0;0,0622;0,62;0,819;0,116;0,852;139,786;128280;4;36,5182;8;0;4
Church St. Blues;Norman Blake;spotify:track:7IWD1wWQxoVtLEOEzXqcOB;0,513;0,334;6;-15,351;1;0,0312;0,868;0,175;0,0973;0,817;106,899;175000;4;31,79486;8;0;4
Clap For The Wolfman;The Guess Who;spotify:track:1od6mE18KChjjcZv5DZ0KS;0,614;0,737;4;-10,212;1;0,0502;0,407;4,03E-05;0,75;0,864;90,584;258267;4;26,74809;13;1;4
Cold Water;Christophe;spotify:track:63wO2GONCOLthuUfmuol7X;0,214;0,334;9;-9,069;0;0,0366;0,944;0,947;0,118;0,0767;117,032;159640;4;40,86243;8;0;4
Cole. Cooke & Redding;Wilson Pickett;spotify:track:5w6dCP5oEZskR2D9TU4Vxe;0,446;0,4;7;-16,993;1;0,0579;0,272;1,09E-05;0,0605;0,625;140,091;233267;4;45,17889;10;1;4
Como Nossos Pais;Elis Regina;spotify:track:2ZC8sdv4Kvuql7Q9T8Agzv;0,491;0,498;2;-7,658;1;0,0821;0,302;0;0,0734;0,478;143,719;261600;3;45,3772;11;0;4
Compatibility Leaves;R. Stevie Moore;spotify:track:7DOex2KMNPH6eNQ7wh9unY;0,697;0,468;7;-15,87;1;0,0452;0,00536;0,269;0,13;0,744;129,961;215827;4;44,82759;11;0;4
Concierto De Aranjuez;Jim Hall;spotify:track:7f4HuYwZb8BXCqh3Q67MOf;0,516;0,201;2;-17,528;0;0,0333;0,937;0,89;0,111;0,319;130,938;1154040;4;29,98125;49;0;4
Concrete Parachute - Instrumental;Stefan Grossman;spotify:track:1qbEaa2abzk0B8csypHz4d;0,519;0,334;7;-11,614;1;0,0347;0,223;0,925;0,15;0,0866;93,072;139867;4;27,59308;8;0;4
Congregavit nos in unum - Ubi caritas et amor + Psalm 133 (132). Verse 1 (Antiphon);Traditional;spotify:track:1msVTRHQor3kk1RLM6uQoF;0,272;0,0267;1;-22,511;0;0,0458;0,983;3,07E-06;0,215;0,0464;106,223;82773;3;31,26122;5;0;4
Cook With Honey;Judy Collins;spotify:track:20cU9dg5zHpOvNV9nKyFqZ;0,488;0,378;2;-11,727;1;0,0301;0,891;0;0,101;0,753;148,34;211267;4;24,14194;11;1;4
Cool Change;Little River Band;spotify:track:1RaUxP6LHVAgbmLOn2naLl;0,388;0,368;9;-10,984;1;0,0289;0,319;2,02E-06;0,0992;0,175;128,527;313320;4;27,96229;10;1;4
Copacabana (at The Copa);Barry Manilow;spotify:track:5FMXrphygZ4z3gVDHGWxgl;0,606;0,899;7;-6,412;0;0,0758;0,333;0,000102;0,0754;0,66;116,735;236760;4;38,92476;11;1;4
Coração Leviano;Clara Nunes;spotify:track:09bSOABNg38681JDYTsiDv;0,57;0,731;11;-9,233;1;0,0846;0,0582;0;0,345;0,94;108,745;180000;4;28,77486;9;0;4
Cotidiano;Chico Buarque;spotify:track:127twwy3iCo1xBRQHyWetU;0,477;0,835;7;-5,248;0;0,0533;0,38;8,30E-06;0,062;0,778;89,855;168373;4;60,48737;5;0;4
Couldn't Get It Right;Climax Blues Band;spotify:track:7GSCnEFxiD6Im98CbfySDw;0,727;0,641;2;-11,074;1;0,0392;0,0234;0,0136;0,109;0,652;102,589;198947;4;25,22444;11;1;4
Crawl Space;Art Farmer;spotify:track:6RZ9lSor7Nfku3SrI8r4V5;0,561;0,593;5;-12,329;0;0,0581;0,848;0,853;0,0815;0,915;176,455;531453;4;38,99711;27;0;4
Crazy Love;Poco;spotify:track:4l6uTQ4A2eWZrOzjgm1bey;0,415;0,256;3;-19,376;1;0,0305;0,189;0;0,151;0,634;82,124;176800;4;41,3559;7;1;4
Crossing No. 9;Norman Blake;spotify:track:7nyhyi7BSzwtX0YIqIahrb;0,494;0,321;6;-13,868;1;0,0289;0,77;0,303;0,239;0,702;97,968;167000;4;43,25513;8;0;4
Crying Blues;Earl Hooker;spotify:track:0qsnj0vN0NecpHmzjfjlmT;0,58;0,714;7;-5,349;1;0,0391;0,337;4,46E-06;0,523;0,934;112,336;117374;4;33,92212;7;0;4
Cuando Tenía Tu Edad;José Alfredo Jimenez;spotify:track:4sJ3gA4Ftkbuq6ULxq2NX7;0,366;0,482;9;-11,266;1;0,0979;0,161;5,83E-05;0,489;0,488;169,738;162800;3;21,34233;10;0;4
Curb Job;The Dickies;spotify:track:2kzGaWAsXInc0rotr21U8J;0,382;0,924;9;-8,388;1;0,0482;0,000544;0,0546;0,298;0,725;99,419;158973;4;19,88169;9;0;4
D.O.A.;Bloodrock;spotify:track:0whBqRSuzEa2ZLv1LeG3K6;0,344;0,433;4;-7,869;0;0,0329;0,636;0;0,373;0,0397;133,468;274987;4;45,15323;9;1;4
D'amore si muore: Si muore d'amore - Soundtrack;Ennio Morricone;spotify:track:65SufSjQwliumRuAARPmXq;0,163;0,201;9;-17,837;0;0,0363;0,929;0,676;0,0785;0,09;67,599;229800;4;50,81028;9;0;4
Dance Away;Roxy Music;spotify:track:6BKVev5kACyEaolcJkaUbz;0,804;0,688;0;-5,893;0;0,0632;0,0662;0,000112;0,0392;0,942;123,002;228267;4;25,11736;8;1;4
Dancin' Fool;Frank Zappa;spotify:track:6tCk1N85t6h4v1xXI6o0Ad;0,547;0,644;2;-9,417;1;0,147;0,412;2,72E-06;0,517;0,546;132,872;222800;4;27,7645;11;1;4
Dancin' Shoes;Nigel Olsson;spotify:track:3DdqJR9hrVAaXQRwJkkJP6;0,329;0,383;3;-13,55;1;0,0341;0,0178;2,41E-05;0,0446;0,521;202,001;245067;3;48,23568;9;1;4
Dar buten inne Masch;Hannes Wader;spotify:track:7qpP87krX9Hc2pR3if51pC;0,655;0,394;2;-14,999;1;0,0315;0,167;4,58E-05;0,0927;0,965;128,001;143867;4;57,9759;7;0;4
Dark Eye Tango;Al Di Meola;spotify:track:2dhUHZRP0Wh84fm7jZy7bO;0,381;0,658;3;-13,976;0;0,044;0,188;0,474;0,0982;0,596;127,393;322973;4;40,54945;11;0;4
Dark Horse;George Harrison;spotify:track:14zj5jZTzV1MN8pQAR730z;0,607;0,681;2;-12,471;1;0,0489;0,0928;0,00041;0,351;0,784;95,48;233720;4;26,48337;9;1;4
Darkness. Darkness;The Youngbloods;spotify:track:3bOI2dlp0Ia1clWqxVAqQS;0,375;0,26;0;-16,294;1;0,0269;0,41;0,218;0,125;0,54;95,18;226952;4;43,86216;8;1;4
Dawning Of The Day;Starcastle;spotify:track:3cXRNsgDzXoZFrOvxsXExK;0,498;0,727;0;-6,638;1;0,0273;0,00338;0,000812;0,197;0,692;125,641;224333;4;61,30589;11;0;4
Day to Day;The Paul Butterfield Blues Band;spotify:track:6hZqVS7LJWSy7dZJXIUN6I;0,518;0,821;1;-7,923;1;0,142;0,0877;0,0814;0,0793;0,651;101,896;197800;4;42,00492;7;0;4
Daydream Believer;Anne Murray;spotify:track:6qnPCgHTRisbxBT19Gw7cN;0,592;0,538;10;-8,292;1;0,0256;0,0171;2,80E-05;0,101;0,579;126,506;149293;4;35,8493;7;1;4
Dead Faces;Pholhas;spotify:track:3NdqpU3WQbREXMYaIMrlUk;0,515;0,646;6;-10,022;0;0,0385;0,00557;0,095;0,146;0,76;129,786;120693;4;47,34036;6;0;4
Deck Of Cards;Prince Far I;spotify:track:2oIyS3XYnz3cWB4cXR9cwQ;0,607;0,651;9;-7,597;1;0,205;0,00487;1,62E-05;0,0611;0,578;148,252;193004;4;38,28653;9;0;4
Dedicated To The One I Love;The Temprees;spotify:track:1AlbjjksaiWcuzKpzt2DIR;0,348;0,318;5;-11,448;0;0,0289;0,511;3,99E-05;0,104;0,294;140,025;407040;3;34,92165;14;1;4
Deeper (In Love With You);The O'Jays;spotify:track:1PSfY3lSwBD888PZW0s5JH;0,575;0,562;3;-11,118;1;0,0305;0,208;0;0,344;0,902;169,362;159293;4;32,50667;9;1;4
Dervish D.;Vangelis;spotify:track:1q6IKIwzVuoiyBbWP0SM6u;0,705;0,782;6;-11,875;0;0,0368;0,676;0,798;0,05;0,963;92,855;315227;4;32,05326;16;0;4
Desdemona;The Searchers;spotify:track:11Ykrqm9NfQE6Rx8nOEC5H;0,425;0,848;6;-7,96;0;0,102;0,000401;0;0,0857;0,586;112,912;139787;4;26,96788;7;1;4
Desert Rock (spaceship. orbit);Deuter;spotify:track:55Krj1hu3IHcrlSJVDXsFI;0,303;0,0685;1;-18,852;1;0,0535;0,986;0,957;0,118;0,0326;123,023;52800;4;8,55792;3;0;4
Déshominisation (II);Alain Goraguer;spotify:track:1QRNfxKirdettFnkCQztZt;0,305;0,506;6;-7,486;0;0,0329;0,226;0,00808;0,175;0,347;118,794;57653;3;16,73517;3;0;4
Didn't I (Blow Your Mind This Time);The Delfonics;spotify:track:5UPC5V1rOrg9l6aqpE24XY;0,412;0,512;7;-6,314;1;0,0304;0,666;0,126;0,096;0,319;137,642;200920;4;22,89846;11;1;4
Die letzte Schlacht gewinnen wir;Ton Steine Scherben;spotify:track:1Qt5I0e5VwHLSiczsQJjPn;0,5;0,899;0;-5,864;1;0,031;0,000504;1,93E-05;0,104;0,826;90,122;258573;4;20,20514;14;0;4
Dirt - Take 10;The Stooges;spotify:track:4tAAQVNROznodYkmZ7sSoy;0,44;0,68;9;-6,796;0;0,0283;0,18;0,193;0,105;0,51;140,445;429760;4;27,07227;17;0;4
Disco Rufus;Stargard;spotify:track:6T5ijGkSINcoCGEejEF7fO;0,823;0,602;0;-16,175;1;0,0574;0,0268;0,00095;0,0564;0,844;120,971;198360;4;28,80764;9;1;4
Disritmia;Martinho Da Vila;spotify:track:7fs6csqE3EltCrESv6cn0J;0,674;0,419;7;-12,413;0;0,268;0,747;0;0,0797;0,87;150,131;144760;4;31,83284;9;0;4
Do I Love You;Paul Anka;spotify:track:43Mt4nQ5UhdO5W3kStFaDC;0,576;0,368;8;-10,321;1;0,0258;0,671;4,40E-06;0,162;0,381;141,889;291213;4;27,33729;13;1;4
Do The Funky Chicken;Rufus Thomas;spotify:track:1ZtPpbHgnj6JLIv1Rpuc3x;0,796;0,402;8;-13,677;1;0,164;0,0208;2,70E-05;0,0274;0,741;114,838;198120;4;33,73962;12;1;4
Do What You Wanna Do;Five Flights Up;spotify:track:23jlbDsVtErIax2XSaZDHW;0,555;0,377;1;-11,634;1;0,0278;0,6;0;0,147;0,415;75,822;153160;4;28,68919;8;1;4
Do Ya;Electric Light Orchestra;spotify:track:0NN32Knbyo4gM1DKY9rdzg;0,494;0,571;2;-5,862;1;0,0332;0,0394;0,000518;0,602;0,712;124,045;225107;4;46,25678;9;1;4
Doctor Love;First Choice;spotify:track:6G8s19BainATJIjqIwXcre;0,552;0,661;8;-10,047;1;0,0351;0,00477;0,00961;0,148;0,753;118,365;500200;4;40,09543;19;1;4
Dolphin Dance - Instrumental;Ron Carter;spotify:track:0U3BSnegXndYRC6vPjrtsQ;0,37;0,479;9;-14,539;0;0,0329;0,327;0,829;0,107;0,487;100,544;497107;3;35,47857;23;0;4
Don't Cha Love It;The Miracles;spotify:track:2Mef3MskMSCGKx7tF8HQ1V;0,661;0,709;10;-10,931;0;0,049;0,329;1,44E-06;0,0596;0,905;86,039;201560;4;43,75603;9;1;4
Don't Cry Joni;Conway Twitty with Joni Lee;spotify:track:0pvfhcqCJj8DT4vpI5U1Kn;0,719;0,372;2;-10,34;1;0,0265;0,87;9,14E-05;0,176;0,607;100,387;222733;4;47,50933;11;1;4
Don't Expect Me To Be Your Friend;Lobo;spotify:track:5mXxGgaqcH9KNf5K0OKd5W;0,513;0,347;1;-13,506;1;0,029;0,273;0,0417;0,0805;0,52;78,811;217907;4;15,75577;11;1;4
Don't Give Up On Us;David Soul;spotify:track:23IWhAK0cYRwnBT5EE8i3u;0,256;0,335;9;-13,588;1;0,0313;0,74;0,0166;0,0857;0,415;198,745;218947;4;76,02905;9;1;4
Don't Hide Your Love;Cher;spotify:track:6Re2KIwOFYOzZtH02fwPd0;0,495;0,34;9;-14,689;1;0,0394;0,463;0;0,146;0,751;149,364;171573;4;29,10788;10;1;4
Don't Let It Show;The Alan Parsons Project;spotify:track:5Okza4hx8iJwgHIdZz01kd;0,353;0,507;1;-8,158;1;0,0363;0,436;0,0401;0,0941;0,117;131,823;265747;4;47,54789;9;1;4
Don't Let Me Be Misunderstood;Santa Esmeralda Starring Leroy Gomez;spotify:track:6rhVKeUhQTGLIRmQOfc9Wo;0,669;0,815;9;-8,998;0;0,0838;0,0329;0,00105;0,0498;0,784;117,809;628547;4;24,94666;24;1;4
Don't Stop 'til You Get Enough;Michael Jackson;spotify:track:46eu3SBuFCXWsPT39Yg3tJ;0,878;0,821;11;-9,875;1;0,089;0,126;0,0461;0,183;0,947;118,881;365467;4;34,59036;15;1;4
Don't Trust The Kids;Ashra;spotify:track:0utjbAGFJCBUPPYXm3MAph;0,409;0,292;6;-14,335;0;0,0354;0,668;0,623;0,182;0,847;130,536;194867;4;45,04589;8;0;4
Don't Want To Say Goodbye;Raspberries;spotify:track:5A3nftO7SgKA91W5OdC7Ze;0,352;0,7;2;-6,43;1;0,0312;0,684;0,156;0,113;0,245;84,09;308080;4;19,2009;13;1;4
Dos Cosas;Los Terricolas;spotify:track:6845FMlsehRJIXLnzfYRSb;0,487;0,489;9;-6,457;0;0,0296;0,411;1,21E-05;0,138;0,457;79,708;229018;4;35,72675;7;0;4
Down;John Hartford;spotify:track:39JSZxriVOyeELRQ7GoQOA;0,513;0,768;2;-12,425;1;0,0346;0,234;0,525;0,297;0,828;142,679;126093;4;19,50626;9;0;4
Down in Mississippi;J.B. Lenoir;spotify:track:4tUsOCJjCcjANVQtKioPnq;0,667;0,485;9;-9,318;1;0,0291;0,809;0,000168;0,0562;0,779;152,371;196693;4;70,41442;8;0;4
Down On Me;Janis Joplin;spotify:track:42TKLlMFDXauhLzj7zOPUx;0,597;0,582;7;-9,424;1;0,0498;0,255;0,0168;0,137;0,795;141,15;124760;3;18,66739;6;1;4
Draw The Line;Aerosmith;spotify:track:6wAt7QG4nA9DpVUTgfAfuh;0,334;0,957;9;-8,351;1;0,0491;0,0627;0,615;0,291;0,626;143,395;203893;4;48,70997;9;1;4
Dreamin;Loleatta Holloway;spotify:track:0aocjXYGXZ8HedXYaio4dZ;0,619;0,903;1;-7,923;0;0,15;0,125;0;0,091;0,697;117,816;381733;4;37,05667;14;1;4
Drift Away;Dobie Gray;spotify:track:11YWR8tzDTR2P4KZ3lAySj;0,508;0,46;11;-7,662;1;0,0404;0,325;0;0,648;0,565;75,836;234301;4;32,38346;8;1;4
Drop By My Place;Little Carl Carlton;spotify:track:71DMqKYyDkS1otrkh0vR1x;0,803;0,686;0;-5,114;1;0,0321;0,661;2,51E-06;0,09;0,924;96,35;167053;4;30,18633;8;1;4
Early Autumn;Woody Herman & His Orchestra;spotify:track:7Hw4pdh2wUrWOyWumF1Ngd;0,464;0,143;10;-16,168;0;0,032;0,916;0,699;0,0999;0,128;66,846;193560;4;78,33597;7;0;4
Easy Come. Easy Go;Bobby Sherman;spotify:track:4Ht8wlFBxdNiQQSdWTBOik;0,539;0,386;4;-11,197;1;0,0338;0,853;0,000522;0,708;0,755;142,823;160000;4;26,21013;9;1;4
Easy To Be Hard;Cheryl Barnes/Hair Soundtrack;spotify:track:0upj9oFTHybdZjZpeWW5B8;0,361;0,524;2;-10,191;1;0,0772;0,568;0,00032;0,0753;0,377;79,507;224707;4;25,05047;11;1;4
Einstein on the Beach: Act I. Scene 1 - Train;Philip Glass;spotify:track:2ga5HWiAHUon3G6hW03zZJ;0,462;0,698;8;-12,845;1;0,0354;0,405;0,000247;0,442;0,588;140,02;1039640;4;47,38825;34;0;4
Einstein on the Beach: Act II. Scene 2 - Night Train;Philip Glass;spotify:track:5fvpDgyZ5NeBY9F4LXyyLz;0,2;0,582;8;-15,305;1;0,0396;0,485;2,21E-06;0,0952;0,803;91,518;832200;4;33,17069;21;0;4
Einstein on the Beach: Act IV. Scene 2 - Bed;Philip Glass;spotify:track:16jXSliWH7o4MqTVX9U3ly;0,0932;0,0495;4;-25,798;0;0,0473;0,512;0,131;0,0808;0,0365;80,305;708960;4;45,36526;28;0;4
Einstein on the Beach: Knee Play 5;Philip Glass;spotify:track:2XYfXktvXFmdEKAQYiYsbW;0,613;0,0585;7;-23,306;1;0,0496;0,0586;0,000786;0,227;0,0381;111,084;329973;3;57,939;12;0;4
El Condor Pasa (If I Could);Simon & Garfunkel;spotify:track:1eN42Q7IWRzRBq8eW2Y2TE;0,33;0,214;4;-17,699;0;0,0311;0,836;0,0701;0,178;0,275;147,795;187040;4;44,54876;11;1;4
El Parque;Billy Bond y La Pesada;spotify:track:7JaVrdnnfTlzSFruCMp40Q;0,605;0,554;2;-10,617;1;0,091;0,531;0,0667;0,0763;0,598;139,646;288387;4;53,65481;11;0;4
Elegia;Joan Manuel Serrat;spotify:track:1gHBTPy2c3xsUMR8dVmsBT;0,306;0,259;4;-9,997;0;0,036;0,67;3,61E-06;0,161;0,229;75,878;353467;4;43,02755;13;0;4
Emília / Tristeza / Pra Seu Governo;MPB4;spotify:track:4Vq2RruHFOkNsCOkzJUtGY;0,643;0,817;2;-7,911;1;0,0976;0,446;0;0,296;0,773;97,407;212629;4;34,73865;10;0;4
Engine Number 9;Wilson Pickett;spotify:track:0Q0E6Xe8OvefYLYfVPfRhs;0,577;0,853;10;-8,097;0;0,112;0,00585;0,00699;0,0612;0,882;191,255;171600;4;29,91199;12;1;4
Enquanto Engoma A Calça;Ednardo;spotify:track:64JF6DqxJsGxiyUAhbHX49;0,655;0,759;0;-9,235;1;0,25;0,249;0;0,18;0,707;97,455;213133;4;48,29161;8;0;4
Esqueca E Perdoa;Leno e Lilian;spotify:track:6ajnhjQ4fSiAykC6OeYHWv;0,605;0,428;4;-12,666;1;0,0294;0,585;0,00148;0,385;0,615;111,064;178747;4;36,6323;9;0;4
Evangelho - Ao Vivo;MPB4;spotify:track:3fMCHieEuvIwcbqfiBbCpD;0,421;0,566;11;-7,092;0;0,0425;0,329;8,81E-06;0,262;0,266;130,014;165320;4;38,77612;9;0;4
Evening Star;Robert Fripp;spotify:track:5lpw5NewnpIgO1yal6Vjl4;0,369;0,126;2;-16,478;1;0,0315;0,896;0,0723;0,0733;0,036;97,341;470922;4;39,41052;19;0;4
Every 1's A Winner;Hot Chocolate;spotify:track:5MXXbGYNmRHR7ULMvZYo5R;0,727;0,548;10;-7,393;1;0,0291;0,0628;0,526;0,133;0,929;107,826;289267;4;29,1283;13;1;4
Every Which Way But Loose;Eddie Rabbitt;spotify:track:73xcnqBwjnGwAlrfBomLP3;0,598;0,483;7;-7,474;1;0,0292;0,458;7,88E-06;0,36;0,452;130,663;171653;4;33,84363;7;1;4
Everybody Dance;Chic;spotify:track:15ifyO8wYntwyXAptfxhKr;0,722;0,66;5;-13,438;0;0,0538;0,05;0,000901;0,0907;0,906;129,727;402693;4;29,25061;16;1;4
Everybody Needs Love;Stephen Bishop;spotify:track:4z7xW0tQFF15mF9S3hRbDG;0,558;0,827;9;-8,293;0;0,0984;0,688;3,49E-06;0,349;0,668;134,785;222627;4;28,45779;10;1;4
Everyday;John Denver;spotify:track:087r6YDkKsJhJthVbIERkM;0,365;0,353;4;-10,696;1;0,0262;0,573;9,05E-05;0,123;0,505;82,265;194880;4;71,58008;7;1;4
Everything Merges With The Night - 2004 Digital Remaster;Brian Eno;spotify:track:5pAR56gg3tYThEeH0VM3iB;0,279;0,26;9;-15,101;1;0,0314;0,766;0,000177;0,155;0,158;105,417;239307;4;58,98206;9;0;4
Everything's Alright;Yvonne Elliman;spotify:track:7ycKoW46Lx2jbZJRamqlPO;0,41;0,58;4;-8,263;1;0,0592;0,184;0;0,0901;0,548;133,055;314738;5;42,1503;12;1;4
Everything's Coming Up Love;David Ruffin;spotify:track:0ogig3PumQOoeAassBpeqw;0,689;0,856;5;-7,581;1;0,0408;0,198;7,25E-06;0,454;0,823;107,025;295107;4;22,55018;9;1;4
Expresso Brazilia;Les Baxter;spotify:track:4TysEeH4H65yhAdSGv4KEE;0,584;0,563;9;-16,192;0;0,0471;0,822;0,123;0,0921;0,672;104,043;121267;4;31,17897;8;0;4
Fairytale;The Pointer Sisters;spotify:track:4t8OiAzSLbCY26pzTKwF88;0,442;0,543;8;-6,386;1;0,0273;0,732;0,000147;0,117;0,644;129,053;303067;4;66,03212;11;1;4
Fake Paradise;Jean-Luc Ponty;spotify:track:2VkjQMpQTQQIFNbuW6Hoil;0,371;0,663;1;-13,404;0;0,0474;0,0664;0,866;0,0814;0,73;108,94;338973;3;29,67681;12;0;4
Falling;Flipper;spotify:track:0sq2IEtONN0UilrNQThA1t;0,265;0,954;2;-6,588;1;0,0772;0,00885;0,000657;0,13;0,0375;125,962;336973;4;28,42152;10;0;4
Fan Club;The Damned;spotify:track:1ugKJLWFq5H1e3ik7krU6M;0,297;0,955;11;-7,767;0;0,0957;0,000556;5,37E-06;0,392;0,456;144,451;175360;4;15,20385;11;0;4
Fancy;Bobbie Gentry;spotify:track:6aarvZBVzYo3sp4NYOBqCp;0,618;0,243;4;-19,003;0;0,0848;0,502;0;0,102;0,556;104,373;258913;4;25,74555;13;1;4
Fancy Lady;Billy Preston;spotify:track:6xyODOlRUVJq8tpBx7EBXr;0,648;0,72;10;-8,476;0;0,0601;0,451;0,00954;0,0669;0,663;113,573;347893;4;57,7883;13;1;4
Fanny (Be Tender With My Love);Bee Gees;spotify:track:7KUHpRlZQR91SLflhsQCg9;0,438;0,526;4;-9,913;1;0,0273;0,215;0,0154;0,122;0,543;95,218;243560;4;58,3209;10;1;4
Fé Cega. Faca Amolada - Ao Vivo;MPB4;spotify:track:7yQz6F5VE9KAWROSF08On4;0,489;0,908;2;-8,288;0;0,101;0,245;1,51E-05;0,735;0,808;149,496;162407;4;65,10127;7;0;4
Feel Like Breaking Up Someone's Home;Jimmy Johnson;spotify:track:4NKTDpk4oYnyewweYDgYDz;0,574;0,465;2;-11,449;1;0,0345;0,506;3,88E-05;0,101;0,75;97,633;287400;4;20,3522;17;0;4
Feel The Beat (Everybody Disco);Ohio Players;spotify:track:1Vuva7i6K8XibDiQDeS28C;0,633;0,847;9;-13,562;1;0,0571;0,000791;0,77;0,0781;0,681;126,459;192387;4;47,14237;9;1;4
Feels So Good;Chuck Mangione;spotify:track:2M7EflZCPCqqRLB9hy5MDy;0,576;0,603;5;-9,603;1;0,0329;0,455;0,0537;0,0406;0,524;103,658;582733;4;29,30325;23;1;4
Fell For You;The Dramatics;spotify:track:44MjocxmoGd3FB2v3xXZcj;0,402;0,459;0;-13,261;1;0,0806;0,461;0,0163;0,1;0,655;173,48;205747;4;77,72385;9;1;4
Fight The Power Part 1;The Isley Brothers;spotify:track:4Ahjqin4mNFeJSVSk6wNLs;0,863;0,74;11;-8,285;0;0,235;0,0543;0,0026;0,0813;0,901;125,282;197827;4;41,81753;10;1;4
Final;Marion;spotify:track:2C3FFqPV5fmD8z568VgCWx;0,272;0,437;0;-11,662;0;0,03;0,475;0,847;0,23;0,29;84,684;144887;4;44,94593;7;0;4
First Chakra Keynote C (Red) - (Bonus Version) (Remastered);Steven Halpern;spotify:track:6x1khtu5MTHO4f98zA1AkX;0,212;0,00393;2;-28,139;0;0,0741;0,993;0,688;0,112;0,0362;68,033;171107;4;38,72703;9;0;4
Flight Over Rio;Al Di Meola;spotify:track:2BiueR07VGUbxGTjp9q9fA;0,328;0,698;1;-11,7;0;0,0465;0,151;0,188;0,0671;0,423;149,919;436600;4;29,44024;15;0;4
Float On;The Floaters;spotify:track:4kxDa9niTJIyh89afKjpCR;0,59;0,718;7;-8,536;1;0,0275;0,255;5,86E-06;0,111;0,868;96,552;255173;4;31,90963;12;1;4
Fog Horns And the Sea;Nature's Mystic Moods;spotify:track:3iX0gVImizARGS1RX1AaPg;0,0898;0,665;10;-27,745;0;0,219;0,172;0;0,386;0,00336;87,69;105373;1;48,21588;5;0;4
Folia de Reis;Dom Salvador;spotify:track:1x7H0nz88eM1bOXpuX6rJT;0,65;0,887;7;-6,225;1;0,0465;0,143;0,589;0,0285;0,979;105,576;148293;4;59,9973;6;0;4
Fool In The Rain;Led Zeppelin;spotify:track:62p6fF2r4NY6pwZbxxvmr8;0,539;0,866;0;-8,404;1;0,0483;0,0866;0,00414;0,0953;0,761;130,345;372893;4;92,153;13;1;4
For A While;Mary Macgregor;spotify:track:1F5FpWBElztvsaYqseoi7h;0,57;0,469;0;-9,233;1;0,0291;0,62;0,00436;0,194;0,598;137,718;174890;4;45,53626;12;1;4
For The Good Times;Ray Price;spotify:track:5J4e1T4aqU6aS8g5IjceIr;0,275;0,338;3;-10,199;1;0,0309;0,843;9,85E-05;0,196;0,514;82,377;227893;4;59,95875;9;1;4
Fourty Four Blues;Sonny Boy Nelson;spotify:track:7LTisJL03NKW8zZVBgkVFR;0,592;0,233;8;-13,848;1;0,0424;0,925;0,73;0,0742;0,67;80,416;263027;4;48,29444;12;0;4
Francene;ZZ Top;spotify:track:7moxuFnSVyWjSfpNyOJjRO;0,498;0,804;0;-9,236;1;0,0359;0,43;0,0105;0,182;0,508;127,332;212533;4;39,0738;8;1;4
Fran-Dance - alternate take;Miles Davis;spotify:track:60hdiQI8yrDfqI56r5gOu9;0,65;0,178;0;-13,6;0;0,0486;0,861;0,00581;0,0837;0,528;110,414;351947;4;53,85008;15;0;4
Free Jazz;Maria Teresa Luciani;spotify:track:0zagn8PNnM7pM8pz1gXOAD;0,291;0,3;1;-14,054;0;0,0326;0,905;0,492;0,118;0,039;75,619;228224;4;44,10303;9;0;4
Free Man;South Shore Commission;spotify:track:7n2gV9BaWJHp110ZEwRSTv;0,742;0,679;6;-11,774;1;0,151;0,395;0,00309;0,651;0,654;127,474;446507;4;58,96645;18;1;4
Free To Carry On;The Sandpipers;spotify:track:1YYRxoIizffhsvCfJ2MF00;0,567;0,356;0;-13,382;1;0,0256;0,782;0,000333;0,312;0,514;96,183;168800;4;39,35108;9;1;4
From The Beginning;Emerson, Lake & Palmer;spotify:track:0Ll60pqkEBHqzdeclRHdnl;0,617;0,187;4;-18,646;0;0,0444;0,352;0,394;0,119;0,326;133,216;253467;4;70,61271;9;1;4
Full Of Fire;Al Green;spotify:track:74hrm9x1vxIW7mSZgeyG7J;0,771;0,563;2;-10,722;0;0,0284;0,252;0,00323;0,133;0,884;113,915;315000;4;48,14179;12;1;4
Fun Time;Joe Cocker;spotify:track:5GUot4AEzxcfs0is6l4rWZ;0,721;0,52;11;-12,38;1;0,0299;0,115;0,00384;0,0683;0,963;105,45;160400;4;53,79379;7;1;4
Funeral Song for Mississippi John Hurt;John Fahey;spotify:track:7e7xCAENs0c0OqadUdTn0b;0,216;0,51;1;-9,794;1;0,0383;0,6;0,826;0,115;0,153;102,16;263107;4;73,27778;13;0;4
Funky Man;Kool & The Gang;spotify:track:1cYN6EavktZnJDdwlasTEO;0,699;0,725;2;-9,315;1;0,18;0,0862;0,0153;0,0584;0,741;109,862;189413;4;53,87844;8;1;4
Galope - Ao Vivo;MPB4;spotify:track:3gzXOzx5mLVC23qvD5fMH5;0,418;0,791;8;-8,666;1;0,214;0,676;0,0205;0,953;0,463;112,586;262680;4;36,63247;11;0;4
General Bacardi;Crass;spotify:track:0gLxmwiXwWqbwqJzhJxfgy;0,348;0,984;11;-4,869;0;0,108;0,0679;0;0,366;0,896;162,682;61267;4;31,09296;4;0;4
Générique début;Georges Delerue;spotify:track:3WSBXOuvJAEY6fypO49vcE;0,27;0,261;4;-18,19;0;0,0359;0,83;0,831;0,123;0,168;169,496;95960;5;32,72172;4;0;4
Georgia on my mind;Dexter Gordon;spotify:track:1NC87c2p5vFGiLVeHcK9Oo;0,563;0,066;9;-17,877;0;0,0427;0,924;0,914;0,214;0,137;122,706;598173;5;44,649;23;0;4
Ghana' E;Willie Colón;spotify:track:7lS7HglNOPu4EqU5ycvpNX;0,669;0,722;0;-9,936;1;0,0441;0,292;4,64E-06;0,0698;0,925;101,681;245520;4;60,35662;8;0;4
Ghashiram Kotwal. Act 2;Bhaskar Chandavarkar;spotify:track:2xpGSHKXtXokcdumUzhulw;0,526;0,431;8;-10,522;1;0,273;0,719;0;0,34;0,431;124,4;1462413;4;51,40126;51;0;4
Gimme Shelter;Grand Funk Railroad;spotify:track:5WqEP1YckYLZPPvJYKBsu3;0,324;0,867;4;-6,765;0;0,0677;0,122;0,931;0,0926;0,427;130,483;389027;4;33,85695;13;1;4
Girl;kalapana;spotify:track:2PizJWUi9nuPcm0kSoyKkm;0,609;0,859;4;-7,112;1;0,0778;0,0674;0,0334;0,0995;0,889;146,511;232387;4;41,69629;13;0;4
Girl Of My Dreams;Bram Tchaikovsky;spotify:track:2NyaZECpJZCAqFJFCWPDRz;0,344;0,745;2;-7,902;1;0,0546;0,638;0,00224;0,134;0,448;139,689;248907;4;28,83061;9;1;4
Give Ireland Back To The Irish;Wings;spotify:track:4zlkE8VPWYjkRDdC2VVk5e;0,387;0,562;9;-11,067;0;0,0394;0,25;8,03E-05;0,116;0,591;186,708;224640;4;31,94706;11;1;4
Give Love A Chance;Piero Piccioni;spotify:track:3dvmC40MBKSak1n9nMSao9;0,176;0,321;8;-12,897;1;0,0401;0,35;0,846;0,115;0,202;69,011;206507;1;36,15786;9;0;4
Glaciers Interdits (Guitarre Solo. Synthe Solo + Melange);Laurence Vanay;spotify:track:7xzDPfb6vriy3ZczaSKUsQ;0,366;0,0309;3;-24,297;1;0,0422;0,995;0,768;0,0954;0,63;95,26;162533;1;28,19751;9;0;4
Glory Day In Green Bay;Sam Spence;spotify:track:24pkpaia02bsQ5DpMAzbLk;0,428;0,788;10;-9,019;0;0,0393;0,289;0,594;0,0204;0,836;129,514;173173;4;34,68513;7;0;4
Glory Glory;The Rascals;spotify:track:0td5EfZGjerFykMFRrBklN;0,66;0,829;10;-7,664;1;0,0277;0,029;9,38E-05;0,0734;0,968;123,924;209533;4;37,30197;12;1;4
God's Word;J.B. Lenoir;spotify:track:4yL2msZv7t9t3s3iT1fg8i;0,742;0,181;3;-9,757;0;0,0689;0,891;0,000384;0,0933;0,359;88,967;221093;3;49,90186;12;0;4
Goin' Home;The Osmonds;spotify:track:0p84j3ol6LPVQwW7cPB3y4;0,517;0,836;2;-11,008;1;0,0314;0,122;0,0174;0,175;0,96;144,569;148867;4;38,6947;8;1;4
Going Going Gone - Remastered;kalapana;spotify:track:0hCHnkD1Am4mR4osEYrhSA;0,525;0,655;3;-9,93;1;0,0358;0,209;1,24E-06;0,136;0,801;88,643;184136;4;48,62904;9;0;4
Golden Years;David Bowie;spotify:track:4JRem7xHp2l0kmUvt9zCKu;0,68;0,701;6;-10,36;0;0,036;0,316;4,72E-06;0,111;0,933;108,287;243280;4;77,07154;8;1;4
Gonna Be My Baby;Sunnyland Slim;spotify:track:1MVIGCdnEKAylA6f6e2z3J;0,562;0,305;2;-12,414;1;0,041;0,993;0,6;0,119;0,739;77,174;153533;4;77,34651;5;0;4
Gonna Give Her All The Love I've Got;Marvin Gaye;spotify:track:4d8MN3egxWp2lqC7J7VKlj;0,657;0,568;10;-9,895;1;0,0279;0,478;0;0,101;0,941;96,67;200800;4;39,45978;8;1;4
Good Morning Judge;10cc;spotify:track:1fMGRxKRtIKNyaMMGrzInM;0,737;0,642;9;-9,492;1;0,0916;0,0185;0,00415;0,0726;0,467;106,742;174667;4;42,56191;9;1;4
Good Morning Little School Girl;Muddy Waters;spotify:track:5wmIawyV4Cs6HmS9LKvpj0;0,455;0,688;2;-9,882;1;0,0356;0,73;0,839;0,301;0,809;167,959;196000;4;29,41502;8;0;4
Good Time Sally;Rare Earth;spotify:track:5N5J0zq5FSKHhtvDdSJsWw;0,708;0,805;7;-7,618;1;0,0301;0,398;0,000249;0,0545;0,976;129,185;174960;4;32,31007;10;1;4
Good Timin';The Beach Boys;spotify:track:3BaQTu179aFf0Dqe7x25Ke;0,568;0,431;11;-8,376;0;0,0272;0,485;0,000147;0,216;0,457;112,042;134373;3;45,32234;6;1;4
Goodbye. Julie;Mike Seeger;spotify:track:46qrvIvByped52FIZsM9We;0,652;0,151;5;-16,898;0;0,0297;0,779;0,0001;0,183;0,848;94,335;100667;4;60,27219;4;0;4
Got To Be There;Michael Jackson;spotify:track:08QvVJT8y6b0i2nH9mUeMj;0,349;0,569;1;-9,512;1;0,0434;0,11;0,000122;0,0416;0,721;171,354;204907;4;18,03481;11;1;4
Got To Get You Into My Life;Blood, Sweat & Tears;spotify:track:4EhieZ0s8jzrmr1kLAXIQU;0,392;0,697;5;-10,569;1;0,057;0,437;0,00949;0,242;0,713;134,981;202200;4;38,9387;10;1;4
Gotta Find A Way;The Moments;spotify:track:1Jtlirju8tUXTtvyZJAN5v;0,44;0,376;5;-10,939;1;0,0482;0,348;0;0,0815;0,358;130,438;218333;4;34,90979;12;1;4
Great Gospel Blues (Right on That Shore);Big Joe Williams;spotify:track:6wkPKpMgz4aa0iw6fre6Lw;0,547;0,372;4;-13,652;0;0,405;0,714;1,96E-06;0,834;0,667;109,544;188093;4;46,37414;11;0;4
Greenwood Mississippi;Little Richard;spotify:track:4atK2GQWKaAZs8wL0PVnoH;0,727;0,611;7;-14,611;0;0,0372;0,125;2,98E-05;0,0541;0,951;127,357;212520;4;60,15212;7;1;4
Grooving Out on Life;Dennis Brown;spotify:track:6oTjzWWOQhOZS0vbEPWYYj;0,757;0,293;1;-16,331;1;0,0565;0,176;0,622;0,172;0,572;90,816;195493;4;17,80812;8;0;4
Guiné-Bissau. Moçambique e Angola Racional;Tim Maia;spotify:track:1uiFGWbGPvtuFHYCuS8VX4;0,713;0,67;9;-6,207;1;0,416;0,336;0,0434;0,0532;0,748;178,145;367893;4;25,427;17;0;4
Gwiazdka dla Ewy;Extra Ball;spotify:track:1PdQcdsSZ13Hqim2bJPUaF;0,404;0,333;8;-15,55;1;0,0313;0,831;0,723;0,24;0,188;63,702;336667;4;48,87223;14;0;4
Gypsys. Tramps & Thieves;Cher;spotify:track:6fsSZbNL7XP9gf1kJ2l155;0,476;0,677;0;-11,175;1;0,0365;0,211;0;0,0601;0,691;170,879;158000;4;27,71645;10;1;4
Hand Clapping Song;The Meters;spotify:track:3duV3VHdZHnk6F1DzeqjJf;0,741;0,627;9;-10,874;1;0,0833;0,435;0,691;0,0794;0,615;89,338;175587;4;34,27011;10;1;4
Handy Man;James Taylor;spotify:track:70aUjWZmd9F3bRSsR4DwAJ;0,804;0,233;2;-14,17;1;0,0312;0,64;0,106;0,0854;0,583;90,639;196800;4;23,34824;11;1;4
Happy;Hog Heaven;spotify:track:4ymeUZIjg7YjwCN0pv6JR2;0,671;0,698;7;-11,073;1;0,0411;0,457;0,0971;0,0689;0,68;123,299;413000;4;32,49379;15;1;4
Happy Anniversary;Little River Band;spotify:track:29C9PojfgRbXquHl3dEbb1;0,72;0,584;2;-10,037;1;0,0421;0,592;7,49E-06;0,23;0,914;128,871;246253;4;31,70182;8;1;4
Happy People;The Temptations;spotify:track:6dokyiv4HEy6WWxQCQcOkA;0,83;0,718;6;-13,262;1;0,0432;0,0708;0,00621;0,0653;0,949;119,59;216467;4;28,66911;13;1;4
Hard Times - Remastered;kalapana;spotify:track:4kgRdjHL5wt0IifgWFx4WF;0,674;0,861;10;-8,436;1;0,104;0,138;0;0,049;0,857;143,367;188338;4;45,35771;8;0;4
Have You Never Been Mellow;Olivia Newton-John;spotify:track:5ehVOC0zSdwWqyZlhomJSi;0,542;0,324;0;-14,07;1;0,0329;0,566;2,27E-06;0,0876;0,421;121,802;213533;4;31,98566;10;1;4
Head Games;Foreigner;spotify:track:5nk6wxUSFUBxUKxjz0fKD6;0,678;0,693;1;-6,133;1;0,0249;0,0139;0;0,0596;0,623;107,415;217707;4;32,94628;9;1;4
Heavy Surf 1;Nature's Mystic Moods;spotify:track:1uFyPK4exDOCKtKWBFxPDH;0,0827;0,465;1;-25,751;0;0,146;0,232;0,0142;0,348;0,00457;165,96;122107;4;22,00852;9;0;4
Hell On Wheels;Cher;spotify:track:2Kurj5Ant5tAbjMCCoAJ52;0,736;0,666;0;-12,912;1;0,0611;0,0326;0,000105;0,138;0,572;124,291;336000;4;33,11866;13;1;4
Help;The Damned;spotify:track:4A7Ht7viwPId0DdryrkKyj;0,423;0,95;2;-10,638;1;0,112;0,0917;0;0,376;0,306;168,217;105627;4;34,97127;5;0;4
Help Me Some;J.D. Short;spotify:track:32FwHfsJhCjtCMWqWN49JW;0,535;0,228;7;-12,831;1;0,0527;0,518;0,00404;0,172;0,665;115,171;213507;4;71,8126;10;0;4
Here Come Those Tears Again;Jackson Browne;spotify:track:0TEFPhz79iiutJXI0pNiur;0,674;0,61;10;-9,336;1;0,0312;0,0511;0;0,0526;0,727;115,249;212600;4;19,12063;11;1;4
Here Comes That Rainy Day Feeling Again;The Fortunes;spotify:track:1Nre9NRh8OCEAyHsdr5CZe;0,754;0,708;5;-8,119;1;0,0585;0,351;0;0,0938;0,804;120,895;172160;4;37,21378;8;1;4
Hey Big Brother;Rare Earth;spotify:track:4ppvSu2gCCwdIjtEKSI58L;0,531;0,853;2;-7,133;1;0,0725;0,177;0,000349;0,0757;0,834;124,137;288267;4;21,00004;14;1;4
Hey Girl (i Like Your Style);The Temptations;spotify:track:64uurDjnLdg5Ft2emUX2gG;0,474;0,167;7;-16,528;1;0,0296;0,795;0,0068;0,093;0,362;79,077;280040;3;80,56152;14;1;4
Hey Hey. My My (Into The Black);Neil Young & Crazy Horse;spotify:track:5sy3FriCrKYGJp6JBOnlOo;0,514;0,88;4;-9,04;0;0,0448;0,288;0,276;0,686;0,583;122,236;312660;4;122,55516;7;1;4
Hey Lawdy Mama;Steppenwolf;spotify:track:7uBFTvkmgnCpaIe5c2MU7x;0,589;0,83;4;-12,372;1;0,052;0,0194;2,09E-05;0,0635;0,525;98,813;178760;4;44,74754;7;1;4
Hi. Hi. Hi;Wings;spotify:track:4Vqv5vr4G4OEWINosjwX2t;0,545;0,534;1;-11,706;0;0,0534;0,0213;4,89E-06;0,236;0,73;131,952;188893;4;19,92506;11;1;4
Hideous;The Dickies;spotify:track:6WmoG0TDSNAFUwoDQEAKMa;0,27;0,867;6;-8,629;0;0,0472;0,0796;0;0,217;0,929;205,052;73773;4;41,54113;4;0;4
Hoje A Noite Vou Sair;Reginaldo Rossi;spotify:track:2AK9Y3YbZpuWYu2GtTCjy9;0,667;0,686;2;-10,784;0;0,0418;0,104;0;0,401;0,949;131,852;134333;4;33,72448;7;0;4
Hold On;The Rascals;spotify:track:47rtbd1K2285AETpjioeyG;0,52;0,864;5;-5,469;1;0,0636;0,428;1,14E-05;0,201;0,775;86,988;215280;4;19,57591;9;1;4
Homenaje A Federico - Bulerías;Camaron De La Isla;spotify:track:0c11cYI7CLVEJY0Ghb2oBT;0,469;0,824;6;-5,14;0;0,039;0,73;0,0288;0,189;0,814;123,625;248000;3;44,60299;12;0;4
Honey Please. Can't Ya See;Barry White;spotify:track:5HUqK2g43gAWGaOP5e2ru9;0,711;0,737;8;-8,368;0;0,131;0,135;0;0,0533;0,85;114,881;179200;4;56,2303;8;1;4
Honey. Honey;ABBA;spotify:track:2KgGzC2tP6DYbatyvdap3O;0,473;0,804;5;-7,697;1;0,0473;0,324;2,12E-06;0,393;0,735;140,55;176467;4;31,09902;8;1;4
Hooked On A Feeling;Blue Swede;spotify:track:6Ac4NVYYl2U73QiTt11ZKd;0,547;0,82;8;-6,728;1;0,0805;0,261;0;0,3;0,933;118,208;172867;4;54,952;6;1;4
Hot Line;The Sylvers;spotify:track:6SrvyfmAxkLt9CULhf9a49;0,831;0,967;2;-3,207;1;0,0556;0,24;1,03E-06;0,109;0,966;132,824;183320;4;22,0145;10;1;4
Hot Number;Foxy;spotify:track:0aos1cY4zQASbxdyzK5oNT;0,838;0,89;9;-3,561;1;0,0907;0,216;0,101;0,0674;0,976;140,118;242616;4;26,69008;11;1;4
Hot Pants (She Got To Use What She Got To Get What She Wants) (Pt. 1);James Brown;spotify:track:3FnamtTCao0ZHCeHPkmaBN;0,828;0,644;1;-8,791;1;0,146;0,324;0;0,0747;0,75;97,915;185920;4;55,40508;7;1;4
Hotel California;Eagles;spotify:track:40riOy7x9W7GXjyGp4pjAv;0,579;0,508;2;-9,484;1;0,027;0,00574;0,000494;0,0575;0,609;147,125;391376;4;23,53346;19;1;4
Houston (I'm Comin' To See You);Glen Campbell;spotify:track:6JxpwwqnYykrRr2uxTqLso;0,369;0,484;2;-7,682;1;0,0261;0,0806;1,23E-05;0,237;0,36;79,31;200907;4;37,01396;10;1;4
How Can I Leave You Again;John Denver;spotify:track:1hjNIcn5cvl9x8U44xUMqE;0,547;0,176;5;-13,38;1;0,0297;0,929;3,89E-05;0,133;0,535;106,677;189547;4;22,58;11;1;4
How Can You Mend A Broken Heart;Bee Gees;spotify:track:1jy0RbDHyBMTupSdc98XbG;0,335;0,262;4;-13,832;1;0,0393;0,548;0;0,0971;0,203;68,82;237827;4;28,16589;12;1;4
How Do You Feel The Morning After;Millie Jackson;spotify:track:0hqrrD0MKbPqetb5nW1WR4;0,39;0,475;8;-11,564;1;0,0706;0,631;0;0,365;0,43;145,538;179453;4;42,95876;8;1;4
How Long;Ace;spotify:track:4AjKVyNUMdUveKK5OH1OJD;0,717;0,406;0;-13,954;0;0,0305;0,587;0,103;0,0869;0,703;123,213;204227;4;30,59682;9;1;4
I Ain't Got a Little Bed;Bukka White;spotify:track:619KRY0g5VF5ChCz7Ffgo8;0,617;0,122;9;-16,193;1;0,479;0,905;1,77E-06;0,263;0,408;173,645;259040;3;29,65076;13;0;4
I Am Somebody;Jimmy James & The Vagabonds;spotify:track:2usj6EGRtG2fIo646SOG1h;0,838;0,548;9;-8,239;1;0,0507;0,0025;0,033;0,0884;0,741;121,773;305800;4;54,59267;12;1;4
I Believe In Music;Gallery;spotify:track:386HqCyTreE3TofRL3hLpw;0,589;0,413;9;-13,959;1;0,082;0,343;0;0,0977;0,631;89,763;175560;4;55,23632;7;1;4
I Believe You;Dorothy Moore;spotify:track:3XcDvzZ0ruBkYplB15qkbA;0,355;0,217;5;-16,124;1;0,0308;0,797;3,21E-06;0,121;0,383;150,351;222427;4;28,31189;13;1;4
I Can't Stand The Rain;Ann Peebles;spotify:track:0CcL4kSHKIEwF3IW0BGgb6;0,727;0,387;1;-12,333;1;0,0412;0,248;0,0102;0,0625;0,966;160,395;150400;4;42,77046;5;1;4
I Can't Turn You Loose;Edgar Winter's White Trash;spotify:track:5Np8Xbu2cMRReBOeT53fpX;0,579;0,627;5;-13,383;1;0,144;0,342;0;0,653;0,87;162,948;235467;4;24,84256;11;1;4
I Could Never Be Happy;The Emotions;spotify:track:2sulLPGU6wXhkfCLIskJPK;0,396;0,4;8;-14,882;1;0,0446;0,471;2,01E-05;0,145;0,302;95,443;210027;4;39,99781;10;1;4
I Dig Everything About You;The Mob;spotify:track:0BrwKB93ykVlA2lMVSlPmE;0,691;0,52;7;-10,189;1;0,0552;0,482;0;0,589;0,82;116,535;154400;4;38,72752;9;1;4
I Don't Know How To Love Him;Yvonne Elliman;spotify:track:4rOW8WaqozFCreCarbeOnI;0,408;0,417;2;-7,099;1;0,0269;0,259;1,10E-06;0,154;0,34;71,334;220698;4;51,2364;8;1;4
I Don't Mind;Buzzcocks;spotify:track:0I3eibER6eW68odYavfFFy;0,266;0,884;8;-7,113;1;0,0693;0,0534;3,73E-05;0,106;0,857;166,761;139800;4;27,50001;8;0;4
I Don't Want Nobody Else (To Dance With You);Narada Michael Walden;spotify:track:5m1yvpav4CeHUAt5qb1u2A;0,777;0,697;1;-12,895;0;0,0482;0,014;0,106;0,0642;0,889;126,195;260600;4;60,5815;11;1;4
I Don't Want To Make You Wait;The Delfonics;spotify:track:4rkaHrn9km42iXvanYA0nm;0,545;0,684;3;-10,036;1;0,0428;0,637;0,00018;0,0929;0,576;123,847;196573;4;39,36094;9;1;4
I Get High On You;Sly Stone;spotify:track:2H5dTs26Xz9CFC7cV9DcRW;0,545;0,843;5;-9,717;1;0,0587;0,0919;0,00243;0,559;0,629;97,817;192373;4;21,69026;11;1;4
I Go To Rio;Pablo Cruise;spotify:track:698F9QrhDemBL8WUKR9PlW;0,613;0,678;5;-14,088;1;0,0437;0,0174;0;0,245;0,835;127,793;239733;4;73,44253;8;1;4
I Got A Bag Of My Own;James Brown;spotify:track:2eOCRJKWi5LlycAf820tIF;0,829;0,737;0;-8,713;1;0,104;0,174;0,000144;0,289;0,811;124,806;228360;4;41,66814;11;1;4
I Got A Problem;Jesse Anderson;spotify:track:37h2flX4PAiWqhpHdigmGa;0,72;0,464;5;-14,274;0;0,0603;0,266;0;0,0656;0,792;111,131;196800;4;26,69093;9;1;4
I Just Want To Celebrate;Rare Earth;spotify:track:4iW98ZK1gNzcXmQ5TgTD9X;0,435;0,929;9;-7,7;1;0,235;0,105;1,58E-06;0,015;0,65;175,448;217560;4;82,24778;7;1;4
I Like Your Lovin' (Do You Like Mine);The Chi-lites;spotify:track:19es5W1GJCkgVh647dPFjy;0,593;0,64;1;-13,379;1;0,0433;0,127;0;0,189;0,833;105,446;196280;4;42,57036;5;1;4
I Need You;The Friends Of Distinction;spotify:track:0YZW2GvxSvrcRhyc4Nc1Ki;0,589;0,686;0;-17,558;0;0,0503;0,31;0,011;0,137;0,817;93,683;190733;4;36,52954;9;1;4
I Say A Little Prayer/By The Time I Get To Phoenix;Glen Campbell/Anne Murray;spotify:track:5zaMcD9eyfe4vpYHcWtV16;0,218;0,331;4;-13,14;1;0,0361;0,829;1,16E-06;0,059;0,376;173,093;195107;4;38,91522;10;1;4
I Wanna Be Where You Are;Michael Jackson;spotify:track:3mnVgyzn5HC7Sqkn3B5zHs;0,605;0,843;4;-8,546;0;0,0604;0,469;0,00235;0,118;0,662;103,817;182787;4;33,83817;9;1;4
I Wanna Find a Woman That'll Hold My Big Toe Till I Have to Go;Captain Beefheart & His Magic Band;spotify:track:4m0xxfyvjt12RaO84Sc57I;0,575;0,6;0;-12,639;1;0,158;0,798;0,0002;0,0928;0,716;117,243;113800;3;37,69058;7;0;4
I Wanna Get Next To You;Rose Royce;spotify:track:1rff5WJrSljfCLYFoXkDiT;0,62;0,179;0;-19,981;1;0,0314;0,835;0,03;0,0928;0,675;130,864;238200;4;46,60218;11;1;4
I Wanna Know If It's Good To You?;Funkadelic;spotify:track:6bqGgRbgZUFGAaAUEvizeG;0,304;0,882;1;-7,68;0;0,105;0,00224;0,0636;0,178;0,573;80,986;361533;4;118,16614;10;1;4
I Wanna Learn A Love Song;Harry Chapin;spotify:track:0y7n3jUYAUgldH4GQwnArf;0,567;0,645;7;-10,435;1;0,0465;0,438;0;0,1;0,654;152,762;262667;4;26,9193;11;1;4
I Want'a Do Something Freaky To You;Leon Haywood;spotify:track:4ijuSvn7dE8i9o8Ori6QmC;0,574;0,441;6;-15,258;0;0,0306;0,255;0,00316;0,229;0,911;92,158;303133;4;32,20047;16;1;4
I.B.M. - Remastered;Throbbing Gristle;spotify:track:3LGsBmeeUzfqXfuhonkDaO;0,339;0,59;11;-12,54;1;0,0769;0,903;0,364;0,799;0,0426;78,017;156055;4;34,09418;8;0;4
I.O.D.;U.K. Subs;spotify:track:7zc2jnq26MF4IMZOneHY8w;0,391;0,726;2;-7,799;1;0,0289;0,00114;0,0279;0,0907;0,703;98,358;84560;4;31,86747;7;0;4
I'd Rather Love You;Charley Pride;spotify:track:6Zo1yJyD4Fj3fgg2FHxfTw;0,492;0,35;9;-11,091;1;0,0272;0,689;0;0,21;0,384;103,818;168400;4;29,32693;8;1;4
I'd Really Love To See You Tonight;England Dan & John Ford Coley;spotify:track:2r008pcfVYc0zgQvSRqUJE;0,62;0,556;5;-12,044;1;0,0336;0,184;0;0,301;0,592;119,172;159107;4;34,3009;9;1;4
Idiot Box - Music For Pleasure;The Damned;spotify:track:2adB08CRg7fuB7ABcC8IhR;0,304;0,761;2;-9,025;1;0,0446;0,0746;0,246;0,171;0,556;166,807;296920;4;25,0475;15;0;4
If I Needed You;Doc & Merle Watson;spotify:track:5FrFLxrFJOaAizts8QIkYW;0,601;0,386;11;-12,108;1;0,0324;0,884;0,00763;0,231;0,587;91,608;156013;4;50,67862;5;0;4
If I Were A King;Joe Bataan;spotify:track:19d5A8hNJsw4XPmnLNyuL2;0,458;0,496;6;-10,099;1;0,0338;0,343;0,000117;0,0751;0,672;150,263;237120;3;38,17706;12;0;4
If Only I Had My Mind On Something Else;Bee Gees;spotify:track:49TAefltwdGl085fK0EcUV;0,333;0,372;2;-13,418;1;0,0305;0,22;1,34E-06;0,118;0,595;142,732;153160;4;27,73891;9;1;4
If We Try;Don McLean;spotify:track:3VrgdoAzs5plHzLlVGlJJt;0,559;0,323;2;-13,495;1;0,0303;0,872;0,000253;0,118;0,536;109,777;214867;4;35,62735;9;1;4
If You Could See Her;Joel Grey;spotify:track:0ixEAqygl4YltsXxkY4LZp;0,499;0,185;11;-14,888;1;0,23;0,937;0;0,162;0,44;78,666;231360;3;14,16006;10;0;4
If You Love Me (let Me Know);Olivia Newton-John;spotify:track:659kkKUPzX3KyWiRkL8OS1;0,564;0,851;5;-7,235;1;0,0648;0,00262;3,33E-05;0,928;0,762;135,879;101453;4;94,73313;3;1;4
Il Mio Nome è Nessuno / My Name is Nobody - Main Title;Ennio Morricone;spotify:track:7K1r1nvMcayOjaPS16MNq2;0,591;0,636;2;-3,658;1;0,028;0,0137;0,72;0,108;0,221;111,777;191080;4;26,9233;11;0;4
Il Se Passe Des Choses;Brigitte Fontaine;spotify:track:27cwcZXaLsgcDf2YolNgFN;0,296;0,226;2;-16,746;0;0,0345;0,705;0;0,109;0,135;100,465;217293;3;68,25347;9;0;4
I'll Be Your Everything;Percy Sledge;spotify:track:1LALkNkIVdRXnwtLRBp1W2;0,538;0,221;0;-13,496;1;0,0315;0,664;0;0,0811;0,47;124,779;202840;4;43,5436;8;1;4
I'll Be Your Shelter (In Time Of Storm);Luther Ingram;spotify:track:4CAey4iFN0nyncxkUwcdbl;0,726;0,625;2;-9,346;1;0,0618;0,0773;0,000143;0,111;0,754;96,982;201333;4;21,8105;10;1;4
I'll Get Over You;Crystal Gayle;spotify:track:5cc4xKRM4dHZ6aVYbGKmdc;0,563;0,436;8;-8,661;1;0,0347;0,682;0;0,0854;0,451;109,843;210800;4;23,84555;10;1;4
I'll Hold Out My Hand;The Clique;spotify:track:4F7DPcLkBhKIl6yhFMcwhm;0,562;0,715;2;-8,481;1;0,0272;0,522;0;0,185;0,908;102,009;157467;4;28,6427;8;1;4
I'll Make You Music;Beverly Bremers;spotify:track:3FODe1S9OlL5Y9y9koJA7I;0,465;0,398;4;-13,718;0;0,0309;0,597;3,50E-06;0,386;0,661;116,182;203051;3;25,41398;11;1;4
I'll Supply The Love;Toto;spotify:track:3kETGXBpOCSESrSOEf6P84;0,763;0,679;1;-12,132;0;0,0318;0,0289;0,862;0,0606;0,726;125,126;224240;4;31,49453;12;1;4
I'm A Believer;Neil Diamond;spotify:track:0LBmBAvhHdimgPgktjMX4d;0,63;0,713;4;-9,161;1;0,0491;0,256;0;0,262;0,728;79,967;167493;4;32,19149;10;1;4
I'm a Conservative;Iggy Pop;spotify:track:5Uq4h4aQtPsYw9hkLs5zzR;0,319;0,769;11;-10,021;0;0,0574;0,000433;0;0,174;0,291;137,644;238627;4;46,35422;8;0;4
I'm A Ramblin' Man;Waylon Jennings;spotify:track:7FYQ5lnm0aSw5gughyiDkr;0,772;0,561;7;-11,654;1;0,0319;0,333;0,00344;0,0931;0,768;109,438;166400;4;33,41449;9;1;4
I'm Doin' Fine Now;New York City;spotify:track:2G5ohWJfctEeCfYFKzQIkO;0,842;0,641;0;-8,826;1;0,0396;0,0249;0,00701;0,168;0,82;117,194;164880;4;43,96797;5;1;4
I'm Not Lisa;Jessi Colter;spotify:track:2G9HPwBaHica41sMtQ7QvX;0,441;0,237;5;-10,169;1;0,0252;0,578;0,000765;0,0977;0,145;78,939;201933;4;30,24194;10;1;4
I'm On Fire;5000 Volts;spotify:track:7bjtTJ4M10kpl2pGJxsg1Q;0,554;0,793;0;-9,428;1;0,0355;0,0298;0;0,498;0,924;138,549;157293;4;38,76949;7;1;4
I'm Still In Love With You;Al Green;spotify:track:6SMHgPgNkhe9lneNTbgtel;0,822;0,457;6;-10,937;1;0,235;0,214;0,000397;0,0766;0,73;99,16;307063;4;83,61484;9;1;4
I'm Your Hoochie Coochie Man;Willie Dixon;spotify:track:0OfQOvJ893Mkn97wYa6hoO;0,55;0,261;7;-19,794;1;0,0443;0,341;0,0805;0,387;0,812;128,028;287092;4;27,77319;17;0;4
Improvisation 102f;Henry Kaiser;spotify:track:75ZM19Y9PksSSlFKhNnxbO;0,567;0,213;9;-19,084;1;0,66;0,94;0,351;0,313;0,26;60,449;284773;4;40,66957;13;0;4
In A Broken Dream;Python Lee Jackson;spotify:track:0DpyE1JwimaQaiFXQdwUCZ;0,27;0,641;5;-5,902;1;0,0354;0,0405;0,00438;0,0924;0,352;76,31;255183;4;40,97228;12;1;4
In The Ghetto;Candi Staton;spotify:track:3tC0NI3tf3hStiYspdxfNn;0,551;0,292;10;-17,125;1;0,0383;0,822;7,04E-06;0,138;0,623;85,272;173640;4;67,37847;7;1;4
In un bar;Ennio Morricone;spotify:track:02kpUGTEmWvUPNSz1zRrAr;0,594;0,725;11;-11,192;0;0,0772;3,01E-05;0,911;0,162;0,547;129,121;144347;4;34,707;6;0;4
Industrial Intro - 32AR;Throbbing Gristle;spotify:track:73YZZUeMO1PzlJ5U5uFWb8;0,228;0,12;8;-28,052;0;0,0371;0,892;0,923;0,105;0,108;71,217;124267;4;56,30759;6;0;4
Invasión;Los Gatos;spotify:track:0ndQVUIQlTTvYsbrK0mk0p;0,233;0,623;8;-9,62;1;0,141;0,135;0,873;0,135;0,291;172,108;429547;4;22,77356;17;0;4
Ipo Lei Manu;Gabby Pahinui;spotify:track:4QvnWJ8HnhAVmOKQ0mSDy7;0,518;0,39;5;-14,433;0;0,0369;0,489;0,0071;0,145;0,294;81,52;285173;4;52,84074;13;0;4
It Makes Me Giggle;John Denver;spotify:track:5l5Rm50ZlfOQl5mzVeTlLd;0,549;0,358;4;-12,629;1;0,0389;0,491;4,51E-05;0,143;0,354;93,76;195560;4;45,59755;9;1;4
It Was Almost Like A Song;Ronnie Milsap;spotify:track:5fO4iEznH83cwSHZLFz2lQ;0,327;0,281;0;-10,663;1;0,0276;0,323;0,00418;0,0713;0,151;147,72;219520;4;28,83899;11;1;4
It's Going To Take Some Time;Carpenters;spotify:track:17MRUI1nql2E1GJEltjoyx;0,591;0,148;0;-16,694;1;0,0337;0,947;0,141;0,111;0,314;117,483;176054;3;31,60387;12;1;4
It's Hard To Stop (Doing Something When It's Good To You);Betty Wright;spotify:track:5pkOmQQ34kZM9tCS3RosOG;0,695;0,625;10;-10,258;1;0,0319;0,731;0,177;0,101;0,932;108,143;190306;4;21,14487;12;1;4
It's Her Turn To Live;Smokey Robinson;spotify:track:4xEZfC2CjDQ1E9vMKAQDY9;0,815;0,813;5;-5,992;1;0,0365;0,224;0;0,403;0,968;104,974;187267;4;37,0295;11;1;4
It's Only Love;Elvis Presley;spotify:track:0mWM576NnQfdza8CKlY1BU;0,551;0,446;2;-12,49;1;0,0331;0,546;2,75E-05;0,254;0,845;87,123;157280;4;30,94465;9;1;4
It's So Easy;Linda Ronstadt;spotify:track:6AZyiAl6mr3Jcp6AlmiQwF;0,623;0,764;4;-4,686;1;0,0418;0,0229;0;0,841;0,894;119,717;145173;4;35,13559;8;1;4
Itsudemo Soba ni;Taeko Onuki;spotify:track:537uJGgAhlZWoCLC9GL2Og;0,544;0,441;5;-11,129;0;0,0313;0,369;2,80E-05;0,0429;0,425;102,042;249360;4;20,76989;14;0;4
I've Been Born Again;Johnnie Taylor;spotify:track:3qsd48RQItp8PTzc98T2TI;0,738;0,585;9;-8,381;1;0,123;0,357;0;0,0905;0,885;126,6;202547;4;19,3486;13;1;4
Jack And Jill;Raydio;spotify:track:5KDT5BDSmomPMe2AXuGInR;0,693;0,659;4;-4,722;1;0,0299;0,395;0,00485;0,133;0,541;106,247;275667;4;22,47342;12;1;4
Jack Fig;Leo Kottke;spotify:track:6uY3Rn1YxqhInQ1OiFvf4t;0,342;0,515;3;-14,232;1;0,0404;0,0742;0,93;0,144;0,659;118,047;130867;4;18,74032;8;0;4
Jackson Town Gal;Pinetop Perkins;spotify:track:4okXDAAqPaKv6ZAOIaGlan;0,563;0,414;7;-10,603;1;0,0596;0,677;0,0175;0,12;0,411;203,262;279867;3;30,40199;17;0;4
James Dean;Eagles;spotify:track:0HznRAeJLyGtyLZgecDiLI;0,481;0,894;9;-7,213;1;0,0415;0,00602;0,0149;0,191;0,562;140,9;218269;4;24,52661;7;1;4
Je T'Aime...Moi Non Plus;Jane Birkin Serge Gainsbourg;spotify:track:3p441l1s27Pfo8at57EwEf;0,0908;0,461;0;-13,932;1;0,0409;0,028;0,69;0,124;0,523;72,399;270507;1;39,48809;10;1;4
Jimmy Rose He Went To Town;Mike Seeger;spotify:track:794EA2L8ss1sm0P9lUjJjh;0,643;0,299;5;-19,471;1;0,134;0,649;0;0,103;0,563;107,236;51800;4;10,0876;3;0;4
Jingle Jangle;The Archies;spotify:track:1nSZe7ly7kCTcNBkTzV40y;0,625;0,472;2;-11,18;1;0,0387;0,0368;0;0,148;0,617;109,302;162151;4;27,22585;9;1;4
John McLaughlin;John Hartford;spotify:track:3cgEN9pikGd8TJipq60pvJ;0,583;0,786;2;-11,151;1;0,0289;0,328;0,891;0,0947;0,839;110,179;103867;4;42,99645;5;0;4
Johnny W. - Remastered;Westernhagen;spotify:track:4OHpuUcoXDkwITrWwQeX9T;0,516;0,222;0;-15,3;1;0,0422;0,819;0;0,168;0,657;150,287;207600;4;38,07172;9;0;4
Johnny Walker;Westernhagen;spotify:track:4Kv4X85wtmZduCtw4nNFvk;0,515;0,148;0;-20,016;1;0,0443;0,752;0;0,0842;0,651;150,544;207000;4;38,3635;10;0;4
Johnny. I Hardly Knew Ye;Traditional;spotify:track:5neQmYjtKWeqkNpuQJoUFx;0,333;0,0629;9;-22,422;0;0,0522;0,994;0,00214;0,356;0,192;76,188;201427;4;98,82699;8;0;4
Jorge Da Capadócia;Jorge Ben Jor;spotify:track:06YxPcR6dTaSC5ee3uxWdI;0,463;0,82;0;-6,905;1;0,0499;0,532;2,79E-06;0,117;0,689;110,149;231080;4;41,00147;5;0;4
Josie;Kris Kristofferson;spotify:track:07rkOVz8p74BtEs1WWPLP8;0,687;0,352;2;-14,317;1;0,028;0,45;0;0,172;0,615;96,99;191787;4;22,51146;9;1;4
Joy in the Morning;The Gaylads;spotify:track:6DORXCoYmDxL97zdi0Qshm;0,675;0,472;9;-15,015;0;0,0469;0,428;0,539;0,105;0,765;81,207;234547;4;56,71656;11;0;4
Juliette;kalapana;spotify:track:51DeVEIPRwvPigFYO3xQEF;0,685;0,632;9;-8,801;0;0,0282;0,233;0,00415;0,357;0,641;136,447;192787;4;34,72727;10;0;4
July 12. 1939;Charlie Rich;spotify:track:0a32BQVIZxqDYiSHtvpAkb;0,674;0,244;9;-13,88;1;0,0409;0,594;2,69E-05;0,0764;0,635;118,795;270787;4;32,22255;13;1;4
Just Got To Know;Billy Boy Arnold;spotify:track:4l4CG0aEuz2yGMYFxWsQZS;0,613;0,706;1;-6,953;0;0,184;0,525;5,78E-06;0,357;0,857;141,592;231960;1;51,14319;9;0;4
Just My Imagination (Running Away With Me);The Temptations;spotify:track:39Bd345OWEhRNyfayhp9gv;0,425;0,242;0;-15,424;1;0,0267;0,88;0,0118;0,195;0,477;92,472;228160;4;60,7341;11;1;4
Just Remember I Love You;Firefall;spotify:track:4mxaH9MLP8VN8vXX46y3Jd;0,543;0,759;0;-8,792;1;0,028;0,0578;2,26E-06;0,977;0,697;116,005;216413;4;51,75557;7;1;4
Just Seven Numbers (Can Straighten Out My Life);Four Tops;spotify:track:5uQGotQ1lAMdQa0gR4Y2Qv;0,405;0,66;2;-10,538;1;0,0446;0,0809;0,00148;0,166;0,87;179,537;191293;4;50,39834;7;1;4
Just The Way You Are;Billy Joel;spotify:track:49MHCPzvMLXhRjDantBMVH;0,589;0,453;7;-8,912;1;0,0397;0,703;2,54E-05;0,134;0,513;139,148;290573;4;26,95017;15;1;4
Kaloaloa;Hui Ohana;spotify:track:4ZETdqBNpKyFLvxZHFDEAR;0,546;0,366;9;-11,837;1;0,0346;0,933;0,695;0,105;0,79;150,301;144760;4;37,99756;9;0;4
Kansas City Blues;Sleepy John Estes;spotify:track:1gUgah8BsuuxkMmClvSg21;0,609;0,453;7;-11,033;1;0,162;0,968;0,000341;0,162;0,888;183,55;104067;4;68,39922;4;0;4
Keep on Groaning;Jack Owens;spotify:track:0vSyYpSBOgg9fKKpOfPtzj;0,677;0,049;11;-17,698;0;0,0441;0,977;0,226;0,107;0,403;76,114;276053;4;25,8174;17;0;4
Keep Playin' That Rock 'N' Roll;Edgar Winter's White Trash;spotify:track:6xyA3dyXzbyme6pDyuG8zG;0,678;0,854;4;-10,678;1;0,0349;0,0932;0;0,109;0,962;129,638;223800;4;48,75761;11;1;4
Kid Cavaquinho;João Bosco;spotify:track:1qsIeEiFLeB7vipJTA30Qi;0,595;0,486;2;-17,27;1;0,0578;0,509;2,29E-05;0,0791;0,922;105,174;180493;1;35,8707;7;0;4
Kid Charlemagne;Steely Dan;spotify:track:3sqNXrDvCy4nid6XbaA2Cg;0,546;0,697;0;-9,667;1;0,0631;0,272;0,00558;0,649;0,755;96,752;278800;4;40,37257;9;1;4
Kinfolk's Blues;Muddy Waters;spotify:track:1bUhqE2f2TPTqyyPxyCgqt;0,628;0,421;5;-16,76;1;0,041;0,377;0,000343;0,208;0,869;95,81;148933;4;47,63725;7;0;4
King Jesus;Larry Sparks;spotify:track:4VEEGGE5r38SCHzgMVEcnF;0,553;0,435;11;-12,667;1;0,0342;0,748;0,226;0,176;0,732;165,036;138733;4;35,86303;6;0;4
King Tut;Steve Martin And The Toot Uncommons;spotify:track:0MOwFENfV5Q94mUU3F4Nk5;0,67;0,698;9;-13,009;1;0,136;0,361;0;0,459;0,935;125,144;130253;4;62,70825;6;1;4
L.A. Blues;The Stooges;spotify:track:1ED6dMdVwXGkXAjsJdk5f0;0,171;0,949;2;-15,105;1;0,201;0,000105;0,562;0,532;0,055;106,971;293867;3;38,38155;12;0;4
La ballata di Sacco e Vanzetti - Version 1;Ennio Morricone;spotify:track:1RhRTwZiV96lsSHbfycSZv;0,286;0,388;9;-7,109;0;0,0353;0,922;0,0143;0,128;0,0618;119,164;303453;4;43,566;16;0;4
La canción de las cigarras;Alberto Cortez;spotify:track:6jQ2iMCO8APlMXuJNamk5E;0,461;0,382;2;-13,3;1;0,0401;0,958;0,0713;0,185;0,384;123,36;257053;3;20,33816;15;0;4
La Città Fatta A Inferno;Tito Schipa Jr.;spotify:track:1CLJTZuq4LDDwXrqZkfTK8;0,319;0,728;2;-10,914;0;0,164;0,291;5,27E-06;0,178;0,44;175,755;460916;4;59,60644;15;0;4
La Cruz De Tu Olvido;Vicente Fernández;spotify:track:5CYUGnQQCTMIG67GNkUnt7;0,589;0,496;5;-4,486;1;0,0382;0,608;0;0,575;0,684;83,794;150419;3;32,67538;8;0;4
La désillusion;Eric Demarsan;spotify:track:2Vum8jojbkYusfrCrNETBE;0,0697;0,232;2;-14,64;0;0,0381;0,27;0,941;0,157;0,106;56,846;128293;3;44,35059;8;0;4
La rousse;Vladimir Cosma;spotify:track:6NuQXoziQg1F38AQZtAOwf;0,566;0,137;0;-11,94;0;0,0374;0,131;0,244;0,0755;0,805;79,118;58467;4;19,85993;5;0;4
La scoumoune (Theme principal);François de Roubaix;spotify:track:6zEUrQO9kN0k12uJldEe7B;0,35;0,261;10;-19,009;0;0,0426;0,0315;0,941;0,104;0,427;119,199;148933;4;27,77455;11;0;4
La valse du mariage;Francis Lai;spotify:track:5V7geCdYPA3MY3RSmhYTyQ;0,219;0,452;7;-7,001;0;0,0306;0,779;0,96;0,178;0,428;178,261;125693;3;53,06638;6;0;4
La vérité;Jean-Michel Jarre;spotify:track:1GWVYi6KCflih32diwc6Tx;0,305;0,201;5;-7,847;0;0,0411;0,734;0,899;0,175;0,266;115,663;56520;4;15,96867;3;0;4
Lady Eleanor;Lindisfarne;spotify:track:7Aw5qOxD2UV27vqgyg89C4;0,498;0,336;11;-13,815;0;0,0379;0,295;3,44E-05;0,0794;0,346;105,447;255427;4;81,24507;13;1;4
Lady Rolland;Laboratorium;spotify:track:46OBVF22kyi2YrOYVeYrBF;0,405;0,11;1;-18,428;1;0,0373;0,594;0,782;0,109;0,0843;124,212;104332;4;26,51295;5;0;4
Lagoon Night;Iasos;spotify:track:3ZQ3qmO1m89tCWKFxjUl3k;0,127;0,217;9;-35,347;0;0,732;0,953;0,933;0,425;0,032;87,435;76173;4;27,57241;5;0;4
Lament - Original Cast Recording/1979;Patti LuPone;spotify:track:7rbDCzjPfNbbTQGIdNBcmV;0,381;0,0665;10;-23,024;0;0,0392;0,944;0,00605;0,12;0,136;125,759;176640;4;30,87176;10;0;4
L'amour Au Grand Air;François Bréant;spotify:track:0XiJEZt2gadxmxG8jXVSRI;0,293;0,269;7;-15,248;1;0,0366;0,881;0,769;0,503;0,037;115,948;359893;4;37,41173;16;0;4
Land Of Make Believe;Chuck Mangione With The Hamilton Philharmonic Orchestra;spotify:track:1XiP8qRiHsx2wQPSmsLp7W;0,273;0,321;10;-16,604;1;0,0449;0,033;0,00571;0,705;0,285;133,267;744867;4;51,58365;29;1;4
Land Of The Midnight Sun;Al Di Meola;spotify:track:5SJX5mCdcF6IPHXPwFOMsP;0,415;0,57;11;-14,18;0;0,0384;0,546;0,803;0,68;0,739;119,346;550293;4;44,36134;24;0;4
Last Child;Aerosmith;spotify:track:7gpavVMJwJYFNUzfzUdSv7;0,599;0,613;8;-9,978;1;0,0344;0,163;1,66E-06;0,047;0,767;84,22;206707;4;55,90232;10;1;4
Laundromat Blues;Carey Bell;spotify:track:7JkfY4kItTQiKvLxgCzMk9;0,472;0,309;2;-13,453;0;0,0452;0,409;0,156;0,254;0,487;80,041;271533;4;57,68404;11;0;4
Lawra - Instrumental;Ron Carter;spotify:track:3vl8swzH6NHfOh4UJCq4R5;0,334;0,537;5;-13,512;1;0,0307;0,0821;0,395;0,164;0,532;90,026;365533;4;49,87399;15;0;4
Lay-Away;The Isley Brothers;spotify:track:2lpkeVjNP3sbilp2TH5nc5;0,64;0,795;11;-5,222;0;0,0418;0,627;0;0,179;0,946;161,48;203093;4;34,21059;9;1;4
Layla;Derek & The Dominos;spotify:track:2kkvB3RNRzwjFdGhaUA0tz;0,404;0,903;1;-3,88;1;0,0668;0,577;0,297;0,287;0,498;115,672;423840;4;23,94016;15;1;4
Lazy Evening Blues;Alan Parker;spotify:track:1TRD0G4Fbm9Q4PkRO2awXu;0,677;0,219;2;-13,163;1;0,0394;0,258;0,885;0,0705;0,133;121,475;278440;4;41,69284;13;0;4
Lazybones;Leon Redbone;spotify:track:6gPIzzQxFn49zaBWpjGGtF;0,688;0,0539;6;-17,911;1;0,0627;0,919;0,00246;0,129;0,431;101,407;186944;4;36,81482;11;0;4
Le Beau Cancer;Brigitte Fontaine;spotify:track:0AiVWZnTcrPwJtaldbLVyg;0,588;0,313;5;-12,678;0;0,0331;0,383;0;0,104;0,591;102,896;121733;4;22,95593;7;0;4
Le goudron;Brigitte Fontaine;spotify:track:0xvjy3yL8TX1MZmwtMCbt5;0,417;0,319;3;-12,328;1;0,0635;0,878;0,000184;0,156;0,26;77,486;250360;4;77,08215;12;0;4
Le prince se meurt d'amour;Michel Legrand;spotify:track:0m7VmOLWI0QiWkKOTYDVco;0,11;0,241;3;-17,956;0;0,0441;0,916;0,876;0,0819;0,0748;180,236;170693;5;33,56169;9;0;4
Lean On Me;Bill Withers;spotify:track:3M8FzayQWtkvOhqMn2V4T2;0,619;0,22;0;-13,843;1;0,0667;0,782;1,19E-05;0,124;0,423;75,16;258835;4;28,11061;12;1;4
Let Me Get To Know You;Paul Anka;spotify:track:4mvZnMDlsR2dxSO6iQrSu9;0,536;0,614;6;-8,293;1;0,0331;0,283;0;0,336;0,527;106,333;202800;4;26,32551;10;1;4
Let Me In;The Osmonds;spotify:track:0cvsbBp7UHWRT1nPtwqrz2;0,18;0,453;0;-10,914;1;0,0336;0,678;0;0,375;0,427;164,328;219173;4;40,40943;9;1;4
Let Me Know (I Have A Right);Gloria Gaynor;spotify:track:29ok4nWfUmmR1A8P8t2kuq;0,789;0,735;11;-8,292;0;0,0384;0,0143;8,19E-05;0,3;0,925;126,785;194933;4;14,5544;10;1;4
Let the Drums Speak;Fatback Band;spotify:track:6BNg8HwUo6Txd9mYAPgpMh;0,598;0,657;11;-11,702;1;0,331;0,00205;0,625;0,0532;0,73;111,791;225800;4;26,23649;11;0;4
Let's Be Young Tonight;Jermaine Jackson;spotify:track:3L771lNX9w6XecLLgyG47Q;0,511;0,725;5;-10,668;0;0,0592;0,134;0;0,925;0,808;126,15;307293;4;15,20472;16;1;4
Let's Get Crazy Tonight;Rupert Holmes;spotify:track:6IjkHGGVZVJT9J6RUNsmTM;0,784;0,691;5;-8,426;1;0,0309;0,0639;4,70E-06;0,07;0,965;113,804;212987;4;32,64688;10;1;4
Let's Get Married;Al Green;spotify:track:3ZzlW5lzXyE0tnsVvzxzZu;0,702;0,528;9;-8,673;1;0,0372;0,0947;0,000103;0,556;0,962;115,148;203320;4;27,60697;9;1;4
L'Hereu Riera;Al Tall;spotify:track:33d48OalQhEY5Yz1Boa1dk;0,455;0,154;9;-14,251;0;0,036;0,941;4,36E-06;0,171;0,236;129,15;296053;4;26,91872;13;0;4
Liebesleid;Fritz Kreisler;spotify:track:6Yhg6HBYp4Mj6jhWPbrvuX;0,307;0,0462;9;-30,328;0;0,0353;0,994;0,887;0,104;0,222;77,332;225440;1;97,08641;8;0;4
Light Manufacturing;Tony Kinsey;spotify:track:5Kmu05SkU6m34mtTuruuVO;0,666;0,328;5;-19,704;1;0,034;0,836;0,905;0,106;0,535;120,757;170587;4;50,78793;8;0;4
Lights;Journey;spotify:track:7EHmKkyAr6MZv5Y2FdZbXw;0,193;0,5;7;-9,903;1;0,0381;0,108;0,0067;0,332;0,354;207,639;190333;3;39,12345;8;1;4
Like A Sad Song;John Denver;spotify:track:69EkMYkCSqbl4ZoX6HQryg;0,387;0,0287;7;-18,887;1;0,0389;0,945;1,58E-05;0,139;0,162;70,639;222267;4;35,25165;11;1;4
Like Sonny - Alternate Take;John Coltrane;spotify:track:0AcwwCYmmV5r44oY46296T;0,446;0,203;8;-17,364;1;0,0413;0,696;0,00119;0,107;0,494;73,311;367800;4;41,26393;11;0;4
Listen Here;Brian Auger & The Trinity;spotify:track:6F8oB8ZuTr4PcnINPs9G38;0,62;0,779;0;-10,159;1;0,0407;0,00454;0,86;0,0952;0,96;134,501;568827;4;22,63804;19;1;4
Lonely Teardrops;Brian Hyland;spotify:track:6jO2YmZgkLvGNfzvFWTL9N;0,438;0,609;7;-8,28;1;0,029;0,424;0,000143;0,0615;0,874;137,704;192907;4;27,83348;8;1;4
Lonesome River (feat. Ricky Skaggs & Keith Whitley);Ralph Stanley;spotify:track:6qrASXhVGyH4CnQXrfZzin;0,573;0,305;2;-13,816;1;0,0331;0,676;1,57E-06;0,132;0,431;94,349;157667;1;19,41836;9;0;4
Long Live Rock;The Who;spotify:track:1Pq1ySROrhPJ1ljTcZPy83;0,465;0,84;2;-6,608;1;0,0489;0,327;0,00113;0,222;0,579;129,436;236573;4;30,00396;11;1;4
Look At Me (I'm In Love);The Moments;spotify:track:4GOhstuymDo7yP2SL0N9ZT;0,392;0,511;5;-9,008;1;0,0311;0,337;9,25E-05;0,118;0,337;144,508;191067;4;27,71822;10;1;4
Loose - Take 22;The Stooges;spotify:track:6nQgnaXd1IUGv9aYxEdbJd;0,462;0,941;2;-3,679;1;0,0366;0,000153;0,797;0,127;0,523;132,446;222333;4;51,86081;10;0;4
Los Dias de Actemio;Los Gatos;spotify:track:3M5S1CTBkRf7gpgrGcpHTw;0,456;0,547;2;-7,761;1;0,0526;0,824;0,0568;0,258;0,45;157,901;234587;3;46,04053;11;0;4
Lost Her In The Sun;John Stewart;spotify:track:2D9UFcG7uXamynisTMIyuj;0,688;0,708;4;-8,506;1;0,0302;0,128;0,00178;0,113;0,81;117,023;230427;4;46,83219;14;1;4
Love Bones;Johnnie Taylor;spotify:track:4QscbhPWgoercB4xv645QE;0,505;0,338;10;-17,295;0;0,0539;0,723;2,68E-05;0,0635;0,942;207,552;245627;4;36,21784;12;1;4
Love Gonna Pack Up (And Walk Out);The Persuaders;spotify:track:3q9e1qjPQAqZOQLR2BBqVK;0,647;0,443;9;-11,263;0;0,0486;0,525;0;0,039;0,77;133,296;200173;4;54,59848;10;1;4
Love Hurts;Nazareth;spotify:track:1i5oEx2vFczQ2sCY3c6Kn5;0,485;0,328;7;-11,853;1;0,0254;0,00596;0,0032;0,325;0,138;79,766;233133;4;16,12102;13;1;4
Love Is Like Oxygen;Sweet;spotify:track:58gcsPyG1xsD4uNtDiMC4c;0,567;0,455;9;-9,896;0;0,0479;0,242;2,79E-06;0,118;0,58;123,416;227533;4;66,63419;12;1;4
Love Me;The Rascals;spotify:track:2GI6Y06vuos2sOgZiXhU2y;0,455;0,671;7;-8,926;0;0,0323;0,224;0;0,316;0,66;136,206;123600;4;51,87456;5;1;4
Love Me Again;Rita Coolidge;spotify:track:7vYpMAhNCvBFNWXTLQXgtN;0,529;0,326;8;-10,462;1;0,0317;0,604;3,14E-05;0,129;0,133;141,21;217373;4;33,54182;12;1;4
Love Song;Tommy James;spotify:track:0EMgvvNROQvwc3ap3b41pH;0,456;0,602;11;-9,065;1;0,0285;0,232;0;0,107;0,856;100,017;209467;4;40,72653;11;1;4
Love You Inside Out;Bee Gees;spotify:track:73V1mhbDb7K0lqlHB82iN5;0,706;0,516;11;-11,037;0;0,0474;0,354;4,19E-06;0,205;0,833;94,716;251333;4;31,44528;13;1;4
Lovely Luna;Kayak;spotify:track:2ZoEdsR7CD4BQxxf4UW6w1;0,207;0,137;2;-14,776;1;0,0392;0,697;0,2;0,0798;0,0396;119,268;499307;4;44,5863;24;0;4
Loving Arms;Dobie Gray;spotify:track:0pVKidXUY98ae4SqRjVTFX;0,456;0,232;4;-11,919;1;0,0326;0,898;2,13E-06;0,139;0,23;130,046;186642;4;44,88421;8;1;4
Luckenbach. Texas (Back To The Basics Of Love);Waylon Jennings;spotify:track:5pdKPY4O9CHuzDDp557j4N;0,687;0,469;7;-9,992;1;0,0322;0,714;0,00199;0,252;0,674;102,88;200640;4;28,2778;13;1;4
Macao;Hui Ohana;spotify:track:477YSA12Sos4W3B5Pc1pu0;0,495;0,719;5;-7,311;1;0,0391;0,766;0;0,796;0,788;87,767;139507;4;84,89116;5;0;4
MacArthur Park;Donna Summer;spotify:track:42tYHqMxXxXHAAWqLaoOfQ;0,579;0,667;4;-12,361;0;0,04;0,0829;0,000605;0,0547;0,449;131,022;235200;4;67,45566;9;1;4
Machine Gun;Commodores;spotify:track:3mQTPYezPCB9uUM3WpkIff;0,741;0,97;5;-6,364;1;0,0341;0,00882;0,836;0,295;0,778;113,103;159467;4;37,45776;8;1;4
Macho Man;Village People;spotify:track:22kv2NoeaD7qhTgShfZjIv;0,745;0,593;5;-12,33;1;0,0439;0,0523;0;0,582;0,888;132,897;314800;4;44,76883;12;1;4
Maggie;Redbone;spotify:track:1z5PagAjBTbe4T0PaoxOyh;0,56;0,933;6;-5,975;0;0,103;0,0613;0,192;0,0822;0,754;126,919;306867;4;31,64244;14;1;4
Magic Woman Touch;The Hollies;spotify:track:0xobShHrREruqFBUeXHytE;0,551;0,683;4;-9,296;1;0,0273;0,0287;0;0,113;0,706;92,582;200467;4;23,28857;11;1;4
Magnet And Steel;Walter Egan;spotify:track:1Fk6KB9H0oZ2rYKFRDrhQm;0,719;0,395;1;-9,581;0;0,0335;0,349;5,07E-05;0,0716;0,718;113,036;204760;3;44,70283;9;1;4
Makapu'u Beach;Gabby Pahinui;spotify:track:67iqfB5Jpgwc9iEoCHnePV;0,607;0,342;2;-14,742;1;0,0316;0,742;0;0,116;0,485;107,794;174880;3;27,96931;9;0;4
Make It With You;The Whispers;spotify:track:6qg57tPK0DrfiiUnhsoCEu;0,747;0,705;0;-11,036;1;0,0541;0,00643;3,90E-05;0,0412;0,822;116,184;303000;4;27,72172;14;1;4
Making Our Dreams Come True;Cyndi Grecco;spotify:track:4qNGhNFkGdDJ9m6WZrk242;0,449;0,873;2;-7,231;0;0,127;0,246;0,00157;0,128;0,855;162,343;148691;4;39,83076;8;1;4
Man Of Constant Sorrow;Ginger Baker's Air Force;spotify:track:55U0bu6i0z7TPH3peAX2Dx;0,354;0,737;9;-5,975;1;0,0377;0,203;0;0,34;0,568;84,622;230947;4;33,97921;8;1;4
Man Smart. Woman Smarter;Robert Palmer;spotify:track:2TKNoRFYpwhMF5OHgKpxxe;0,649;0,585;2;-13,494;1;0,043;0,098;0;0,293;0,977;78,218;156507;4;48,83132;5;1;4
Matangi's Love Theme;Nino Rota;spotify:track:5JR962roal1KtSgXFOX2fL;0,324;0,041;9;-25,854;1;0,0378;0,994;0,958;0,107;0,52;85,65;98707;4;8,2182;3;0;4
Me cai de la nube;Cornelio Reyna;spotify:track:3MTdHQB4Z3xH0h6Iw1mhH0;0,79;0,691;8;-3,904;1;0,0402;0,567;2,12E-06;0,0593;0,917;112,876;188240;4;43,1898;9;0;4
Me Deixa Em Paz / a Fonte Secou / Mora Na Filosofia / Eu Quero Essa Mulher Assim Mesmo - Ao Vivo;MPB4;spotify:track:4goCh7iwEtZB06hSvSD0mO;0,376;0,82;10;-8,257;1;0,102;0,489;1,06E-06;0,601;0,692;153,492;187040;4;33,58187;10;0;4
Me Llamarás (Bulerías);Chiquetete;spotify:track:4yKWVHJF20HXM5b9BP7lKv;0,499;0,758;6;-10,361;0;0,0698;0,562;0;0,486;0,802;110,71;176733;3;48,77178;8;0;4
Messe de la Pentecôte: Consécration. Le don de la Sagesse;Olivier Messiaen;spotify:track:2B8xigAUdWg4l3osrs46Nh;0,164;0,0011;4;-24,489;1;0,0389;0,0263;0,281;0,128;0,199;87,147;289493;4;49,28325;12;0;4
Mi Inspiración - Instrumental;Paco de Lucía;spotify:track:5mYq648dVrAvCpB1RMEX9W;0,374;0,586;2;-9,303;1;0,032;0,821;0,781;0,417;0,638;112,251;196920;4;27,10397;8;0;4
Midget Submarine;Swell Maps;spotify:track:1Z6Trl1OXH5tVLpMxC9Wid;0,234;0,98;9;-4,48;1;0,0824;7,84E-05;0,846;0,359;0,0651;143,564;274427;4;21,37529;13;0;4
Midnight At The Oasis;Maria Muldaur;spotify:track:5VBcEJ4mtXTmVEJtc7hx2g;0,705;0,499;1;-7,969;1;0,0265;0,409;6,59E-05;0,103;0,391;98,686;229507;4;61,87929;12;1;4
Midnight Rider;Gregg Allman;spotify:track:23ZOiEUix1FsthnLfpWXqj;0,567;0,439;0;-11,516;1;0,0232;0,491;0,203;0,123;0,403;86,812;267363;4;40,74572;13;1;4
Military Madness;Graham Nash;spotify:track:6n3Wk44F3ZZwts8OAyB2zK;0,582;0,572;0;-10,711;1;0,0328;0,323;0;0,0541;0,505;120,374;176667;4;37,92011;9;1;4
Milk Cow Blues;Johnny Shines;spotify:track:1EHAgCG4s4Cz1AgRQ63hNR;0,644;0,313;8;-15,503;1;0,131;0,377;0,187;0,764;0,755;121,123;175600;4;30,91655;8;0;4
Mind;Kas Product;spotify:track:66MKqhwGIKAQGIDurpwYGS;0,733;0,458;2;-11,181;1;0,194;0,238;0;0,0625;0,264;77,377;166187;4;33,74439;8;0;4
Minstrel In The Gallery;Jethro Tull;spotify:track:2kRpkk3oY49KcFLzINA2s9;0,368;0,507;11;-12,139;0;0,0722;0,0519;2,05E-06;0,0751;0,618;95,933;498653;3;52,95261;20;1;4
Minute By Minute;The Doobie Brothers;spotify:track:5Mx2naEcivC0tmfyOxdhHY;0,731;0,371;0;-13,187;1;0,0402;0,741;0,00779;0,0903;0,96;143,613;207533;3;31,64243;11;1;4
Miss America;Mark Lindsay;spotify:track:5HYrPsCxp8DOxeCMobRRkK;0,238;0,384;8;-13,17;0;0,0366;0,695;0;0,327;0,333;176,981;212573;4;34,3477;8;1;4
Miss You;The Rolling Stones;spotify:track:3hJLKtTpgct9Y9wKww0BiR;0,795;0,71;9;-4,746;0;0,0392;0,443;0,0215;0,344;0,845;109,689;288667;4;45,45196;15;1;4
Mister Magic;Grover Washington, Jr.;spotify:track:2fmXnPfzguSp3zKDibCBgv;0,734;0,641;5;-8,471;0;0,0662;0,00603;0,372;0,0602;0,868;103,813;541827;4;34,62654;19;1;4
Mit Pfefferminz bin ich dein Prinz;Westernhagen;spotify:track:61uIub4nS6R2qjmoFX1BWk;0,73;0,62;7;-12,556;1;0,0426;0,634;0,000325;0,107;0,97;143,034;167560;4;28,98;9;0;4
Moana's Dance;Nino Rota;spotify:track:3oufnQpbUHL87jrYkNyE7M;0,484;0,501;6;-17,009;1;0,0604;0,609;0,873;0,111;0,433;160,743;175787;4;49,74526;9;0;4
Moeda. Reza e Cor;Dom Salvador;spotify:track:1gQshB0pi6EM3MJtTXFdWJ;0,495;0,933;9;-5,583;0;0,0334;0,491;0,852;0,114;0,803;99,274;201533;4;30,62268;9;0;4
Mon Amour. Meu Bem. Ma Femme;Reginaldo Rossi;spotify:track:7fZT8VqbwRTqTbHQhHmQTe;0,634;0,587;7;-8,743;1;0,034;0,0895;2,79E-05;0,132;0,853;135,477;143173;4;25,40046;9;0;4
Money. Money. Money;ABBA;spotify:track:29FNeqjOV2kPWGS55qhtGB;0,756;0,741;9;-6,426;0;0,0364;0,43;0,00113;0,0807;0,691;120,445;186787;4;39,84122;7;1;4
Monster;Steppenwolf;spotify:track:1jBfY6x1uIZTUxYAOi54c3;0,441;0,542;7;-12,444;1;0,0439;0,131;2,38E-05;0,103;0,37;111,545;556427;4;52,15217;18;1;4
MOONSONG;Compost;spotify:track:6qAu5HlWB7iy7TtI9YoRA5;0,416;0,44;4;-12,033;0;0,0618;0,631;0,000572;0,14;0,291;128,154;267533;4;34,29662;9;0;4
More. More. More Pt. 1;Andrea True Connection;spotify:track:1EtDI7CDVN8qkVaXfkmCdC;0,608;0,823;7;-9,387;0;0,0545;0,00249;0,00147;0,307;0,825;104,274;179133;4;33,15293;7;1;4
Morning Bugle;John Hartford;spotify:track:0Av9fZuWfzlJHR2SYA1j7c;0,648;0,308;10;-18,033;1;0,033;0,908;0,109;0,0901;0,718;98,658;144693;4;20,13052;8;0;4
Morning Glory;Deuter;spotify:track:0ONrLKP2Ep5g53kGC6Sg7N;0,25;0,168;5;-26,281;1;0,0348;0,0657;0,96;0,0381;0,198;125,692;142933;4;44,60824;4;0;4
Motema Ngai Nakufelaka;Verckys & L'Orchestre Vévé;spotify:track:2XjS4C6pM5p0itISXDQbTY;0,582;0,444;7;-12,476;1;0,0963;0,972;0;0,132;0,894;121,949;283957;4;34,00999;14;0;4
Mother Whale Eyeless - 2004 Digital Remaster;Brian Eno;spotify:track:19oo11qMT4fsbRbMthDsxI;0,527;0,556;0;-10,798;1;0,0299;0,117;0,00226;0,134;0,663;117,528;345880;4;35,25796;16;0;4
Motorcycle Circus;Luis Bacalov;spotify:track:3ONT9bbXlvp118QYHr4f1U;0,432;0,47;9;-16,793;0;0,0386;0,129;0,844;0,131;0,776;116,442;221840;4;33,61726;9;0;4
Motown Review;Philly Cream;spotify:track:4Ajw0QFjYVh8zrlItY2i5M;0,67;0,651;9;-10,78;0;0,0305;0,0167;1,02E-05;0,0436;0,823;132,992;348707;4;47,85066;14;1;4
Move Over. Little Dog;Lonnie Brooks;spotify:track:6dL4wM1hnGTqKRkOJPeA8u;0,566;0,692;5;-10,917;1;0,0421;0,469;0,0112;0,146;0,819;132,884;255827;4;26,43144;13;0;4
Movin' Out (Anthony's Song);Billy Joel;spotify:track:16GUMo6u3D2qo9a19AkYct;0,664;0,88;2;-5,009;0;0,0326;0,465;1,63E-05;0,0591;0,895;133,898;210760;4;57,11082;9;1;4
Multani Alap;Nikhil Banerjee;spotify:track:4lG29yDJ1aDjjdlkxGLzoT;0,18;0,0439;2;-28,242;1;0,0314;0,926;0,00114;0,168;0,0385;70,574;639467;1;57,28934;24;0;4
Music Bed (3);Brian Bennett;spotify:track:59dEUA4CU6vAgsLqPUvcdi;0,62;0,305;0;-14,379;1;0,0336;0,384;0,909;0,0448;0,684;155,732;60839;4;32,01256;4;0;4
Music for My Friends;Big Band Katowice;spotify:track:0wQSbnoWedsjOG3zl39De7;0,581;0,69;10;-12,054;0;0,112;0,211;0,69;0,194;0,644;134,659;440733;4;39,88779;18;0;4
Must Be Love;The James Gang;spotify:track:52RObxwvt4TsGQFmdMQfFY;0,573;0,524;9;-16,128;1;0,0484;0,0388;7,80E-06;0,0918;0,764;117,453;231293;4;28,52868;12;1;4
Must Of Got Lost;The J. Geils Band;spotify:track:252pAlbltOjOcUux4dRtjp;0,53;0,516;0;-12,378;1;0,0793;0,41;0,00182;0,0532;0,738;103,922;178240;4;33,65358;10;1;4
My Baby's Baby;Liquid Gold;spotify:track:6fylMhfB3KSnYuLHqywuqk;0,777;0,608;0;-11,725;1;0,0733;0,0341;0,31;0,0636;0,803;131,163;371640;4;22,39546;18;1;4
My Boy;Elvis Presley;spotify:track:5UjS7jve7tYXjyQ8IUUEtT;0,42;0,0235;0;-17,663;1;0,0728;0,934;0,00674;0,136;0,252;85,08;153267;4;28,571;8;1;4
My Eyes Get Blurry;Kenny Nolan;spotify:track:1uMWTSC1bn3Hpca9SYK24s;0,475;0,39;2;-11,559;1;0,0318;0,694;5,01E-06;0,0592;0,378;84,187;242867;4;54,67237;10;1;4
My Favorite Things - Live In Stockholm / 1963;John Coltrane;spotify:track:1rspnh2IRnPJ3AtlDjtGpA;0,282;0,576;11;-9,463;0;0,0401;0,879;0,451;0,866;0,476;64,5;1267613;4;40,60744;56;0;4
My Head Is My Only House Unless It Rains;Captain Beefheart & His Magic Band;spotify:track:40FBvcPdz84RpbCOx2lHQV;0,842;0,256;2;-20,038;1;0,0535;0,81;0,276;0,0721;0,612;113,221;175600;4;67,99428;7;0;4
My Life;Billy Joel;spotify:track:4ZoBC5MhSEzuknIgAkBaoT;0,741;0,647;2;-12,878;1;0,0427;0,108;0,00139;0,0555;0,804;131,097;284000;4;33,18043;15;1;4
My Maria;B.W. Stevenson;spotify:track:6EA8NmWd3l9C6ycQfbEOnS;0,74;0,622;4;-10,613;1;0,0361;0,0828;0,00673;0,0577;0,961;121,576;152000;4;35,57126;8;1;4
My Own Way To Rock;Burton Cummings;spotify:track:40ExxEf44HPz7yWKgZvEQo;0,402;0,911;0;-8,396;1;0,0818;0,0165;0,00135;0,142;0,591;176,941;285907;4;28,26981;12;1;4
My Way / Trouble;Raul Seixas;spotify:track:3fCg0tHavGgdmVpJga9vBz;0,371;0,95;5;-3,048;1;0,297;0,432;0,000358;0,675;0,492;102,907;273027;3;53,71492;12;0;4
Na Na Hey Hey Kiss Him Goodbye;Steam;spotify:track:1mrSHPNTDdMkXpR4BiSiD7;0,637;0,916;7;-6,95;1;0,0458;0,0139;2,27E-05;0,21;0,506;114,987;247173;4;43,50466;8;1;4
Nachtlager N. Granada - The Lower Castle Yard;Traditional;spotify:track:16BjtTPPOnzv83TQWrnQQf;0,53;0,592;10;-16,461;1;0,0366;0,942;0,933;0,393;0,916;148,098;83400;4;21,26378;6;0;4
Nakoma Juste 1 & 2;Verckys & L'Orchestre Vévé;spotify:track:6GsAkgcRFq0GLiocyuZOHu;0,569;0,598;1;-9,243;1;0,24;0,522;2,65E-05;0,0644;0,911;100,808;563872;4;32,71967;26;0;4
Name of the Game;Brian Bennett;spotify:track:7jsactTYPuOWrVfLRL40lt;0,551;0,305;7;-19,099;1;0,0549;0,0798;0,883;0,126;0,232;81,843;266531;4;72,82349;12;0;4
Nanakuli;Hui Ohana;spotify:track:1YSPL4ViZxmTyIuNwyFP5n;0,644;0,361;7;-12,54;1;0,0295;0,907;0,0795;0,104;0,781;88,171;161560;4;29,38076;6;0;4
Nani Hanalei;The Brothers Cazimero;spotify:track:3xaXgeSJ53aFvEwUD8rlSi;0,363;0,089;4;-23,291;1;0,0334;0,79;0,000491;0,368;0,404;76,187;304707;4;32,37748;15;0;4
Nathan Jones;The Supremes;spotify:track:2djxoTjKyb4JVGv19s9ZxW;0,522;0,701;5;-9,071;1;0,0372;0,307;0,044;0,39;0,925;157,257;181360;4;62,89331;8;1;4
Nathan's Lament - Remastered;kalapana;spotify:track:0iZETwJJ7WQhIuI0eqggS6;0,41;0,602;9;-11,559;1;0,0401;0,0424;0,000369;0,0633;0,833;152,546;235147;4;35,10279;10;0;4
Natural High;Bloodstone;spotify:track:73etijhz7pV4Wx7GTANLpq;0,332;0,371;4;-9,884;1;0,0396;0,729;0,00021;0,176;0,375;173,273;249093;3;39,51623;10;1;4
N'Dia;Verckys & L'Orchestre Vévé;spotify:track:2rlzeMs9vrqCroFGo5mbOK;0,744;0,424;0;-8,559;1;0,0486;0,316;1,80E-05;0,438;0,679;111,082;306000;4;43,23869;17;0;4
Never Let Her Slip Away;Andrew Gold;spotify:track:4jV4ld7z4BrswF3uKqz8Ny;0,718;0,368;0;-17,535;0;0,0351;0,538;0;0,0614;0,895;114,295;208240;4;64,41683;7;1;4
New Ways To Live;Piero Piccioni;spotify:track:10QhtDeDjDX3WCE8tdOaR8;0,521;0,835;2;-5,083;0;0,0342;0,0315;0,912;0,201;0,875;105,115;118400;4;13,89313;3;0;4
Ni Chicha Ni Limoná;Victor Jara;spotify:track:0hL5NfPALY23Q5FBra7Ux4;0,72;0,628;1;-9,34;1;0,0459;0,559;0;0,0683;0,914;151,294;202594;3;48,22838;11;0;4
Nights On Broadway;Bee Gees;spotify:track:4JjcCdm0RSPuvQWnZyrNkm;0,573;0,641;5;-9,196;1;0,0443;0,235;0,00414;0,859;0,613;88,862;271373;4;41,26383;12;1;4
Nights To Come;Piero Piccioni;spotify:track:1bWg83P2Bn9jVehn9zhx0i;0,272;0,428;5;-9,727;0;0,0364;0,215;0,845;0,196;0,438;178,199;178560;3;42,18934;9;0;4
Nine Below Zero - Live;Muddy Waters;spotify:track:3c5E4jsPyxiHzC2aYNzB61;0,519;0,735;2;-10,204;1;0,0942;0,401;0,0794;0,841;0,669;117,211;322200;1;61,38834;12;0;4
Nine Pound Hammer - Live;Lester Flatt;spotify:track:7DaxHCoc6sEYJIXvARUUBD;0,505;0,742;9;-9,932;1;0,0593;0,709;0,0187;0,901;0,796;120,981;180080;4;82,87579;6;0;4
No Cordão da Saideira - Ao Vivo;MPB4;spotify:track:42PeZpAQyB4Ljk0a3NP8eL;0,534;0,528;10;-12,147;1;0,284;0,765;0,792;0,811;0,718;123,727;135733;4;67,46484;5;0;4
No Nos Paran Más;Billy Bond y La Pesada;spotify:track:7prtCB1thLKb4KuxKYEsKc;0,502;0,758;2;-8,439;1;0,0626;0,0081;9,41E-05;0,573;0,834;77,418;204387;4;19,27749;9;0;4
No One Receiving - 2004 Digital Remaster;Brian Eno;spotify:track:4AHCh0JCCzPYsvRCUFdru3;0,641;0,789;9;-12,803;1;0,154;0,127;0,000218;0,139;0,548;107,672;232787;4;37,48169;10;0;4
No One To Depend On;Santana;spotify:track:3pPnys7mGV0DQkQoxmovXi;0,576;0,687;0;-10,941;1;0,0391;0,05;0,0199;0,129;0,73;111,034;331333;4;28,90085;10;1;4
No Tell Lover;Chicago;spotify:track:0GoT8Ro3hwpyFZfPmg0Wk7;0,453;0,75;5;-6,658;0;0,186;0,325;0,000126;0,117;0,764;171,925;229547;4;47,03906;11;1;4
Nobody;The Doobie Brothers;spotify:track:1w6uOq9M9XOqr5ftBZHfcN;0,634;0,892;2;-5,374;1;0,0309;0,0134;0,00068;0,0477;0,23;114,967;260027;4;27,17715;12;1;4
Non Si Sevizia Un Paperino - Don't Torture a Duckling;Riz Ortolani;spotify:track:3mnO7fjjevVHd9BvDBQs5b;0,258;0,124;2;-20,547;1;0,0526;0,951;0,614;0,0743;0,0318;116,123;149733;4;52,19675;8;0;4
Not Fade Away;Tanya Tucker;spotify:track:3F83qFNqbwVaSe2VUDmBTb;0,623;0,772;8;-12,581;1;0,0425;0,0627;0,00148;0,125;0,964;93,217;244933;4;47,06827;9;1;4
Now I'm A Woman;Nancy Wilson;spotify:track:3IyGtdpfy2A4liIs5n03LN;0,373;0,437;2;-9,931;0;0,0361;0,926;0,00223;0,247;0,532;125,412;171133;4;28,35167;9;1;4
Now That I'm Down;Son Seals;spotify:track:5KZrHPwscBkXturVJCJlM4;0,49;0,338;2;-13,657;1;0,2;0,472;4,31E-06;0,109;0,463;140,533;362400;3;23,68726;21;0;4
Nutbush City Limits;Bob Seger;spotify:track:6RM7EnZNWsEhdikBnNFeDf;0,46;0,847;0;-4,74;1;0,0391;0,326;0,00833;0,345;0,654;165,091;236587;4;29,71814;11;1;4
Nuvem Cigana;Milton Nascimento;spotify:track:7i8VODqaKoo8VimndSROGt;0,526;0,403;0;-10,736;1;0,0311;0,612;1,55E-06;0,0789;0,524;120,335;179800;4;31,50185;9;0;4
O Crime - Ao Vivo;MPB4;spotify:track:3ck3ofUErVi1WzyVZSAGmD;0,295;0,0239;7;-17,755;0;0,0329;0,979;0;0,163;0,0512;169,951;140285;4;26,09427;8;0;4
O Por Do Sol;Fernando Mendes;spotify:track:6i3fNMOa7RWYQMrbeSftzH;0,604;0,52;0;-10,279;1;0,0281;0,0707;7,76E-06;0,318;0,576;129,716;189667;4;32,14903;11;0;4
Objeto Voador;Leno e Lilian;spotify:track:1hDulcsRFMMe3LZeuB6mZX;0,394;0,634;0;-11,391;1;0,0569;0,813;0;0,133;0,924;190,951;142245;4;27,31688;9;0;4
Oh Me. Oh My (Dreams In My Arms);Al Green;spotify:track:55tv2auMZGJsEHnCKSQBfn;0,714;0,541;5;-9,068;1;0,0297;0,309;8,41E-06;0,0734;0,616;95,41;168853;4;27,30668;9;1;4
Oh my Love - Solo Orchestra;Riz Ortolani;spotify:track:413MFdr5nxVb1wTN3yLBKu;0,193;0,396;5;-6,948;1;0,0319;0,925;0,881;0,202;0,0399;100,336;169280;5;36,65619;7;0;4
Oh What A Night For Dancing;Barry White;spotify:track:1CMgTRTMXSzIH4nYJX7fbh;0,706;0,463;0;-10,89;1;0,0266;0,107;0,0125;0,0912;0,613;116,575;235293;3;45,54952;8;1;4
Ohio;Crosby, Stills, Nash & Young;spotify:track:0ToHhkK4qtwEyKOxhQpMbJ;0,445;0,529;0;-10,94;1;0,026;0,261;0,0162;0,184;0,749;79,296;183733;4;27,0153;10;1;4
Ohye Atar Gyan;Ebo Taylor;spotify:track:6oouAsU9o3zDCoDEfJGbfB;0,766;0,816;8;-5,919;1;0,0659;0,322;0,326;0,243;0,688;99,248;368027;4;35,56561;15;0;4
Ojo;Leo Kottke;spotify:track:33eBNXQ89f4tboJ5fBMv3i;0,432;0,356;5;-18,018;1;0,0424;0,49;0,907;0,0985;0,824;99,656;132240;4;46,83617;7;0;4
Old Days;Chicago;spotify:track:566JK3Jw6Elm5oydYhUXAu;0,503;0,808;0;-6,56;1;0,0603;0,0184;0,000262;0,332;0,617;123,908;204067;4;34,1184;11;1;4
On The Beach (In The Summertime);The 5th Dimension;spotify:track:1Z9QZVa7IJJcWFfgrWsIMY;0,427;0,604;10;-6,416;1;0,0248;0,288;0,000151;0,0692;0,851;162,056;208773;4;34,88186;11;1;4
On The Border;Al Stewart;spotify:track:4VzweaqBuc7LT6yluAt5Ol;0,5;0,664;6;-10,935;0;0,0332;0,0813;9,60E-06;0,0804;0,62;98,058;202307;4;30,63479;10;1;4
On the Road;John Hartford;spotify:track:1ihlhCsLWnJiuFAZBEPwm5;0,553;0,268;5;-20,299;1;0,0325;0,734;0,28;0,097;0,89;126,293;227053;3;21,11216;9;0;4
On This Night Of A Thousand Stars / Eva And Magaldi / Eva Beware Of The City - Original Cast Recording/1979;Patti LuPone;spotify:track:7oB2Uq3UD0WrIRBAc3wfHn;0,558;0,272;7;-16,702;1;0,16;0,793;0;0,454;0,591;141,008;456504;4;33,30105;21;0;4
One Beautiful Day;Ecstasy, Passion & Pain;spotify:track:5HiRhIhcurYvHXXLHOYhb5;0,748;0,62;7;-9,284;0;0,0457;0,0538;4,65E-06;0,0503;0,9;121,36;177213;4;35,03872;9;1;4
One Fine Day;Rita Coolidge;spotify:track:6SRcKaurkTPrxnEHDVmh0n;0,678;0,831;5;-6,498;1;0,0317;0,0608;0,00109;0,102;0,925;136,227;243040;4;46,92845;9;1;4
One For The Money (part 1);The Whispers;spotify:track:7qlPWOx8gCVej8ezNSjdOt;0,627;0,741;10;-7,202;1;0,101;0,209;2,25E-06;0,0442;0,759;106,949;190907;4;46,13009;10;1;4
One Of These Nights;Eagles;spotify:track:608xszaAxVh4m7NcKJiAbF;0,655;0,606;7;-10,385;1;0,0285;0,0603;0,0789;0,0757;0,765;110,061;291686;4;36,02567;13;1;4
One Way Love;Bandit;spotify:track:64v2NlE0eUmrfjL51snWIY;0,539;0,662;0;-11,36;0;0,0475;0,157;9,46E-05;0,159;0,946;117,567;207386;4;42,92919;9;1;4
One Way Or Another;Blondie;spotify:track:59CLe8stbcx4XYBWdsfbwK;0,442;0,922;2;-5,086;1;0,0655;0,0532;3,86E-06;0,0768;0,855;162,272;217364;4;23,80629;10;1;4
One Way Sunday;Mark-Almond;spotify:track:0XM4RoGvkXF4HEnt5Je6UK;0,543;0,136;7;-19,197;1;0,0389;0,94;0,127;0,107;0,362;114,261;334667;4;28,78171;14;1;4
Only Love Can Break Your Heart;Neil Young;spotify:track:4nRhbx8L4ifnMKaE5jSQGR;0,732;0,239;2;-12,203;1;0,037;0,681;1,16E-06;0,0972;0,377;110,58;188600;3;43,90408;10;1;4
Ooh Baby Baby;Linda Ronstadt;spotify:track:4FLEKG82bHeT2olTM8E2Fy;0,46;0,264;7;-9,492;1;0,0329;0,771;9,92E-05;0,0962;0,337;166,446;201800;3;39,47818;10;1;4
Opalizacja;Adam Makowicz;spotify:track:1vxiiJhnqJGgKe7KPUBWVG;0,483;0,0171;0;-27,194;1;0,0506;0,995;0,931;0,071;0,0398;131,332;243053;4;64,25473;10;0;4
Orgasm Addict - 2001 Remastered Version;Buzzcocks;spotify:track:3K6mPAaaOWaDDR0l0OjhOE;0,353;0,883;4;-6,577;1;0,15;0,000782;0;0,248;0,65;92,634;122960;4;30,79442;5;0;4
Our House;Crosby, Stills, Nash & Young;spotify:track:2hitsKa8SthKhRJBXUHbIv;0,593;0,205;9;-14,601;1;0,0479;0,896;5,46E-05;0,119;0,377;140,279;179760;4;31,51557;9;1;4
Outside Woman;Bloodstone;spotify:track:5LXkyjFBTomtTVquFDsWbr;0,393;0,45;6;-10,626;0;0,131;0,0216;8,21E-05;0,443;0,389;149,67;217333;3;31,32584;12;1;4
Pai e Mãe;Gilberto Gil;spotify:track:59w0sJFmdFD9oAfMm5WRT3;0,449;0,303;2;-11,19;1;0,0293;0,76;4,69E-06;0,396;0,615;77,325;234480;4;77,5081;10;0;4
Paper Roses;Marie Osmond;spotify:track:00oIqmk1eRn9D2y8BzNLS1;0,359;0,504;8;-10,555;1;0,0349;0,272;1,52E-05;0,332;0,73;114,172;158973;4;35,70445;10;1;4
Paradise By The Dashboard Light;Meat Loaf;spotify:track:2g7gviEeJr6pyxO7G35EWQ;0,326;0,872;2;-7,602;1;0,122;0,214;0;0,461;0,492;173,381;508333;4;54,93251;18;1;4
Paranoid;Black Sabbath;spotify:track:1Y373MqadDRtclJNdnUXVc;0,415;0,658;4;-12,051;0;0,0696;4,52E-05;0,000735;0,176;0,45;163,015;168406;4;24,03583;11;1;4
Paranoid;The Dickies;spotify:track:0ttUuij1GDXSmyKV6PVLDz;0,313;0,824;4;-7,25;0;0,0473;0,0231;1,99E-05;0,387;0,496;101,988;126400;4;20,99134;9;0;4
Part Time Love;Ann Peebles;spotify:track:30lLlmQZBHsiVLNcTKpqjd;0,777;0,457;0;-11,894;1;0,0333;0,0621;0,000265;0,137;0,854;99,646;174973;4;25,14394;10;1;4
Passarinho Cantou / Madalena / Deixa Eu Dizer / Água Rolou Nº 1;MPB4;spotify:track:64jetiLb10Fml8vvK0ZJue;0,595;0,716;2;-7,803;1;0,262;0,46;0;0,626;0,693;87,889;224745;4;56,50147;11;0;4
Passenger of the Dark;Jean-Luc Ponty;spotify:track:0msOwaNnAs97fd3yM2ZzEk;0,447;0,518;10;-13,012;0;0,0392;0,132;0,849;0,119;0,593;147,848;258827;4;40,07034;10;0;4
Peace - Instrumental;Tommy Flanagan;spotify:track:7ck5U731ElPTVayRHzeMsb;0,432;0,0603;0;-26,815;0;0,0354;0,96;0,909;0,0939;0,0408;60,186;373800;4;40,7609;15;0;4
Peace On Earth - Concert In Japan;John Coltrane;spotify:track:14dohvACgLTGJJ05ZN24hg;0,287;0,514;8;-11,735;1;0,0481;0,576;0,107;0,696;0,549;89,031;1501133;4;42,49608;70;0;4
Peace Will Come (According To Plan);Melanie;spotify:track:1lMhE01kAot77D8M17ac3m;0,37;0,295;8;-7,307;1;0,0278;0,567;1,91E-06;0,146;0,269;132,453;199027;4;43,80021;9;1;4
People Are Changin';Timmy Thomas;spotify:track:0TFrVhKOpOlQDs8paaoGny;0,961;0,537;5;-9,668;0;0,0861;0,296;0,698;0,109;0,766;108,826;227267;4;44,37823;11;1;4
People Gotta Move;Gino Vannelli;spotify:track:2ZZrWIvrGh6P6Hhabf8FtB;0,739;0,621;7;-13,604;1;0,0452;0,215;0,0161;0,0557;0,721;117,11;201600;4;50,59467;10;1;4
Phantom Writer;Gary Wright;spotify:track:7smZ1fdUjFYNHCOhV7aoAs;0,605;0,562;9;-8,725;1;0,0274;0,0134;0,000598;0,05;0,225;112,327;214920;4;19,73041;10;1;4
Pieces Of April;Three Dog Night;spotify:track:3VpMHLn9w0jWjvAsgpYvyz;0,558;0,211;10;-17,965;1;0,0314;0,688;0,000496;0,114;0,431;89,343;250627;4;34,56019;9;1;4
Pilot To Paradise;Eloy;spotify:track:0i7spkaohyCaP4ouxzpf1u;0,275;0,478;9;-10,091;0;0,0342;0,0276;0,585;0,102;0,356;121,038;422120;4;59,70238;14;0;4
Pinball Wizard/See Me. Feel Me;The New Seekers;spotify:track:561H1vi4xYPD0uQ5EOPrch;0,475;0,468;6;-11,869;1;0,0427;0,229;1,83E-06;0,536;0,542;130,239;183667;4;43,45311;8;1;4
Plain Jane;Sammy Hagar;spotify:track:6px77nsx8HmckG9YuKmiP2;0,677;0,616;2;-13,019;1;0,0306;0,0404;1,76E-05;0,0704;0,824;125,969;229267;4;43,67067;11;1;4
Plan 9 Channel 7;The Damned;spotify:track:4Jyhk9OFqo9sjdfZ2RD2Mu;0,203;0,954;0;-8,59;1;0,0867;0,00653;0,0991;0,432;0,214;158,776;308586;4;49,51498;14;0;4
Police in Mississippi blues;Sonny Boy Nelson;spotify:track:3o3eBAtkj1kpLazdHlaENU;0,692;0,196;8;-14,107;1;0,0368;0,942;0,537;0,0814;0,358;88,649;215053;4;20,71576;9;0;4
Pongiste De Tous Les Pays....;Komintern;spotify:track:4WZizzvJthdknxYLT1zNDP;0,459;0,508;8;-11,801;1;0,169;0,88;0,000794;0,187;0,493;119,383;147413;4;47,38202;7;0;4
Porque?;Reginaldo Rossi;spotify:track:28KC2wl7jDv6Ms1Uc0OMpm;0,669;0,547;1;-9,873;0;0,0576;0,353;0;0,0515;0,73;131,073;141067;4;28,79763;6;0;4
Power Of Love;Martha Reeves;spotify:track:0ZfdsiSnP8mriYwpP2EohO;0,669;0,85;2;-6,274;1;0,0603;0,191;6,37E-05;0,0644;0,878;113,03;204133;4;33,97471;9;1;4
Powwow The Indian Boy;Hot Rize;spotify:track:0P5Ke3ob9pGtdkam5f2Ul3;0,403;0,544;2;-13,573;1;0,0359;0,591;0,917;0,0537;0,908;135,904;186493;4;32,82886;10;0;4
Pra Você Tudo é Difícil;Reginaldo Rossi;spotify:track:1PdXJ1Hjy0v51lh6gDjZji;0,638;0,719;5;-9,205;1;0,0673;0,53;0;0,302;0,706;124,806;129933;4;40,2698;6;0;4
Presbyterian Guitar;John Hartford;spotify:track:40ChAuoodhjwPKcvb73q03;0,543;0,166;10;-20,402;1;0,0579;0,777;0,882;0,152;0,583;134,404;121747;4;39,78899;6;0;4
Pretty Girls;Melissa Manchester;spotify:track:0hujWZt6bmQJawM9PQWVHR;0,687;0,918;1;-4,767;1;0,0498;0,171;0,000586;0,33;0,859;122,725;233080;4;25,0222;12;1;4
Primavera - 1945;Ennio Morricone;spotify:track:0Q17mJIn0GvqAzfwqbwpfU;0,133;0,266;4;-15,701;0;0,0339;0,964;0,852;0,0839;0,0768;88,49;129307;4;22,30194;9;0;4
Problem Child;The Damned;spotify:track:1KMl2CDfYirS98Yx6u242K;0,61;0,854;1;-8,857;0;0,127;0,258;0;0,208;0,667;143,806;132133;4;21,32491;8;0;4
Psychedelic Shack;The Temptations;spotify:track:5kx4xMErn45NZvEChKiqdo;0,663;0,822;5;-13,119;0;0,059;0,199;8,69E-06;0,0626;0,818;108,94;230293;4;60,05568;8;1;4
Psycho Mafia;The Fall;spotify:track:4TymgNWHHSsT7tkAnhOCuu;0,3;0,894;4;-6,108;1;0,261;0,000233;0,00022;0,307;0,801;180,043;134600;4;44,17324;5;0;4
Pua Kukui;Gabby Pahinui;spotify:track:3Zc3GJyUPUotDpXWfzt2kJ;0,503;0,719;5;-11,426;0;0,0412;0,726;0,000133;0,252;0,803;95,366;234453;4;27,92146;13;0;4
Put Your Hands Together;The O'Jays;spotify:track:6LhXQZ3tyooLASS2yJa5oe;0,584;0,759;7;-7,375;1;0,0917;0,445;5,27E-06;0,166;0,748;141,082;246427;4;53,90509;8;1;4
Que Si. Que No... Lo Mismo Me Da;Facundo Cabral;spotify:track:7fyE1TpUA6LiJlRLCfWZR6;0,737;0,173;7;-9,63;1;0,0863;0,931;0;0,106;0,382;76,937;341573;3;23,0717;17;0;4
Questions and Conclusions;Black Heat;spotify:track:3keqvEnmiZfDZoeTa6EWAd;0,623;0,729;7;-9,87;1;0,0553;0,0613;0,0347;0,0392;0,841;127,64;256747;4;24,47229;13;0;4
Quiet Times - Instrumental;Ron Carter;spotify:track:1AgQ9qsIX0FE5xxLBlwVjR;0,417;0,236;7;-19,005;1;0,0443;0,729;0,873;0,111;0,13;145,16;469573;3;18,6325;24;0;4
Race Among The Ruins;Gordon Lightfoot;spotify:track:1SAiMVOIMzwcm5VDBACiFI;0,594;0,614;4;-13,915;1;0,0423;0,323;9,89E-05;0,152;0,557;93,431;198307;4;22,71047;7;1;4
Rain & Thunder 6;Nature's Mystic Moods;spotify:track:2gn1SaTJUVq9s2YusoNMsz;0,224;0,91;9;-25,863;0;0,0514;0,00175;0,956;0,26;0,027;99,569;25907;4;0;2;0;4
Rainbow;Francis Lai;spotify:track:1POcc8tOWHJoZwI4Eu7XQ5;0,683;0,575;7;-14,056;1;0,038;0,395;0,0223;0,0587;0,933;94,418;275067;4;63,86293;12;0;4
Rapid Fire;Black Heat;spotify:track:5aZrO3Gf1nHWml6LE1QSSR;0,681;0,475;4;-15,496;1;0,0382;0,059;0,825;0,0617;0,809;100,662;93813;5;32,27856;5;0;4
Rapsodie (for orchestra with saxophone solo) - 1998 Remastered Version;Claude Debussy;spotify:track:08bVIbOwmYS57X8s0BDtJE;0,148;0,136;9;-19,833;1;0,0401;0,967;0,838;0,0486;0,0382;93,542;609827;4;44,96507;27;0;4
Rattlesnake;Ohio Players;spotify:track:4KWgms1Z4m3CwZhYRdMn3o;0,627;0,836;5;-10,635;1;0,047;0,00375;0,114;0,191;0,947;88,703;182773;4;49,85916;6;1;4
Reach Out And Touch (Somebody's Hand);Diana Ross;spotify:track:1X3aOfOAtg26Z1oZkf9kJh;0,525;0,673;5;-7,611;1;0,0355;0,578;0;0,272;0,524;134,375;188200;3;60,32821;7;1;4
Reach Out I'll Be There;Diana Ross;spotify:track:0Uoy6VBK6vAVVkClwq4a8w;0,345;0,589;4;-8,672;0;0,0967;0,687;0,000654;0,0807;0,658;167,528;334973;4;44,55142;15;1;4
Reach Out. I'll Be There;Gloria Gaynor;spotify:track:6c8skuzxoXoJycQPpNpqrj;0,645;0,597;6;-12,989;1;0,0305;0,00384;1,79E-06;0,0819;0,88;121,838;257667;4;23,42088;10;1;4
Red Wing - Live;Lester Flatt;spotify:track:7ECVGrNcf3zEIkcqN1ECPw;0,608;0,639;7;-14,352;1;0,0463;0,459;0,0697;0,15;0,964;123,84;173067;4;91,32913;6;0;4
Reeling In The Years;Steely Dan;spotify:track:3Xe4JagghOfs9NF1xaqbb8;0,52;0,734;2;-10,375;1;0,0375;0,117;0;0,089;0,732;135,17;278800;4;44,62525;13;1;4
Reflejo De Luna - Instrumental;Paco de Lucía;spotify:track:6NvF3oNEw5VpGkJZoARouT;0,239;0,246;9;-16,477;1;0,0619;0,967;0,801;0,113;0,346;77,4;234027;4;46,91032;10;0;4
Reject of Society;Crass;spotify:track:18eNASEiuAhO2ML5LBIoG4;0,355;0,968;7;-4,687;1;0,189;0,0504;0;0,13;0,768;181,291;66800;3;25,23004;6;0;4
Reject of Society;Crass;spotify:track:74on1mEph1jZeqFxr57AGW;0,455;0,905;7;-7,166;1;0,113;0,0193;0;0,0656;0,69;181,592;66813;3;33,40568;5;0;4
Reminiscing;Little River Band;spotify:track:34D6mvDTAPypm92EPs8Rxa;0,54;0,465;7;-11,259;1;0,0302;0,652;0,00544;0,132;0,341;94,731;253080;4;22,42837;15;1;4
Retrato;Oswaldo Montenegro;spotify:track:3629PLPikTGccjvROzGjQ3;0,328;0,551;4;-8,848;1;0,0795;0,755;0;0,0905;0,485;81,134;194293;3;32,8039;8;0;4
Ridin' My Thumb To Mexico;Johnny Rodriguez;spotify:track:4cts2JWIBKsSyMuclg7yZP;0,628;0,321;1;-9,718;1;0,0292;0,972;1,01E-05;0,253;0,666;90,259;126200;4;36,82787;6;1;4
Riding the Waves;Blueridge Mountain Bluegrass Band;spotify:track:0lbER7xgvCJXEyAQ0mNwsj;0,394;0,588;7;-13,575;1;0,0331;0,0128;0,962;0,253;0,96;131,257;155404;4;28,77847;11;0;4
Right Down The Line;Gerry Rafferty;spotify:track:2Xb6wJYGi0QXwURw5WWvI5;0,783;0,322;0;-15,091;1;0,0343;0,213;0,00243;0,114;0,77;128,226;267773;4;56,22086;10;1;4
Rip Off;Sham 69;spotify:track:3vbYUYreAgEQ6nWBPt65nJ;0,313;0,83;1;-6,786;0;0,234;0,0132;0;0,748;0,706;85,428;128333;4;43,30035;8;0;4
Rising Sun;Kitaro;spotify:track:3eFvPXHvHhjCbi48GaDVGq;0,137;0,312;6;-13,207;0;0,0357;0,398;0,0969;0,718;0,0372;87,954;384133;4;49,56454;14;0;4
Riversong;Tonto's Expanding Head Band;spotify:track:6jGNKtvSlqYLpDwF2hH9bx;0,177;0,22;1;-18,357;1;0,0358;0,944;0,871;0,0953;0,0813;85,166;477960;3;37,30993;20;0;4
Rivoluzione - Soundtrack;Ennio Morricone;spotify:track:5E8lLfmStevBom5LDNOK5P;0,668;0,391;9;-8,654;0;0,0274;0,0663;0,0838;0,111;0,342;110,408;276200;4;28,42033;15;0;4
Rock & Roll Runaway;Ace;spotify:track:2WB9JEZNgw2K9t1RECfpqq;0,551;0,413;4;-14,871;1;0,0332;0,165;0,533;0,0826;0,849;172,253;188387;4;34,65784;10;1;4
Rock Action;Iggy Pop;spotify:track:6X5u5Jd6QL1wm106ghh8BT;0,285;0,762;5;-7,968;1;0,0489;0,000253;0,0798;0,437;0,422;103,102;350773;4;53,37646;14;0;4
Rock And Roll;Led Zeppelin;spotify:track:4PRGxHpCpF2yoOHYKQIEwD;0,317;0,887;9;-7,292;1;0,0375;0,000582;0,00258;0,0891;0,871;169,613;220561;4;23,55786;14;1;4
Rock And Roll en la Plaza del Pueblo;Tequila;spotify:track:5fCYRuYxc1ox7yWKcKD6tf;0,423;0,909;7;-2,438;1;0,0801;0,00451;1,71E-05;0,279;0,65;151,643;180267;4;25,8411;10;0;4
Rock And Roll Music;The Beach Boys;spotify:track:0qbVccbQLEMbfJcI5wNLTJ;0,694;0,722;4;-5,505;1;0,128;0,297;0;0,0383;0,961;143,942;150933;4;62,10272;6;1;4
Rock del Narigón;Telegraph Avenue;spotify:track:1XhE3ZzPFmocc9ynPqaEwQ;0,497;0,839;9;-6,286;1;0,0832;0,107;0,021;0,187;0,67;107,167;166827;4;26,03946;8;0;4
Rock Island Line;Johnny Cash;spotify:track:3AHbmf5Jt282ebdkGWwozI;0,6;0,601;1;-9,165;1;0,244;0,523;0;0,123;0,653;125,262;129585;4;23,95848;7;1;4
Rock 'N Roll Soul;Grand Funk Railroad;spotify:track:2xoB9tMHfpQbDK4nqIFXsX;0,442;0,972;11;-3,14;0;0,104;0,00133;0,0237;0,975;0,434;126,396;244307;4;22,70671;12;1;4
Rock Steady;Aretha Franklin;spotify:track:7rvGZDlfqCjY9EWEUg3Xs6;0,749;0,752;7;-10,3;1;0,126;0,0108;0,0954;0,235;0,887;104,7;193573;4;44,2073;7;1;4
Rock The Boat;The Hues Corporation;spotify:track:7fu3Tv5rcoGD1PZV7s57WW;0,597;0,581;3;-9,72;1;0,0449;0,257;0;0,105;0,885;107,202;202573;4;33,37936;7;1;4
Rockin' Robin;Michael Jackson;spotify:track:63gcHyuhAC8G2C0bVQUOJI;0,622;0,721;10;-8,224;1;0,0983;0,24;7,88E-05;0,271;0,968;173,395;154840;4;20,83712;10;1;4
Rockin' With The King;Canned Heat;spotify:track:0480upMLw8JIb9IBBUouYK;0,538;0,948;5;-3,478;1;0,0633;0,428;0,000277;0,384;0,897;148,317;197200;4;50,85504;10;1;4
Rocky;Austin Roberts;spotify:track:3MOS4dRmZAIOpz3Vm817TO;0,595;0,545;0;-11,741;1;0,0405;0,277;0;0,0725;0,883;142,329;222013;4;46,63707;12;1;4
Rocky Mountain Way;Joe Walsh;spotify:track:2XHjFJVXYlEzoDvN82h8s5;0,493;0,376;4;-15,045;1;0,0435;0,0241;0,792;0,102;0,419;86,47;315400;4;49,44762;14;1;4
Romaria;Renato Teixeira;spotify:track:6i6Jf2oHPiAKWbYJupnRvy;0,375;0,36;2;-9,408;1;0,028;0,41;9,62E-06;0,0769;0,371;91,779;244187;3;48,53152;10;0;4
Rose Garden;Lynn Anderson;spotify:track:5YwgJ6lpZ3SiAQwBEpjqey;0,589;0,501;0;-11,665;1;0,031;0,168;0;0,0741;0,969;131,064;175867;4;45,59182;9;1;4
Royal Hawaiian Hotel;Gabby Pahinui;spotify:track:0o6MpY61awj7EaH17V29wI;0,523;0,485;10;-14,655;1;0,0342;0,456;0,00111;0,327;0,931;152,205;202680;4;46,70307;7;0;4
Rumour Has It;Donna Summer;spotify:track:0VNF64BVpiv284gQZQz8N8;0,903;0,714;2;-12,426;1;0,0431;0,0109;0,000187;0,0745;0,979;130,669;294104;4;33,73541;16;1;4
Running fast;Stefano Torossi;spotify:track:0wOiCSxhbj4rPmbXQxU2ld;0,464;0,896;5;-12,337;0;0,045;0,0298;0,563;0,11;0,845;138,79;266800;4;21,9368;18;0;4
Running On Empty;Jackson Browne;spotify:track:6aqm56xP40foYBBtAWWrnY;0,541;0,711;9;-13,492;1;0,0383;0,0635;0,0201;0,719;0,588;136,58;291893;4;48,7823;12;1;4
S.O.S.;ABBA;spotify:track:5pMmWfuL0FTGshYt7HVJ8P;0,393;0,719;5;-4,773;1;0,0279;0,0629;0,00432;0,219;0,497;124,353;201360;4;76,67931;7;1;4
Sad Funk;Little Sonny;spotify:track:6biSYHE969vJmqDyH0dwUq;0,498;0,668;4;-9,657;1;0,0345;0,0559;0,767;0,145;0,763;95,86;185093;1;32,0746;7;0;4
Sahara Sunrise;John Cameron;spotify:track:2MxBx5PeFrnEXTwHFhbbdz;0,26;0,108;9;-25,061;0;0,0781;0,983;0,926;0,0689;0,517;78,227;184480;4;91,87284;6;0;4
Said No Word;Kayak;spotify:track:2PI5vqHHSADxTNMbNWj9tv;0,29;0,72;9;-10,138;0;0,0422;0,112;0,0369;0,922;0,648;153,541;315027;4;43,20863;13;0;4
Samba De Orly;Chico Buarque;spotify:track:39HKNEpQz75dCJqDxH0xuD;0,505;0,611;0;-8,636;1;0,123;0,0367;8,79E-05;0,358;0,786;103,757;159600;4;36,17113;6;0;4
Samba Do Avião;Gilberto Gil;spotify:track:1iM7zeZUq168HPHorJsZwa;0,761;0,784;7;-9,61;1;0,0583;0,688;0,00714;0,057;0,713;91,881;213080;4;47,96979;7;0;4
Samba Em Preludio - Live;Vinícius de Moraes;spotify:track:7yYKjc8k6UrqeBig0bDeFy;0,564;0,358;11;-18,295;0;0,187;0,828;0,00362;0,109;0,429;119,198;243787;4;90,8584;9;0;4
San Vicente - Ao Vivo;MPB4;spotify:track:01JLngFP68qtFRyA6JXdi7;0,448;0,691;9;-8,304;1;0,0715;0,972;0,256;0,717;0,444;98,492;156744;4;35,28634;7;0;4
Sand in My Joints - 2006 Remastered Version;Wire;spotify:track:44e4nrz3QBTLrM7PNfJOD1;0,177;0,775;2;-6,454;1;0,0493;0,213;0,62;0,275;0,495;208,615;110800;4;40,19274;6;0;4
Satin Doll;Gene Ammons;spotify:track:0XW13FZGMZpZyxEjQcG3tk;0,671;0,255;4;-16,456;0;0,0851;0,648;0,125;0,11;0,499;123,985;404067;4;43,31037;15;0;4
Saturday Night Special;Lynyrd Skynyrd;spotify:track:0ZQmpf5gk4k5VMopcAtyAc;0,558;0,563;9;-11,259;1;0,0543;0,0146;0,000195;0,273;0,617;120,99;309667;4;18,69499;15;1;4
Saturday Nite;Earth, Wind & Fire;spotify:track:1XCt27nKEY66dBkvBWBmnV;0,663;0,729;4;-10,704;1;0,0556;0,117;0,0138;0,672;0,963;106,213;242067;4;41,23818;11;1;4
Satyagraha: Tolstoy Farm;Philip Glass;spotify:track:5DkcU8AR3kNDVpj7YFwKwd;0,22;0,189;9;-17,022;0;0,0375;0,979;0,397;0,0902;0,15;108,505;298240;3;36,03468;13;0;4
Save Your Kisses For Me;Brotherhood Of Man;spotify:track:0E19RAvUkhjMM0rdICkidE;0,544;0,556;7;-11,006;1;0,0887;0,303;0;0,107;0,835;184,809;184733;4;26,08479;10;1;4
Scènes De Foule Et De Poursuite Pendant Le Carnaval;François Bréant;spotify:track:6TbYa8E3gp1hGMlF89JDHZ;0,55;0,69;3;-12,606;1;0,0443;0,0878;0,902;0,317;0,488;113,557;232187;4;25,28416;11;0;4
School's Out;Alice Cooper;spotify:track:5Z8EDau8uNcP1E8JvmfkZe;0,294;0,745;5;-9,138;1;0,0461;0,05;0,125;0,676;0,347;134,364;210107;4;37,09728;11;1;4
Scimitar;Collin Walcott;spotify:track:3Euhn7q7TGAswJrsFDJrZ4;0,315;0,658;9;-13,101;1;0,108;0,48;0,862;0,0914;0,721;135,749;162307;4;38,68426;6;0;4
Screaming Night Hog;Steppenwolf;spotify:track:6ZlEmGeHrKHy5JmOmtSHQC;0,58;0,559;6;-12,855;0;0,0326;0,0864;0,00816;0,197;0,964;129,16;193933;4;19,50105;12;1;4
Screw Face;I-Roy;spotify:track:2ta9B84wtysWCoMYg1r50j;0,793;0,577;1;-7,079;0;0,117;0,0389;0,69;0,0649;0,58;132,629;167040;4;30,94756;9;0;4
Se Segura Malandro;Jorge Ben Jor;spotify:track:3LyeB5mKdybZ7zjgjH9fcz;0,535;0,847;7;-7,553;1;0,0497;0,723;0,107;0,0883;0,943;157,729;174320;4;28,0375;9;0;4
Sea Cruise;Johnny Rivers;spotify:track:4Kzyk2SY8ooD4SmivKxtXA;0,53;0,877;0;-6,237;1;0,238;0,734;1,59E-06;0,974;0,886;149,032;198520;4;20,71393;8;1;4
Search and Destroy - (Georgia Peaches) [Live at Richards. Atlanta. GA. October 1973];The Stooges;spotify:track:65ZROLmRfrNzsioVJpjEZ7;0,365;0,694;4;-9,032;1;0,221;0,526;0,0387;0,376;0,498;154,655;445013;4;74,69999;17;0;4
Search and Destroy - Iggy Pop Mix;The Stooges;spotify:track:00sydAz6PeOxYzwG1dRIPi;0,235;0,977;6;0,878;1;0,107;0,00353;0,00604;0,172;0,241;152,952;208133;4;19,04955;11;0;4
Seasons In The Sun;Terry Jacks;spotify:track:0X3d9gx7UDYgcwwkgTeNLR;0,678;0,611;6;-8,306;1;0,0506;0,777;0;0,175;0,821;98,949;209347;4;27,18793;10;1;4
Sem Voce Eu Já Morri;Reginaldo Rossi;spotify:track:0PO9KlXDvRCSm5XdRn3JOj;0,69;0,564;7;-14,07;1;0,0483;0,628;2,72E-05;0,128;0,936;136,753;197333;4;32,86739;8;0;4
Send One Your Love;Stevie Wonder;spotify:track:3GcHkmz4horYIEPYvdB0xF;0,624;0,358;0;-17,456;0;0,0814;0,715;1,25E-05;0,0862;0,418;72,841;242333;4;53,71651;9;1;4
Shadow Man;The Dickies;spotify:track:6W1rMKqS5BLfE1dYQ9vEeD;0,2;0,927;11;-8,056;0;0,0461;1,81E-05;0,0808;0,165;0,714;196,081;126360;4;33,4332;5;0;4
Sha-La-La (Make Me Happy);Al Green;spotify:track:2J9ChZBgjDLdGaIKdKQcP0;0,747;0,395;0;-13,78;1;0,0321;0,0672;0,0299;0,219;0,85;110,726;179840;4;36,28013;8;1;4
Shambala;B.W. Stevenson;spotify:track:6UiFKOf9gQei5tdMk4RSoE;0,716;0,717;2;-10,368;1;0,0395;0,345;0;0,06;0,892;120,965;149600;4;32,73596;9;1;4
Shame;"""Evelyn """"Champagne"""" King""";spotify:track:6KlnQC66NiJTdO88aL62SF;0,714;0,665;11;-10,948;0;0,0381;0,00588;0,131;0,0655;0,805;133,805;392800;4;40,84892;16;1;4
She Believes In Me;Kenny Rogers;spotify:track:5ggOAMsJCAYDHnyoqJ0xAD;0,32;0,413;10;-12,472;1;0,0314;0,484;4,97E-06;0,346;0,313;142,765;258720;4;35,50729;14;1;4
She's Always A Woman;Billy Joel;spotify:track:0Ubyh3uywzUWPHh4zjKLtC;0,482;0,0991;1;-18,552;1;0,0434;0,949;5,22E-05;0,132;0,337;117,253;202373;4;55,31194;9;1;4
She's In Love With You;Suzi Quatro;spotify:track:045XVlFh8JdF93BYLOlLD8;0,657;0,857;11;-7,02;1;0,0456;0,0716;1,52E-05;0,0774;0,624;125,858;212987;4;26,56719;9;1;4
She's Lost Control - 2019 Digital Master;Joy Division;spotify:track:5YiSSBURCIz0qlOoL3la8w;0,481;0,868;11;-6,881;0;0,0531;0,0105;0,0408;0,141;0,617;144,171;237053;4;47,36253;10;0;4
Shower The People;James Taylor;spotify:track:5X9778yPpYFP4nHjdn9B4s;0,675;0,448;2;-11,52;0;0,0235;0,32;0;0,0825;0,568;98,499;271707;4;42,36168;12;1;4
Si La Ves;Willie Colón;spotify:track:3WBt14djQUm5o8rHo3k7p3;0,596;0,714;10;-5,923;0;0,0433;0,336;9,41E-06;0,0744;0,879;94,384;194160;4;30,91492;9;0;4
Silly. Silly. Fool;Dusty Springfield;spotify:track:72JpCXt7QiZxC9sW7XNXmP;0,525;0,64;5;-10,695;1;0,0501;0,302;0;0,0773;0,881;137,064;153667;4;26,40154;8;1;4
Silver Dreams;The Babys;spotify:track:28U8YTfJnFUoogneWC2cbR;0,392;0,364;5;-9,905;1;0,0276;0,91;0,281;0,341;0,144;69,892;181933;4;20,41274;9;1;4
Simple Gifts;Traditional;spotify:track:4LVtp0ygPgWjhyokml69xJ;0,245;0,0227;3;-25,546;1;0,0417;0,981;0,00336;0,168;0,306;87,408;151213;4;40,59759;8;0;4
Since I Met You Baby;Freddy Fender;spotify:track:7dWpDKSrsC4KSMZuheBUac;0,786;0,396;5;-9,38;1;0,0303;0,52;0,00984;0,172;0,712;119,794;191007;3;60,98719;9;1;4
Sing A Song For Freedom;Frijid Pink;spotify:track:0OaGuxUl5arPeeQOtixZ0j;0,56;0,529;2;-11,598;1;0,0527;0,659;8,28E-06;0,172;0,859;168,689;179760;4;35,17276;10;1;4
Sing For The Day;Styx;spotify:track:2tRdlnrEb9OwGDUuRDJiXB;0,247;0,46;2;-13,513;1;0,0353;0,0867;0;0,0858;0,401;67,63;301200;4;42,32824;13;1;4
Sixteen;Iggy Pop;spotify:track:70ZlAJGfC4DesFw4oQ7YZM;0,519;0,926;4;-5,953;1;0,0651;0,235;0,8;0,772;0,565;124,862;146599;4;55,04544;6;0;4
Sixteen - 1996 Remastered Version;Buzzcocks;spotify:track:6XmtJNddPbLzaL09HiXV2T;0,282;0,701;1;-8,726;1;0,0358;7,96E-05;0,399;0,459;0,325;133,643;216053;3;63,20524;8;0;4
Skin Tight;Ohio Players;spotify:track:3iRcwzyx4g9uue2PeG8hql;0,828;0,611;7;-12,749;1;0,0393;0,0399;0,0116;0,104;0,835;110,169;474267;4;24,82113;20;1;4
Slide;Slave;spotify:track:2du5UEJ0j38dZsbh9uSz7S;0,62;0,898;4;-8,962;0;0,0325;0,013;0,0957;0,118;0,909;115,994;410467;4;67,33179;14;1;4
Slide (Slidin' the Blues) - Take 1;The Stooges;spotify:track:1tkPSdkkq70ZWTNfsm8v6H;0,512;0,521;11;-9,037;0;0,101;0,221;0,277;0,293;0,458;125,446;275107;3;17,91891;11;0;4
Slip Slidin' Away;Paul Simon;spotify:track:0zb2kpEQMnqJPiLACKMiFM;0,641;0,409;8;-12,452;1;0,0348;0,743;2,58E-06;0,118;0,315;121,165;285053;4;39,98935;15;1;4
Slow Dance (Transductory Music);Carla Bley;spotify:track:2MMfDg0P9AOGrlLHJnQN07;0,256;0,00544;0;-22,375;1;0,0403;0,979;0,853;0,11;0,036;119,853;110667;3;58,45055;6;0;4
Slow Heat;Les Baxter;spotify:track:0THuy02LjsR4VCVEJTsIQx;0,535;0,403;9;-17,485;0;0,029;0,77;0,351;0,101;0,682;101,838;177267;4;34,34937;9;0;4
Slow Motion;David Lindup;spotify:track:7goghYQcWoCUsj0r5iQ0FZ;0,483;0,476;7;-11,901;0;0,0306;0,515;0,0685;0,334;0,458;93,516;181867;4;43,1304;8;0;4
Slow Ride;Foghat;spotify:track:4MYb7NWLwXNDB7bYs3HeX8;0,493;0,586;2;-13,916;1;0,046;0,0202;0,00106;0,102;0,656;113,618;232533;4;20,22118;10;1;4
Small Talk;Marian McPartland;spotify:track:3nPxtVPI3542T8NOjNtC0K;0,541;0,0919;0;-20,087;1;0,0539;0,994;0,882;0,105;0,0678;70,896;258400;4;48,17891;13;0;4
Smoke Gets In Your Eyes;Blue Haze;spotify:track:3kiHKOtFYoM3ULlPHNyp7T;0,563;0,656;0;-7,169;0;0,0282;0,0211;2,94E-05;0,252;0,545;118,378;196147;4;26,6229;11;1;4
Smokin' In The Boy's Room;Brownsville Station;spotify:track:1AIGp3gpj1NXJvh3engmUQ;0,575;0,756;2;-9,414;1;0,0544;0,735;0,0401;0,0755;0,844;127,434;176453;4;36,33151;11;1;4
So bist du;Peter Maffay;spotify:track:3a5Pk82SnxIfGbuu78jCGp;0,621;0,348;7;-12,272;1;0,0327;0,613;5,00E-06;0,214;0,513;138,959;308640;4;32,00186;13;0;4
So Messed Up;The Damned;spotify:track:7dcAF4n3m8gYtNR3m0eMND;0,363;0,862;4;-8,452;0;0,0631;3,83E-06;0,000458;0,419;0,148;91;110067;4;49,79131;4;0;4
Só Tinha De Ser Com Você;Elis Regina;spotify:track:209ucYTS6vWEV5iydrHiOt;0,793;0,372;10;-15,491;1;0,0509;0,687;0,573;0,105;0,482;120,134;233544;4;30,87715;13;0;4
So You Win Again;Hot Chocolate;spotify:track:1tMi57U5Nkk6qRZSNwbzQr;0,706;0,538;9;-9,188;1;0,0406;0,527;0,143;0,388;0,815;104,899;271427;4;46,25552;11;1;4
Soiree;Bill Evans;spotify:track:09Pm5YX4vuzkXqYiBoz8te;0,395;0,106;1;-21,496;0;0,0355;0,971;0,903;0,0857;0,0931;104,497;205933;3;32,12507;14;0;4
Soldier's Last Letter;Merle Haggard And The Strangers;spotify:track:73RSIHeseKmmCwHNSFElp1;0,434;0,273;7;-13,156;1;0,0341;0,66;0,0411;0,312;0,453;134,032;131000;4;57,17287;5;1;4
Solera - Instrumental;Paco de Lucía;spotify:track:5BXVns21IEVWJBw0z17r5i;0,377;0,249;6;-17,11;0;0,0382;0,969;0,852;0,112;0,567;67,563;222040;3;54,88857;10;0;4
Solitary Man;Neil Diamond;spotify:track:1DB3WlSUvmcMUzjAr1J8TS;0,544;0,455;7;-12,991;1;0,0295;0,231;0;0,34;0,82;78,793;153893;4;34,74962;8;1;4
Someday Baby Blues;Sleepy John Estes;spotify:track:1Dsu92nsujtD0PZBk4m7uQ;0,616;0,286;7;-12,185;1;0,159;0,843;2,16E-05;0,107;0,597;105,091;147080;4;38,79982;7;0;4
Someone To Lay Down Beside Me;Linda Ronstadt;spotify:track:7AytIlBjToyyDDcVM2r79I;0,511;0,263;3;-19,112;0;0,0319;0,466;6,87E-06;0,0885;0,357;149,671;268467;4;26,27114;13;1;4
Someone To Light Up My Life;Antônio Carlos Jobim;spotify:track:5Mxr2KJtuQfQWpeXU1d4uf;0,49;0,203;7;-16,334;0;0,0275;0,795;7,70E-05;0,204;0,42;102,305;156893;4;34,59662;9;0;4
Somethin' 'bout 'cha;Latimore;spotify:track:2HBXpKLYl9C58RnyNXcPLs;0,543;0,725;6;-6,298;0;0,0778;0,827;7,53E-05;0,629;0,782;107,526;281785;4;38,27398;13;1;4
Something's Burning;Kenny Rogers & The First Edition;spotify:track:4m9zF5OiikfhWTjcXTHAJx;0,425;0,34;9;-14,913;1;0,0338;0,352;0,000824;0,0696;0,418;89,802;242093;4;59,43527;9;1;4
Somewhere In The Night;Barry Manilow;spotify:track:3PAyW4dkGxnWJNWzKNVWf5;0,319;0,407;2;-9,566;0;0,0261;0,31;0,0011;0,346;0,347;80,883;207467;4;50,98996;8;1;4
Son Of Shaft;The Bar-Kays;spotify:track:17SB0fBIRR9EyXr1FHQo5H;0,718;0,713;7;-14,649;0;0,0486;0,253;0,00787;0,122;0,811;116,677;204533;4;28,88881;10;1;4
Songbird - Remastered;kalapana;spotify:track:1bpWu8D995fB5lJRbOU1rT;0,466;0,519;4;-13,676;0;0,0419;0,286;0,00248;0,312;0,691;162,408;215834;4;30,41747;10;0;4
Sophisticated Lady (She's A Different Lady);Natalie Cole;spotify:track:1kuFlMyndKP47bzilO2IGy;0,768;0,855;0;-9,684;1;0,0804;0,0638;0,00149;0,0484;0,788;100,635;208267;4;41,59364;8;1;4
Sorry Seems To Be The Hardest Word;Elton John;spotify:track:4eP6oyNbAJcViaiHtPsOCh;0,433;0,221;7;-12,774;0;0,0301;0,839;1,99E-06;0,207;0,133;127,692;228227;4;57,10401;11;1;4
Soul Makossa;Afrique;spotify:track:2ydbHknmLDGPvk9CIu2GRg;0,657;0,763;7;-10,266;1;0,049;0,0282;0,00024;0,105;0,84;113,764;284572;4;19,63803;17;1;4
Sour Suite;The Guess Who;spotify:track:1qi4fWirX248u9XSvVlSTw;0,447;0,316;9;-13,99;1;0,0381;0,717;0;0,137;0,437;78,184;246333;4;122,71249;7;1;4
Spend Some Time;Elvin Bishop Featuring Mickey Thomas;spotify:track:0mYXxIQv13yQmC0Vefxbeu;0,48;0,666;11;-6,223;1;0,0461;0,327;1,62E-06;0,0809;0,361;182,959;260307;3;26,28182;9;1;4
Spider Jiving;Andy Fairweather Low;spotify:track:3SZpSJ2upbqsw2rdRRSjha;0,598;0,748;2;-5,237;1;0,0419;0,317;2,27E-05;0,0649;0,878;156,782;180467;4;46,8757;9;1;4
Spiral;Vangelis;spotify:track:3aYfhGA7fseIdxSAAGvkZY;0,286;0,446;4;-14,356;0;0,0482;0,264;0,859;0,316;0,0577;124,35;418293;4;77,0348;14;0;4
Spoken Introduction - Live At The Montreux Jazz Festival / 1973;Sam Rivers;spotify:track:34baxLnyEmLev9XFh9OV8g;0,603;0,531;11;-17,573;0;0,928;0,811;0;0,861;0,28;84,714;79067;4;0;0;0;4
Spring Rain;Silvetti;spotify:track:198ZUHID7Kznj8htumgPgP;0,596;0,833;0;-8,566;1;0,0419;0,00491;0,841;0,213;0,882;113,181;187283;4;56,31713;7;1;4
Sr. Troncoso;Triana;spotify:track:6OvM9WHSWfHsXEWBBDcQ0r;0,319;0,689;4;-5,178;0;0,0434;0,391;3,16E-05;0,116;0,438;160,969;218973;3;38,82887;9;0;4
Stalking;Pino Donaggio;spotify:track:2Ees3o8pMEkdWxl8CL45y9;0,308;0,228;0;-11,189;1;0,0351;0,566;0,438;0,139;0,173;92,245;51240;4;0;2;0;4
Star Wars Theme/Cantina Band;Meco;spotify:track:7niF1luhYmc28ivQbFm3f0;0,678;0,688;0;-10,388;1;0,0637;0,00161;0,747;0,0819;0,559;124,94;225093;4;39,66676;11;1;4
Statesboro Blues/Church Bell Blues;David Bromberg;spotify:track:0yUHxrPNjLUxGUv82PrlzL;0,534;0,244;2;-14,692;1;0,0883;0,664;5,56E-05;0,677;0,381;79,609;308267;4;69,36647;15;0;4
Steal Away;Johnnie Taylor;spotify:track:6olcjo8bBSkin9fJtFj7hB;0,523;0,302;7;-17,6;0;0,0631;0,214;0;0,104;0,837;165,091;208133;4;29,85357;10;1;4
Stealin';Uriah Heep;spotify:track:2AEW4oatiphhXuGRteMLqx;0,328;0,486;7;-12,154;1;0,0406;0,000896;0,00731;0,14;0,0652;117,81;289173;4;41,28654;10;1;4
Stella By Starlight;Miles Davis;spotify:track:75XWlGJ36tG19Nd8Wemy8Y;0,493;0,143;10;-12,85;1;0,036;0,917;0,0001;0,0982;0,239;87,221;285133;4;23,55688;10;0;4
Step Across;Gregory Isaacs;spotify:track:5ikGw0vVWwm7llFafsrwxJ;0,881;0,401;8;-14,136;1;0,122;0,244;3,72E-05;0,0541;0,887;95,154;202333;4;24,74689;9;0;4
Stoned To The Bone - Part 1;James Brown;spotify:track:3tC8AwTtSolYgKZfEKPpy3;0,859;0,725;0;-10,789;1;0,0819;0,23;0,000208;0,035;0,86;99,371;208067;4;22,67362;6;1;4
Stranger In The Room;Michael Chapman;spotify:track:01UEJCTeiLEumyiMq2Vg5N;0,281;0,691;5;-10,517;0;0,0783;0,0454;0,00251;0,121;0,42;83,082;336733;4;24,04029;18;0;4
Straw Hat and Cane;Keith Nichols;spotify:track:53REoSXqbTpvpEnOVmMMmV;0,495;0,482;0;-14,198;1;0,0583;0,944;0,914;0,0837;0,967;81,894;78827;4;37,80184;3;0;4
Street Corner Serenade;Wet Willie;spotify:track:1EI0x3yv1P5AQSq3WaZ6cv;0,758;0,623;11;-10,615;1;0,0443;0,139;0,0468;0,169;0,964;122,351;294280;4;29,40009;11;1;4
Stress;Casa Das Máquinas;spotify:track:2ZeEdyR8qygIg6T1Ot1Hnc;0,623;0,867;0;-8,052;0;0,0334;0,169;2,98E-06;0,344;0,968;128,354;187667;4;19,60886;12;0;4
Struttin';Billy Preston;spotify:track:2LtYyfVjrRlneFqWV4iHM5;0,695;0,977;11;-2,953;0;0,162;0,429;0,897;0,263;0,61;108,135;154280;4;35,64085;9;1;4
Stuck In The Middle With You;Stealers Wheel;spotify:track:1b7LMtXCXGc2EwOIplI35z;0,795;0,564;7;-10,482;1;0,0392;0,0934;0,000531;0,0631;0,961;124,166;203893;4;61,81302;5;1;4
Such A Woman;Tycoon;spotify:track:3zThdcaPn3U4Gmg5B0YV9w;0,507;0,564;2;-9,53;0;0,0388;0,465;0;0,0552;0,4;126,734;261178;4;27,09042;11;1;4
Sue Ann;Antônio Carlos Jobim;spotify:track:2x79jx8Cv3mZzUlOkP1o3x;0,474;0,221;2;-18,199;1;0,0278;0,839;0,935;0,143;0,244;94,151;182493;4;30,45021;11;0;4
Sugar;Stanley Turrentine;spotify:track:0dc3U5dceMvBLti8EsVehJ;0,568;0,456;0;-13,489;0;0,039;0,427;0,0136;0,102;0,586;123,676;605093;4;31,21337;23;0;4
Sun Ship;John Coltrane;spotify:track:3k8aBASj6jgt3PSEumdafR;0,381;0,747;5;-8,487;0;0,108;0,223;0,012;0,0822;0,583;116,685;375667;4;24,18001;15;0;4
Sunset Strip;Ray Stevens;spotify:track:0KQkV02doeY017dt8KhEhy;0,21;0,386;7;-15,561;0;0,0484;0,614;2,09E-05;0,269;0,396;167,514;217267;4;25,97779;10;1;4
Superman;Donna Fargo;spotify:track:78gI8beWZAdnAht7mKW7t1;0,607;0,668;11;-11,682;1;0,039;0,503;3,68E-06;0,333;0,96;99,645;147173;4;28,18459;7;1;4
Swearin' To God;Frankie Valli;spotify:track:6lU9fLdtauyk0bE2HRHyve;0,667;0,785;1;-7,364;1;0,0635;0,288;0,000122;0,0597;0,73;108,921;245333;4;31,77575;15;1;4
Sweet Bossa;De Wolfe Music;spotify:track:5HWEIWW7iqp8Cpwxp3Iso5;0,526;0,402;2;-15,735;0;0,0298;0,899;0,968;0,0933;0,442;75,941;209041;4;61,86956;10;0;4
Sweet Emotion;Aerosmith;spotify:track:24NwBd5vZ2CK8VOQVnqdxr;0,38;0,76;9;-10,961;1;0,0378;0,00298;0,0294;0,104;0,491;99,437;274133;4;36,14748;13;1;4
Sweet Love;Commodores;spotify:track:7zqguUyS3LQxAdL8rRgXx2;0,373;0,511;1;-8,266;1;0,0522;0,268;1,65E-05;0,0575;0,434;202,301;393560;4;56,66855;15;1;4
Sweet Mama Hurry Home or I'll Be Gone;Leon Redbone;spotify:track:287tUpkEnrk5IdgoINSwTO;0,55;0,0855;10;-17,248;1;0,0448;0,943;0,138;0,109;0,538;131,495;155816;4;50,72231;8;0;4
Sweet Maxine;The Doobie Brothers;spotify:track:6apI1dPdq94Sf0LWPdTnUz;0,504;0,803;9;-8,788;1;0,0293;0,177;5,37E-05;0,33;0,953;144,925;263867;4;53,31533;10;1;4
Sweet Thing;De Wolfe Music;spotify:track:58q3exefLKlAfkCjQEpEJ2;0,618;0,206;5;-17,885;1;0,0366;0,905;0,895;0,113;0,528;145,729;136924;4;27,38377;8;0;4
Swingle Song;Keith Mansfield;spotify:track:14o4eMqL0DB6qrWRj6JzcM;0,382;0,0928;2;-22,513;0;0,0353;0,974;0,806;0,0935;0,592;81,465;135775;3;21,84523;8;0;4
Symphony Hall Rag;John Hartford;spotify:track:24X4f8HoyZj7Hb6wNObdct;0,535;0,371;7;-16,378;1;0,0315;0,277;0,905;0,17;0,689;125,827;168360;4;60,16663;7;0;4
T.V. Eye - Remastered;The Stooges;spotify:track:5z79Fpw4FEEkSzt8Lbwr46;0,415;0,979;4;-7,426;0;0,0547;0,000148;0,287;0,561;0,494;132,619;257480;4;104,83341;6;0;4
Ta Tudo Ai;Rubinho;spotify:track:3AkZgogiTJ2D8fw3XvNBOr;0,715;0,84;4;-9,567;0;0,112;0,294;0,000171;0,147;0,884;104,612;151187;4;44,00379;9;0;4
Take A Hand;Rick Springfield;spotify:track:1yrSqOAUR8oNYFaK0Maf2L;0,417;0,536;7;-14,012;1;0,0426;0,347;0,00017;0,0825;0,797;108,077;138867;1;30,62534;7;1;4
Take It Back;The J. Geils Band;spotify:track:1iy22Xi1YvQBwYWHjstrUr;0,894;0,79;9;-6,446;0;0,0386;0,0889;0,0104;0,048;0,969;113,072;199867;4;35,77476;11;1;4
Take It Like A Man;Bachman-Turner Overdrive;spotify:track:6zwOQNYl1gdugyxK3bC4oC;0,434;0,937;2;-4,783;1;0,0333;0,00239;0,154;0,0917;0,883;147,549;221947;4;26,46485;11;1;4
Take It To The Ozone;Freddie Hubbard;spotify:track:6lkto5WEAIVUnqvMyX9gBc;0,368;0,438;3;-16,644;0;0,0439;0,716;0,916;0,105;0,567;156,644;666133;4;33,02619;30;0;4
Take Me To The River;Syl Johnson;spotify:track:1VkM17IchG9iReZw8Z8UI2;0,922;0,737;9;-8,367;1;0,041;0,0368;0,716;0,0929;0,905;114,261;185907;4;24,06369;10;1;4
Take The Long Way Home;Supertramp;spotify:track:0v0XYK0pLgsPiq5u4FKHaw;0,414;0,7;5;-8,838;1;0,0301;0,22;0,000721;0,114;0,37;76,79;308853;4;41,58238;11;1;4
Talk It Over In The Morning;Anne Murray;spotify:track:0GxsnkXzE6hwwd9HMNMkqh;0,604;0,55;6;-10,487;1;0,0436;0,491;0;0,0456;0,933;81,665;150173;4;19,51149;8;1;4
Tambo;"""Pete """"El Conde"""" Rodriguez""";spotify:track:0UhdWYoDeBvGnZoNYikgrQ;0,685;0,494;5;-11,519;1;0,0677;0,733;0,00422;0,043;0,948;112,982;257333;4;28,59644;12;0;4
Tangerine;The Salsoul Orchestra;spotify:track:5FmI3OB8tuHIP2j7WogSnr;0,599;0,594;0;-12,706;1;0,0355;0,00374;0,297;0,128;0,801;123,147;280867;4;37,99347;14;1;4
Taos New Mexico;R. Dean Taylor;spotify:track:6Qoa1kEcbOAxw4vQYDPijk;0,591;0,903;9;-3,765;1;0,0324;0,46;0,00115;0,298;0,961;73,598;190347;4;55,22589;8;1;4
Te Quiero Niña (Tangos);Chiquetete;spotify:track:5nbt654j7twJqCNQUXyIb4;0,633;0,493;3;-10,612;1;0,0865;0,693;0;0,0942;0,635;109,794;203467;4;38,99212;10;0;4
Teach Your Children;Crosby, Stills, Nash & Young;spotify:track:29HaKOpeLSYvqdFyEQSRdj;0,497;0,285;2;-14,537;1;0,0264;0,643;1,66E-05;0,389;0,667;154,7;173467;4;26,64876;9;1;4
Technopolis - 2018 Bob Ludwig Remastering;YELLOW MAGIC ORCHESTRA;spotify:track:2ZFSgNZWT6Jvp3nAc3ncJv;0,65;0,912;7;-5,257;0;0,0277;0,000485;0,395;0,13;0,94;142,747;254973;4;30,0876;16;0;4
Teen Angel;Wednesday;spotify:track:7xbHHxa4EXyqVi2kb975uL;0,171;0,494;0;-11,002;1;0,0482;0,132;0;0,0827;0,162;202,577;143227;4;25,91754;9;1;4
Tell It Like It Is;Andy Williams;spotify:track:7MYHtpI1ebzt1lkAxgNDEZ;0,522;0,44;6;-13,258;0;0,035;0,434;0;0,218;0,295;97,475;159760;3;38,69467;7;1;4
Thank God And Greyhound;Roy Clark;spotify:track:6OXUj5OZ7jzun2FZLoGXcH;0,464;0,359;10;-12,938;1;0,029;0,563;0;0,0814;0,603;88,221;155760;3;20,85534;9;1;4
That's The Sound That Lonely Makes;Tavares;spotify:track:4a4jlsn8iOXvCIB8Cxp99R;0,644;0,591;11;-9,177;1;0,0598;0,668;0;0,574;0,846;149,136;222933;4;24,73799;13;1;4
That's What Love Will Make You Do;Little Milton;spotify:track:1AW3odaoNryctebMUlD2tt;0,693;0,739;1;-10,047;1;0,0601;0,2;0,0469;0,0523;0,775;91,399;229707;4;44,92482;10;1;4
That's Where The Happy People Go;The Trammps;spotify:track:4JuzaVgrM4qNz90qsLGigX;0,696;0,713;5;-13,814;1;0,0504;0,0491;0,015;0,299;0,395;123,068;474267;4;71,2403;14;1;4
The Actress Hasn't Learned The Lines (You'd Like To Hear) - Original Cast Recording/1979;Patti LuPone;spotify:track:384NxE5gCvG8o2iihtyHFF;0,585;0,0806;2;-21,851;0;0,104;0,893;0;0,0869;0,196;115,123;141224;4;82,04139;6;0;4
The Best Disco In Town;The Ritchie Family;spotify:track:79eNiy8GqOx646aVCNtPd1;0,53;0,936;8;-7,193;1;0,223;0,137;0;0,315;0,658;120,955;401027;4;23,28085;19;1;4
The Black-Eyed Boys;Paper Lace;spotify:track:7k3shMhYOBCv5DHM8z7SiV;0,767;0,76;2;-8,466;1;0,0655;0,258;0;0,365;0,95;128,673;225520;4;33,30063;6;1;4
The Blues Had a Baby and They Named It Rock and Roll;Muddy Waters;spotify:track:0uqCSaw89DrglZ8LTgMfvM;0,555;0,883;2;-8,052;1;0,0463;0,492;0,669;0,744;0,759;114,172;214733;4;25,19418;11;0;4
The Boss;Diana Ross;spotify:track:0hO3k6k0j8CYdAkUXjMbR4;0,659;0,812;7;-7,631;1;0,0267;0,000292;0,0108;0,307;0,794;124,029;217984;4;38,96075;8;1;4
The Dolphin - Before;Bill Evans;spotify:track:240FGMHo2caHcuR7Po0fN0;0,483;0,352;4;-17,332;1;0,0385;0,99;0,913;0,116;0,645;90,871;185293;4;25,21553;11;0;4
The Entertainer - The Sting/Soundtrack Version (Piano Version);Marvin Hamlisch;spotify:track:6QQIawc8vdSjXHZIjuUJG7;0,48;0,327;0;-10,422;1;0,0906;0,945;0,918;0,0732;0,527;170,032;153973;4;81,32722;8;0;4
The Entertainer - The Sting/Soundtrack Version/Orchestra Version;Marvin Hamlisch;spotify:track:3qq7parQQaohn9N7qKrKtE;0,615;0,386;0;-11,662;1;0,0904;0,873;0,778;0,0887;0,365;156,85;183360;4;49,81374;7;0;4
The First Time Ever I Saw Your Face - Instrumental;Stefan Grossman;spotify:track:4Wg0wLESRIaoMYKqDaWnCk;0,315;0,0939;2;-24,285;1;0,0754;0,871;0,825;0,0842;0,237;176,564;177133;4;32,83914;6;0;4
The Floppy Boot Stomp;Captain Beefheart & His Magic Band;spotify:track:4oAFDHf8yi3hTxmReWMgH2;0,535;0,697;0;-12,106;1;0,202;0,373;3,79E-06;0,362;0,803;110,451;231400;4;71,46036;8;0;4
The Gardens of Babylon;Jean-Luc Ponty;spotify:track:4sE3nQFKgQ7iuUDEy0SNOf;0,465;0,51;6;-14,489;0;0,028;0,0829;0,908;0,116;0,778;147,849;307267;4;22,74772;12;0;4
The Guitar Man;Bread;spotify:track:1mcQF2Oq45J4RaqvhvZps7;0,279;0,646;4;-7,907;0;0,0464;0,231;0,0011;0,309;0,485;142,649;225053;4;27,56136;14;1;4
The Hungry Years;Wayne Newton;spotify:track:4kqOuBMioKeLNLkPpmxduf;0,431;0,443;10;-12,655;1;0,0357;0,713;0;0,213;0,425;137,16;229493;4;34,47052;12;1;4
The Jam;Graham Central Station;spotify:track:1xXNrpcZ7UyKVWiI6GEc75;0,701;0,83;11;-10,517;0;0,0667;0,125;0,329;0,114;0,648;107,772;492013;4;38,41029;22;1;4
The Key;Deuter;spotify:track:5WgPcVXyFwZmQldHz4KEDf;0,286;0,52;10;-26,364;0;0,0573;0,182;0,919;0,356;0,0299;125,179;418533;4;53,45135;18;0;4
The Last Time I Saw Her;Glen Campbell;spotify:track:4UTxQVXgpOokcCrRRNCcc7;0,485;0,378;0;-12,53;1;0,0284;0,357;1,57E-05;0,0625;0,38;116,17;247013;4;52,86075;10;1;4
The Man That Turned My Mama On;Tanya Tucker;spotify:track:7MLwJApVQ7DJkuslbcK7d9;0,631;0,742;0;-7,243;1;0,108;0,627;0;0,0984;0,67;90,408;174093;4;39,54642;7;1;4
The Man With The Child In His Eyes;Kate Bush;spotify:track:4xjVfArXNQRxAvsUpjmfMt;0,249;0,261;0;-10,592;1;0,0334;0,962;0,00154;0,136;0,195;90,007;158693;4;33,62341;8;1;4
The Morning After;Maureen McGovern;spotify:track:62QRbVm7DqR3eoqgT7pEfs;0,408;0,511;6;-7,225;1;0,0263;0,475;0;0,625;0,354;80,176;141720;4;36,69663;6;1;4
The Mosquito;The Doors;spotify:track:5rMfihaxthEm9rMDSnNk1r;0,401;0,707;0;-12,741;0;0,0733;0,00254;0,447;0,0818;0,823;147,712;319493;4;47,69085;14;1;4
The Rockford Files;Mike Post;spotify:track:5ZX5pIdGQaeHxtHHe7v6ku;0,489;0,562;2;-11,494;1;0,0301;0,0671;0,92;0,191;0,23;111,921;186600;4;31,60425;10;1;4
The Second Time Around;Shalamar;spotify:track:6yh8yf1jpPrTMA5cezYpbi;0,801;0,388;1;-12,135;1;0,0505;0,0123;7,16E-05;0,0924;0,577;112,367;223293;4;55,80989;9;1;4
The Sun-Song;Eloy;spotify:track:6gxoAKMuR9BRVUbJAHqNNz;0,207;0,496;2;-8,649;0;0,0329;0,0909;0,148;0,184;0,113;112,815;291573;3;39,06433;14;0;4
The Swarm;Collin Walcott;spotify:track:1FezkJECsNSzjavYj7aQAn;0,384;0,196;8;-18,629;1;0,0501;0,711;0,451;0,0824;0,0649;106,741;367293;3;35,44279;19;0;4
The Twelfth Of Never;Donny Osmond;spotify:track:74NGDmt0oXeXesxoUGASTz;0,427;0,478;6;-6,169;1;0,03;0,608;0;0,0924;0,281;89,281;161707;4;23,9734;9;1;4
The Tyger;Gordon Giltrap;spotify:track:1qA04JmlLu23e9LVdnSChK;0,591;0,341;7;-15,11;1;0,0365;0,514;0,77;0,0771;0,728;82,908;120427;4;46,66997;6;0;4
The Voice;R. Stevie Moore;spotify:track:4w0VK5rNtRM6xZFBj5bmjI;0,474;0,2;3;-27,3;0;0,585;0,507;0;0,516;0,439;117,313;44013;1;24,25591;4;0;4
The World Is A Ghetto;War;spotify:track:4X428gMnvdtrgdW9QCCvHW;0,671;0,497;6;-9,469;0;0,0441;0,0546;0,000251;0,0718;0,498;91,795;247280;4;21,64478;10;1;4
Theme From Close Encounters;Meco;spotify:track:692qNJdZ4BuiEGsXiYl9ms;0,644;0,684;2;-11,54;1;0,0424;0,000423;0,922;0,14;0,803;129,009;181027;4;87,70725;5;1;4
There Will Come A Day (I'm Gonna Happen To You);Smokey Robinson;spotify:track:73rHeY2aUG59do11q7lN76;0,3;0,411;1;-11,498;1;0,0342;0,766;0;0,329;0,629;199,684;177880;3;30,13826;11;1;4
There Won't Be Anymore;Charlie Rich;spotify:track:3RRKZ8a8SCtiPZ5qdK2Hos;0,547;0,28;5;-14,353;1;0,027;0,932;0,00782;0,188;0,653;103,342;141773;4;27,59955;8;1;4
Think It Over;Cheryl Ladd;spotify:track:1p4F1uAWVr8TPnEng01jk1;0,625;0,298;2;-12,876;0;0,0411;0,676;5,99E-05;0,185;0,666;148,831;200893;4;59,78885;8;1;4
Thinking Of You;Loggins & Messina;spotify:track:6aNNkAJPuE5dY3fcCalNMz;0,625;0,509;2;-15,562;1;0,0293;0,231;3,48E-05;0,122;0,973;125,045;138773;4;24,01598;8;1;4
Third Time Lucky (First Time I Was A Fool);Foghat;spotify:track:2GrXeR0yhjkyXTp0alMF2u;0,666;0,664;0;-8,061;1;0,0272;0,286;1,60E-05;0,547;0,82;116,319;252169;4;55,67455;10;1;4
Thirteen;Big Star;spotify:track:3BQLTtpQOYGXQY2lT3ZZeU;0,457;0,268;0;-14,371;0;0,0319;0,674;5,77E-06;0,11;0,348;117,141;154667;4;40,25577;7;0;4
This Heart;Gene Redding;spotify:track:0MfmjZR6t7imRWqYv6WggU;0,618;0,692;8;-8,139;1;0,0298;0,445;9,29E-05;0,397;0,755;105,236;209351;4;22,82499;10;1;4
This Old Man;Mike Seeger;spotify:track:723H8tYBXfimCDXuUshoO6;0,649;0,164;2;-22,99;1;0,0536;0,903;0;0,0959;0,711;94,833;147160;4;68,02242;6;0;4
This Old Man;Purple Reign;spotify:track:4UidIHIPqESo40EEuXck6v;0,659;0,717;0;-11,55;1;0,0548;0,237;0,00735;0,0876;0,879;122,309;161784;4;31,89382;8;1;4
Ticket To Ride;Carpenters;spotify:track:3PyQV3cDjV5tEJGpYYH2K1;0,248;0,435;10;-7,502;1;0,0292;0,468;0;0,121;0,251;179,534;250173;4;37,50882;12;1;4
Tighten Up (Japanese Gentlemen Stand Up Please!);YELLOW MAGIC ORCHESTRA;spotify:track:57HpPhZ3809DgFpxvG9LEV;0,698;0,918;1;-3,687;1;0,0444;0,00958;0,00344;0,0827;0,892;133,088;224093;4;109,56763;5;0;4
Time Passages;Al Stewart;spotify:track:5zVKisBri6JH1fooBhUaVq;0,694;0,649;3;-7,176;1;0,0281;0,357;0,00258;0,0868;0,603;111,98;403040;4;33,46574;14;1;4
Tiny Dancer;Elton John;spotify:track:2TVxnKdb3tqe1nhQWwwZCO;0,414;0,428;0;-11,097;1;0,0278;0,382;0,000243;0,148;0,282;145,075;377093;4;53,71733;14;1;4
Tired Of Being Alone;Al Green;spotify:track:10vkYRKw6Jjr7try1ir50G;0,772;0,397;7;-8,585;1;0,0391;0,339;0,00541;0,0753;0,617;97,964;172320;4;43,95453;9;1;4
To Be True - Remastered;kalapana;spotify:track:3wZsP4LJDe0N2sKaP8Vzn4;0,656;0,395;2;-14,057;1;0,0436;0,366;0;0,279;0,712;134,585;164824;4;42,00824;7;0;4
To Know You Is To Love You;B.B. King;spotify:track:4c0Mgs559lG4sPiEC3XcxY;0,872;0,384;0;-16,204;1;0,0388;0,418;0,317;0,0687;0,938;102,597;515000;4;26,14268;31;1;4
To The Fire Wind;Starcastle;spotify:track:4Vj9BKNTzZeJI7GFiuT9uH;0,432;0,656;0;-10,619;0;0,0517;0,0295;0,0123;0,0264;0,722;153,961;315907;4;33,14657;14;0;4
To the Unknown Man;Vangelis;spotify:track:0024tEymsoc9FyKUauQngQ;0,305;0,234;1;-18,255;1;0,0259;0,752;0,929;0,132;0,078;82,453;546107;3;71,29274;22;0;4
Tong Poo;YELLOW MAGIC ORCHESTRA;spotify:track:4jwrNFs6QlLsVkeOkFQZkF;0,612;0,652;0;-11,105;1;0,0331;0,00502;0,902;0,0991;0,582;135,424;375107;4;84,78108;16;0;4
Tongue In Cheek;Sugarloaf;spotify:track:1Rf7JXGndStIDbEqSe0Qfz;0,467;0,705;9;-13,507;1;0,0396;0,0451;0,409;0,2;0,856;154,152;458893;4;52,63821;17;1;4
Tonight;Raspberries;spotify:track:3HrMPALbGVL5uJoWF5RBan;0,261;0,897;4;-4,585;1;0,0836;0,405;0,477;0,174;0,442;114,927;221173;4;53,70192;9;1;4
Tonight's The Night (Gonna Be Alright);Rod Stewart;spotify:track:10LRRKPmx8uHcSxLVWK0ct;0,55;0,514;11;-12,617;1;0,0523;0,336;0,125;0,382;0,724;136,542;237120;3;39,76981;10;1;4
Too Late - 2006 Remastered Version;Wire;spotify:track:2eZ8lBCC0oPjNLIE2NxiJA;0,085;0,927;9;-6,34;1;0,0624;0,00539;0,445;0,102;0,336;209,636;254360;4;95,30289;6;0;4
Took The Last Train;David Gates;spotify:track:6f5vTwQNj4ZzFBBwCGQ9fA;0,743;0,443;0;-14,524;1;0,0301;0,101;0,000683;0,136;0,715;96,481;271893;4;46,32601;9;1;4
Touch A Hand. Make A Friend;The Staple Singers;spotify:track:3IWLaoLT9M0zYrLZUcaZur;0,681;0,693;0;-9,213;1;0,0364;0,074;3,80E-06;0,304;0,712;115,571;206507;4;22,0255;11;1;4
Tracks Of My Tears;Linda Ronstadt;spotify:track:785Zx8MzinYPVssPaktKoG;0,639;0,564;9;-7,241;1;0,0227;0,123;0;0,0715;0,877;92,994;193773;4;31,74521;9;1;4
Train Of Thought;Cher;spotify:track:2wMptIPlutnTFs3Ote1PlW;0,443;0,495;2;-12,501;0;0,0439;0,0848;0;0,936;0,564;111,528;155853;4;55,13997;5;1;4
Train. Train;Blackfoot;spotify:track:5bSpsKGoGKXOOfg7F3ZtKz;0,609;0,807;9;-8,286;1;0,0559;0,015;0,00123;0,37;0,754;121,768;216693;4;43,40353;7;1;4
Trans-Pan-Dance - (Bonus Version) (Remastered);Steven Halpern;spotify:track:5YEsmNN1Q0qhW69uEL1lpy;0,303;0,073;10;-22,893;0;0,0439;0,99;0,914;0,107;0,0369;69,792;483813;4;41,10437;19;0;4
Trapped By A Thing Called Love;Denise LaSalle;spotify:track:2f1kaz9iKDa9aHwZMfdbti;0,719;0,486;5;-9,489;0;0,0538;0,119;3,19E-05;0,0718;0,824;141,515;160627;3;50,30923;7;1;4
Tres Veces Lo Negara (Bulerías por Soleá);Chiquetete;spotify:track:1Q5ZAZiyB0c3ls8UTcfg57;0,494;0,409;5;-11,072;0;0,0433;0,746;0;0,167;0,548;134,49;300200;5;26,85614;13;0;4
Trina. komm mal voer de Doer;Hannes Wader;spotify:track:6MlhRMqpNqqCY1pUlZoO3h;0,607;0,192;4;-19,654;1;0,0498;0,375;2,99E-05;0,32;0,73;122,228;169667;4;45,27408;9;0;4
Triste;Antônio Carlos Jobim;spotify:track:0g7swag2aay1rjLgxXW1RQ;0,624;0,207;9;-20,594;1;0,0346;0,688;0,188;0,0849;0,407;133,099;159360;4;33,44757;8;0;4
Triste Bahia;Caetano Veloso;spotify:track:0G88ZH0qqBCBbtrHnEDqrn;0,619;0,43;9;-11,118;1;0,0576;0,663;0,000197;0,119;0,718;128,322;584107;4;45,64336;21;0;4
True Confession;U-Roy;spotify:track:1phb1lDPZVPl4xMidUjYlg;0,719;0,554;7;-7,481;1;0,0625;0,117;0,0236;0,291;0,81;123,822;158720;4;34,18144;8;0;4
Try Again;Big Star;spotify:track:6LMkCz5P2YBIgvXDmL9x2f;0,463;0,231;7;-11,451;1;0,0271;0,629;0,000499;0,076;0,117;133,46;212267;4;69,00242;8;0;4
Tudo Que Eu Quis Dar (A Big Kite);Leno e Lilian;spotify:track:4VMDgDDhh6pcTvHkb9vHsV;0,724;0,437;11;-12,787;1;0,0346;0,249;0,00312;0,16;0,927;127,141;189986;4;53,02546;10;0;4
Turn Back The Hands Of Time;Tyrone Davis;spotify:track:5o3qMny3Ym8O512RKrNoLw;0,563;0,655;6;-6,399;1;0,032;0,168;0;0,0484;0,866;117,794;178653;4;42,58253;9;1;4
Turnover;De Wolfe Music;spotify:track:4NzS8wrR6GHsXf6OtnC27J;0,721;0,549;5;-10,728;1;0,0397;0,605;0,418;0,205;0,961;141,311;149557;4;21,93996;9;0;4
Über sieben Brücken musst du gehn;Karat;spotify:track:6pE6AsHipTmdL105P5Gaux;0,281;0,184;8;-13,185;1;0,032;0,725;2,17E-05;0,15;0,0722;136,815;227933;4;32,71222;11;0;4
Uma Sombra na Estrada;Trio Ternura;spotify:track:5Ts39flYkfGKTz3RX58CXe;0,657;0,768;1;-9,573;0;0,0626;0,755;0,765;0,456;0,85;100,986;135467;4;17,69019;7;0;4
Uma Vida;Dom Salvador & Abolição;spotify:track:2AyasodmTDJQ6uUOVyXQYD;0,494;0,899;0;-5,363;1;0,0489;0,377;0;0,173;0,909;101,914;167227;4;77,8363;6;0;4
Una storia sentimentale;Arawak;spotify:track:1a8KTdyrs3gnMANM1xoR8I;0,496;0,391;0;-18,806;1;0,0384;0,567;0,945;0,141;0,314;142,178;224398;4;26,70045;10;0;4
Untitled No.I;Derek Bailey;spotify:track:7qQT47oZG0R5slKsHl94Y1;0,491;0,286;8;-23,434;1;0,477;0,841;0,00715;0,223;0,416;85,346;421387;4;27,62367;25;0;4
Up on the Hill Where They Do the Boogie;John Hartford;spotify:track:5WF2sfaLMg7sUj1pjDjGDD;0,772;0,461;2;-14,689;1;0,0479;0,855;1,94E-05;0,198;0,842;104,451;163107;4;19,54399;9;0;4
Up On The Roof;James Taylor;spotify:track:2R1M1otgehlvcvPtrgqBuq;0,559;0,432;5;-12,366;1;0,0273;0,375;1,20E-06;0,716;0,5;92,378;249173;4;23,38568;13;1;4
Vahine Motu;Hui Ohana;spotify:track:3QUYzmfozZDKGVLYYHQ58Q;0,511;0,831;7;-10,45;1;0,0397;0,949;0,13;0,148;0,966;165,284;162573;4;50,94912;8;0;4
Vai Trabalhar Vagabundo - Ao Vivo;MPB4;spotify:track:5nGbz0f3rbfqZPdGv8KJAl;0,533;0,447;3;-9,211;1;0,11;0,779;2,06E-05;0,336;0,506;96,309;168653;4;64,43936;7;0;4
Vanilla Ólay;Jackie DeShannon;spotify:track:38SctZyQGZqE2yC9fNdzyD;0,749;0,571;8;-9,208;1;0,0288;0,651;0,00211;0,0679;0,948;131,247;182067;4;30,92375;10;1;4
Vecchi tempi n.2;Arawak;spotify:track:3m11wnVgohD0ilbHCteEcH;0,132;0,0703;0;-25,816;0;0,0329;0,226;0,915;0,159;0,188;83,124;144149;4;22,42121;7;0;4
Veio D'Àgua;Elba Ramalho;spotify:track:0Dj1YZAN5Sm2fMErqXvFdX;0,423;0,842;4;-7,725;1;0,123;0,809;0,000156;0,242;0,451;135,079;200093;4;63,24177;7;0;4
Ven Rumbero;Bobby Valentin;spotify:track:5jn7uybZYuykhBNXvjRvPY;0,582;0,714;2;-7,874;0;0,0364;0,701;0,0152;0,102;0,945;93,362;200107;4;34,82164;10;0;4
Vengan a Mi Casamiento;Victor Jara;spotify:track:4qV6xf58fKxdqq77o1BIm8;0,841;0,489;4;-7,86;1;0,0404;0,839;0;0,104;0,828;125,246;200000;3;46,38316;9;0;4
Vengeance;Carly Simon;spotify:track:2xel81F1bC8w4OPPLZca9o;0,589;0,807;9;-7,633;0;0,0385;0,225;0;0,092;0,682;95,286;254400;4;36,43242;10;1;4
Venus;John Coltrane;spotify:track:0RZjIj4k1yIgCsYCjfNp0K;0,378;0,53;4;-11,508;1;0,43;0,732;0,0177;0,047;0,587;88,03;516533;3;58,7976;13;0;4
Very Well Dub;Wailing Souls;spotify:track:3LqcKvInu540j87nuOIPTh;0,868;0,34;4;-15,655;0;0,104;0,00194;0,342;0,0843;0,786;124,076;445333;4;36,24676;22;0;4
Video Killed The Radio Star;The Buggles;spotify:track:6t1FIJlZWTQfIZhsGjaulM;0,675;0,61;1;-13,811;1;0,085;0,0852;0,0188;0,159;0,344;131,037;253800;4;50,65732;13;1;4
Viejo Mundo - Bulerías;Camaron De La Isla;spotify:track:34xxdxDdpuNFn3ThJ0l8mT;0,576;0,851;6;-4,492;0;0,0333;0,839;0,000891;0,127;0,775;115,939;164720;3;44,2017;9;0;4
Voce Está Diferente;Reginaldo Rossi;spotify:track:2iSawYc81nDoRCnauBqvL3;0,706;0,492;1;-13,288;1;0,122;0,625;0,00555;0,103;0,936;130,285;129840;4;31,09897;6;0;4
Voice of Jah;Mikey Dread;spotify:track:5cgnkVpgHECp2ivP1rTYCj;0,624;0,731;10;-6,443;0;0,131;0,766;0;0,387;0,791;124,025;224200;4;37,18535;12;0;4
Volcano;Jimmy Buffett;spotify:track:0s4jINkD2RoxH96zpy2i0D;0,652;0,474;5;-14,436;1;0,204;0,332;1,03E-06;0,0993;0,88;176,966;219893;4;43,46763;10;1;4
Vom Himmel hoch;Traditional;spotify:track:60Z7KnlNX15ZEfBKMrBOVo;0,172;0,272;3;-11,726;1;0,0354;0,985;0,0972;0,16;0,386;83,202;155440;1;51,5939;7;0;4
Vou Começar Tudo de Novo;Reginaldo Rossi;spotify:track:0eMhpfAnPmPzGZS8LuCEVt;0,638;0,505;4;-13,022;0;0,0428;0,255;0,0427;0,131;0,655;119,702;219333;4;36,31971;9;0;4
Vou Começar Tudo de Novo;Reginaldo Rossi;spotify:track:3BB9s0q2CFyX12ck1dwLeO;0,684;0,579;4;-11,515;0;0,0411;0,0795;0,000257;0,096;0,694;119,764;219427;4;39,48218;10;0;4
Wai O Ke Ani Ani;Hui Ohana;spotify:track:4BvLgxPyMGFGGrNeyGKXqR;0,495;0,948;10;-6,44;1;0,0445;0,524;0;0,169;0,967;161,227;188040;4;49,74234;10;0;4
Wai O Ke Aniani;Gabby Pahinui;spotify:track:3a0xMLTe6zbE4j6PTgV5X9;0,501;0,468;10;-15,421;1;0,0322;0,498;0,0372;0,35;0,86;149,755;174253;4;40,2844;8;0;4
Walk Easy My Son;Jerry Butler;spotify:track:2kB3glhYbsX2vnxEeAPCwd;0,407;0,548;1;-10,132;0;0,0424;0,749;1,05E-06;0,331;0,699;112,3;177067;4;33,12435;7;1;4
Walk In The Night;Jr. Walker & The All Stars;spotify:track:0C4CdjZponKJGIaTvLVP53;0,576;0,782;6;-11,324;1;0,0309;0,117;0,208;0,0261;0,967;107,859;249693;4;36,91821;11;1;4
Walk On;Neil Young;spotify:track:1MF5iQOhiz11mhehiqjPMN;0,415;0,463;9;-9,339;1;0,0355;0,657;1,57E-06;0,159;0,665;171,608;162120;4;55,29131;8;1;4
Walk Right Up To The Sun;The Delfonics;spotify:track:3AxwjpUSK7FjnD4ykgobO5;0,425;0,452;9;-8,869;0;0,0255;0,642;0;0,221;0,576;143,859;180520;3;28,34434;9;1;4
Waltz For Eva And Che - Original Cast Recording/1979;Mandy Patinkin;spotify:track:5B1HWWvYg765RkBYWc5esh;0,579;0,26;10;-14,957;1;0,0348;0,87;0;0,126;0,385;93,466;225067;1;16,35355;14;0;4
Wanderlust;Krisma;spotify:track:11hosn7LygGEJUv2q69qLd;0,426;0,936;10;-2,883;0;0,107;0,208;0;0,409;0,508;87,871;133947;4;67,84394;5;0;4
Watch Out;Vangelis;spotify:track:5LKZRgJSrGumjrujJ7ZpwP;0,29;0,505;8;-15,307;1;0,0337;0,668;0,89;0,355;0,0781;103,188;183400;4;36,35362;7;0;4
Way Back Home;The Jazz Crusaders;spotify:track:13eQ0VJMfaEAV4XWJS0ju3;0,554;0,704;1;-9,014;1;0,041;0,0961;0,0511;0,0584;0,841;176,895;242680;4;37,7773;11;1;4
Wayne. Wayne - Go Away;R. Stevie Moore;spotify:track:2d46yEos7F1sia0bGqOtSD;0,455;0,219;9;-19,38;1;0,0331;0,837;8,60E-05;0,214;0,258;99,138;286440;4;30,10006;10;0;4
We Are All Uprooted;Vangelis;spotify:track:2gLv05f9tfz5rgiLW5vxCd;0,62;0,389;1;-16,742;1;0,0334;0,367;0,918;0,102;0,465;76,689;412427;4;24,2358;20;0;4
We Are Family;Sister Sledge;spotify:track:5IKLwqBQG6KU6MP2zP80Nu;0,784;0,893;7;-5,153;0;0,0923;0,3;1,57E-05;0,272;0,819;118,738;216733;4;86,02186;6;1;4
We Can Make It Baby;The Originals;spotify:track:0qCg1hLtgzcafamkTUaIpl;0,458;0,438;3;-9,065;1;0,0269;0,765;5,70E-05;0,0746;0,445;77,847;176933;3;32,07581;9;1;4
We Never Danced To A Love Song;The Manhattans;spotify:track:7ntbygnntLmceg6aYl0nT4;0,449;0,532;7;-12,068;1;0,0446;0,153;0;0,149;0,441;126,163;258933;4;47,63872;7;1;4
We Said Goodbye;Dave Maclean;spotify:track:5VpZzYUnr2y3ztWREovItM;0,381;0,469;5;-9,927;1;0,03;0,0366;0,00368;0,125;0,348;71,448;189910;4;60,51764;7;0;4
We Were Always Sweethearts;Boz Scaggs;spotify:track:7Ho5kFgwxdlmQ7UDEbqxjT;0,437;0,611;9;-11,654;1;0,0466;0,687;0,0396;0,355;0,865;126,251;209040;4;30,30238;10;1;4
Wedding March/Slow Waltz (Take 12);Charles Mingus;spotify:track:6PaX9IIk3QDP3rAxyVX4fN;0,395;0,0311;0;-26,924;1;0,0445;0,99;0,923;0,112;0,158;113,736;141667;5;31,64607;8;0;4
Weissensee;NEU!;spotify:track:5edzbTDCrFaPV8dNz4Qrjw;0,594;0,168;2;-17,818;1;0,0323;0,429;0,734;0,111;0,0587;126,664;406733;4;24,83813;13;0;4
Welcome Back;John Sebastian;spotify:track:2pS6zWWQCpO0IVEBIbzJh8;0,745;0,373;4;-13,002;0;0,0325;0,412;8,88E-05;0,158;0,904;111,297;170893;4;19,61007;12;1;4
We're All Alone;Rita Coolidge;spotify:track:2QDnRMFfnes9DUWc6HgixI;0,332;0,429;7;-8,376;1;0,0287;0,356;3,18E-05;0,0619;0,239;128,073;220520;4;26,55971;10;1;4
We're On The Right Track;South Shore Commission;spotify:track:3OgGwqxevY650JJL5CMlXF;0,656;0,823;7;-9,809;1;0,0792;0,0434;1,43E-05;0,666;0,602;120,6;292000;4;74,5337;14;1;4
Westbound Train;Dennis Brown;spotify:track:4rjaK8Ifn2imrt6uyidOXS;0,814;0,517;6;-8,766;0;0,0724;0,489;1,91E-06;0,0374;0,944;88,805;182840;4;26,62001;8;0;4
We've Got Love;Peaches & Herb;spotify:track:5gMsYrfBVWhjHVVZE0G6Rp;0,766;0,775;5;-6,786;0;0,0609;0,433;1,86E-05;0,38;0,781;111,627;202027;4;38,96904;10;1;4
What a Day - Remastered;Throbbing Gristle;spotify:track:7dPRAkm7CVftygF7hzfPLQ;0,64;0,324;7;-13,175;1;0,19;0,0506;7,05E-05;0,0855;0,843;83,802;275420;4;22,28791;14;0;4
What About Me;Anne Murray;spotify:track:4nHFJleVgRTlqlI8WVKen0;0,536;0,65;4;-10,055;1;0,0308;0,142;1,83E-05;0,153;0,922;136,878;188027;4;28,96377;10;1;4
What Am I Gonna Do With You;Barry White;spotify:track:097OvOx07eXC4UmdnywvoE;0,625;0,869;2;-9,467;0;0,0293;0,0246;0,0626;0,093;0,89;114,223;219440;4;59,73891;9;1;4
What Are You Doing The Rest Of Your Life?;Bill Evans;spotify:track:1mZQsG7138l2ZVgp2DNGy5;0,455;0,038;9;-23,756;0;0,0416;0,994;0,926;0,26;0,0815;60,994;284627;4;30,45549;12;0;4
What Can I Say;Boz Scaggs;spotify:track:4WSbbEjRQ7uE3IT9crL10B;0,724;0,598;7;-6,522;1;0,0325;0,116;0,00725;0,0556;0,786;114,987;180693;4;25,40673;9;1;4
What Do I Get? - 1996 Remastered Version;Buzzcocks;spotify:track:5jZWuO6cdWOU7v5uu9RAEf;0,249;0,922;7;-7,929;1;0,118;0,00176;0;0,408;0,199;176,509;174053;4;28,67136;11;0;4
What Is This (Ba Ba);The Reggae Boys;spotify:track:17BYpzXAQuYei5FZqQDbcP;0,948;0,643;1;-11,176;1;0,0996;0,336;0,0664;0,115;0,975;124,864;159573;4;32,95503;11;0;4
What Shall We Do When We All Go Out?;Mike Seeger;spotify:track:3mjhB6xOe5d8HfWbUFApHR;0,618;0,167;7;-16,755;1;0,0451;0,828;3,29E-06;0,197;0,651;175,951;132667;4;58,27935;7;0;4
What The World Needs Now Is Love/Abraham. Martin and John;Tom Clay;spotify:track:706CvlhWdQi3hmCEas3iBN;0,402;0,58;2;-9,841;0;0,4;0,937;0,00115;0,109;0,522;94,161;379293;3;27,2607;18;1;4
Whatever Happened To...? - 1996 Remastered Version;Buzzcocks;spotify:track:0NGGD1IYSU7QRkK5lm9uQR;0,243;0,82;1;-7,403;0;0,0872;6,04E-05;0;0,102;0,769;95,315;133760;4;63,20345;6;0;4
What'll We Do With The Baby?;Mike Seeger;spotify:track:6ciiWTDskXTKTqr4wutcUj;0,709;0,00757;4;-29,34;1;0,172;0,969;0,00305;0,18;0,907;98,629;43133;4;16,97897;3;0;4
What's The Name Of This Funk (spider Man);Ramsey Lewis;spotify:track:7Kcim58Wq44WzjYzOjBxFr;0,55;0,902;10;-8,421;0;0,0546;0,0792;0,0064;0,0262;0,883;114,702;198907;4;34,83555;10;1;4
When the Morning Comes - Remastered;kalapana;spotify:track:6RvES862mNyt2VvMY7IBgb;0,425;0,721;6;-11,061;1;0,0617;0,365;0,00053;0,104;0,911;165,65;181630;4;21,22248;9;0;4
When You Say Love;Sonny & Cher;spotify:track:2pRQeTrtd34PmX2vESvQUl;0,562;0,353;4;-12,786;1;0,0456;0,819;0;0,688;0,63;95,084;148947;4;35,54228;8;1;4
When You're Hot. You're Hot;Jerry Reed;spotify:track:6sykijVtS1m8vxLnkKXrJ5;0,788;0,832;4;-10,783;1;0,0981;0,354;0;0,1;0,91;101,045;139560;4;29,70364;8;1;4
Where Evil Grows;The Poppy Family;spotify:track:3w56u6nrL0K1YYpinkfTeP;0,555;0,656;7;-9,721;0;0,0313;0,337;7,81E-05;0,0961;0,68;107,862;171000;4;54,81851;7;1;4
Where You Lead;Barbra Streisand;spotify:track:2T3R19V9qMiiuRWPor8Axf;0,443;0,619;10;-11,62;0;0,393;0,486;0;0,329;0,489;126,26;377573;4;39,43523;15;1;4
Whips and Furs;The Vibrators;spotify:track:1SfcQMzcXcRp0mrqMjs6vk;0,417;0,833;4;-11,525;1;0,0806;0,00543;7,68E-06;0,143;0,906;168,802;133173;4;31,45045;7;0;4
Who Are You;B.B. King;spotify:track:5knDBY73wojaUs7PfL9wX8;0,84;0,431;8;-15,631;1;0,0377;0,327;0,0193;0,0753;0,855;103,926;236640;4;33,23792;10;1;4
Who Built The Ark: Noah. Noah;Mike Seeger;spotify:track:2AcKuobfcjR53b6czsb8fZ;0,722;0,0773;1;-20,643;1;0,0747;0,761;0;0,0892;0,295;78,174;127000;4;54,75172;6;0;4
Who Needs Ya;Steppenwolf;spotify:track:2RiD1K9cT6wnGmvsmkdWEc;0,504;0,624;4;-13,945;1;0,0524;0,00826;0,0455;0,0742;0,628;117,314;180373;4;18,28584;11;1;4
Why;Carla Bley;spotify:track:3fm8nQSCkiu5Q1H1UCTi7n;0,288;0,36;10;-10,77;1;0,0338;0,737;0;0,305;0,503;177,114;139160;3;32,29089;7;0;4
Why Do Black Men Fuss And Fight;Hugh Mundell;spotify:track:319iUlUabgmShHyIvnEV4A;0,857;0,672;2;-7,423;1;0,0443;0,0151;0,000874;0,0621;0,836;119,628;355693;4;45,19478;18;0;4
Why Me Black Brother Why - 2001 Digital Remaster;Mighty Diamonds;spotify:track:6rDa2NcL8lWtTvv4a8Nn7c;0,856;0,447;7;-9,594;1;0,149;0,00772;0;0,0971;0,454;73,431;190400;4;28,76927;10;0;4
Will It Be You? (Chapter Four);Saga;spotify:track:52wkDCBtG7vBoEBLjgS7CK;0,313;0,578;10;-15,09;1;0,0359;0,0007;0,0589;0,15;0,4;144,157;430840;4;20,77839;20;0;4
Willie And The Hand Jive;Eric Clapton;spotify:track:7aDdRtuCpHGdz7OZFvgbHJ;0,821;0,259;9;-17,039;1;0,402;0,248;0,0162;0,0847;0,737;90,915;209853;4;43,44884;11;1;4
Willkommen;Joel Grey;spotify:track:4iM7g6DqruDMTo5AcU6qHS;0,505;0,464;10;-11,564;1;0,401;0,818;4,81E-06;0,977;0,607;173,397;268533;4;45,36481;15;0;4
With You I'm Born Again;Billy Preston & Syreeta;spotify:track:7wlPnBfcywEctiVWwCdxvn;0,348;0,313;10;-11,379;1;0,0324;0,866;0,000257;0,13;0,356;82,004;220600;3;33,66676;9;1;4
Without Love;Aretha Franklin;spotify:track:7mzQgvrYsw1U1dGYUgCTHH;0,626;0,742;0;-5,002;0;0,0657;0,408;0;0,108;0,605;114,969;232720;4;32,7962;11;1;4
Wo steht das geschrieben;Peter Maffay;spotify:track:4ZIxXX33uL56Tqr6PMf8a9;0,547;0,708;11;-10,577;1;0,0446;0,142;0,005;0,456;0,897;115,511;203000;4;63,92697;10;0;4
Woman To Woman;Joe Cocker and The Chris Stainton Band;spotify:track:0K3Dem9aRwRG9DVo0W2T3o;0,714;0,331;1;-14,443;1;0,0983;0,186;0,0889;0,0725;0,747;180,647;270693;4;32,52008;13;1;4
Wonderful Tonight;Eric Clapton;spotify:track:6zC0mpGYwbNTpk9SKwh08f;0,572;0,214;7;-15,625;1;0,0293;0,649;0,129;0,125;0,485;95,542;225027;4;46,11089;11;1;4
Working Class Hero;Tommy Roe;spotify:track:0gZyGBO0Zq1EX5gYhToqT3;0,509;0,627;9;-5,982;1;0,0311;0,586;0;0,114;0,889;80,74;174240;4;42,87393;8;1;4
Xavier à la maison d’arrêt (Thème principal);François de Roubaix;spotify:track:6anO38bNKw5MrM7a6EWGOz;0,831;0,102;10;-27,374;0;0,091;0,898;0,00739;0,0623;0,384;119,848;156253;4;22,74211;12;0;4
Y.M.C.A.;Village People;spotify:track:4YOJFyjqh8eAcbKFfv88mV;0,75;0,785;6;-10,926;1;0,0591;0,0278;0;0,0601;0,752;126,361;286667;4;27,6404;13;1;4
Yeah !;The Jets;spotify:track:1UlJzHc8E5EprQFJxjSyPL;0,598;0,891;6;-11,904;1;0,0552;0,0183;0,836;0,579;0,826;144,383;155395;4;55,62066;7;0;4
Yesterday Once More;Carpenters;spotify:track:3wM6RTAnF7IQpMFd7b9ZcL;0,254;0,38;4;-13,806;1;0,0337;0,672;0;0,379;0,408;168,496;233533;4;37,05835;10;1;4
Yester-Me. Yester-You. Yesterday;Stevie Wonder;spotify:track:0l9RGwc48deJ6j61KXAAvs;0,604;0,357;6;-11,419;1;0,0269;0,0311;0;0,0927;0,638;100,721;185293;4;21,60974;9;1;4
You Are What I Am;J.D. Crowe & The New South;spotify:track:07OscXdqS7s5FS1sniGYZi;0,637;0,64;4;-10,395;0;0,0356;0,612;0,029;0,183;0,976;125,839;144000;4;32,8323;8;0;4
You Don't Bring Me Flowers;Barbra Streisand & Neil Diamond;spotify:track:1K1nzhbKCNmrNXi9B07mPF;0,706;0,39;9;-13,673;1;0,0324;0,0221;3,81E-05;0,0944;0,839;90,584;217533;4;45,90757;9;1;4
You Got That Right;Lynyrd Skynyrd;spotify:track:2lLWfAW32oxUCv0iYQQwSX;0,537;0,702;0;-10,973;1;0,033;0,0244;0,0505;0,21;0,954;146,208;227293;4;27,29937;13;1;4
You Sure Love To Ball;Marvin Gaye;spotify:track:4hP5QCyKWJqB9YfjE3T2Ug;0,471;0,461;0;-14,936;1;0,0349;0,304;0,000199;0,244;0,788;84,361;284280;4;48,80508;10;1;4
You Take My Breath Away;Rex Smith;spotify:track:3BCMsz55asr7Yr6DqB9N8D;0,313;0,6;11;-7,913;1;0,0357;0,476;2,56E-05;0,523;0,272;141,912;197453;4;20,86947;8;1;4
You Take My Heart Away;James Darren;spotify:track:49dHSs71gext9qKLOrnBqv;0,489;0,902;6;-2,948;1;0,0968;0,679;1,14E-06;0,269;0,653;113,253;378410;4;51,58996;13;1;4
You Tear Me Up - Live;Buzzcocks;spotify:track:1P99YZCwyc5t2rjAwSIS2f;0,37;0,91;0;-6,006;1;0,188;1,45E-05;1,10E-06;0,0983;0,562;130,736;160438;4;37,89104;8;0;4
You Took The Words Right Out Of My Mouth;Meat Loaf;spotify:track:7wawEkN4nhPqSBWleGvdxa;0,459;0,681;2;-8,773;1;0,0794;0,254;0;0,498;0,68;125,02;304440;4;34,79386;13;1;4
Young Criminals;U.K. Subs;spotify:track:5uHc3UaQb9QKxOKbhbe8ki;0,468;0,835;9;-5,982;0;0,0373;2,55E-05;0,404;0,067;0,804;110,711;140027;4;44,75465;8;0;4
Young Hearts Run Free;Candi Staton;spotify:track:3MFa9idQuY4iJLWsZl3tIQ;0,653;0,652;7;-9,304;0;0,0427;0,13;1,58E-05;0,202;0,846;115,388;248360;4;23,77595;15;1;4
Your Love Is Like A Cancer;Son Seals;spotify:track:6zl81YN27QExitw4AZUDy1;0,699;0,652;9;-10,831;0;0,0397;0,21;1,70E-05;0,0578;0,969;147,786;276000;4;40,64539;12;0;4
Your Own Special Way;Genesis;spotify:track:2yOJ8rGhSns3kCr9WJHDgj;0,319;0,196;5;-11,466;1;0,0333;0,686;3,19E-06;0,112;0,0636;130,557;378813;3;131,80721;12;1;4
Your Time To Cry;Joe Simon;spotify:track:3f3peHdm971oH29Tul50tK;0,572;0,437;9;-10,488;0;0,0406;0,772;1,19E-05;0,331;0,576;115,914;179733;3;52,33987;9;1;4
Yo-Yo;The Osmonds;spotify:track:1FWHRqOV17plc9w1SSVPo4;0,617;0,785;2;-5,8;1;0,0565;0,636;0;0,174;0,92;138,057;195787;4;29,23776;12;1;4
dataset_of_track;dataset_of_artist;dataset_of_uri;dataset_of_danceability;dataset_of_energy;dataset_of_key;dataset_of_loudness;dataset_of_mode;dataset_of_speechiness;dataset_of_acousticness;dataset_of_instrumentalness;dataset_of_liveness;dataset_of_valence;dataset_of_tempo;dataset_of_duration_ms;dataset_of_time_signature;dataset_of_chorus_hit;dataset_of_sections;dataset_of_target;dataset_of_id_ano
"Overture (The Big Race) - From ""Pee Wee's Big Adventure""";Danny Elfman;spotify:track:1P9PYvV5kuZ9dAACp3qSQm;0,297;0,219;1;-14,216;1;0,0335;0,959;0,765;0,108;0,0483;133,757;188267;3;16,80054;10;0;5
"Rapper's Delight - 7"" Single Version";The Sugarhill Gang;spotify:track:1FnxNtKli7rcB9IU4J8MEg;0,905;0,692;2;-14,143;1;0,199;0,22;0;0,128;0,943;111,292;305413;4;35,37898;15;0;5
"Surrender To Me (From ""Tequila Sunrise"")";Ann Wilson & Robin Zander;spotify:track:0Mqlf5OTGoeUgoeqL1Mzew;0,37;0,683;11;-5,702;0;0,036;0,452;8,11E-06;0,167;0,118;148,052;244733;4;40,02333;15;1;5
"Symphonie ""Mathis der Maler"": 1. Engelkonzert";Paul Hindemith;spotify:track:4QK6arNqmckObVn9K6Dy28;0,254;0,0807;2;-21,713;1;0,0428;0,906;0,918;0,36;0,0471;112,522;504627;4;50,94702;22;0;5
(Angel On My Mind) That's Why I'm Walkin';Ricky Skaggs;spotify:track:0JzR2gHF0M5Gu6YNirud9R;0,589;0,45;4;-9,38;1;0,0249;0,2;0,00025;0,216;0,459;99,95;180933;4;37,53809;9;0;5
(Baby Tell Me) Can You Dance;Shanice Wilson;spotify:track:0wLLY7tGYpv5hNDBlGzF1B;0,765;0,896;7;-7,895;1;0,112;0,103;0,000256;0,362;0,594;111,191;289373;4;21,89432;15;1;5
(Between A) Rock And A Hard Place;Cutting Crew;spotify:track:2KxYID9maMVJaGnvGu6Iso;0,615;0,845;5;-9,943;0;0,0393;0,0928;2,77E-05;0,0755;0,585;117,444;227960;4;27,45929;13;1;5
(Keep Feeling) Fascination;The Human League;spotify:track:0ZfZaT7NByalxa6bct5G67;0,711;0,609;0;-9,042;1;0,0764;0,381;1,24E-06;0,204;0,674;118,132;224733;4;25,33809;13;1;5
(oh) Pretty Woman;Van Halen;spotify:track:7ptv3yXdBWwzO7rVA62rwy;0,441;0,97;1;-2,1;0;0,0708;0,192;1,68E-06;0,312;0,5;128,289;172671;4;41,51318;8;1;5
(Sittin' On) The Dock Of The Bay;The Reddings;spotify:track:1dnyOQ9DMv3KrtqyLTE4dy;0,724;0,585;7;-6,739;1;0,03;0,0582;0,00285;0,104;0,471;104,761;185733;4;31,22157;8;1;5
(you're So Square) Baby. I Don't Care;Joni Mitchell;spotify:track:7aQQEpqjYvWCpFmFfMytDg;0,39;0,618;7;-12,351;1;0,0405;0,181;0,00192;0,272;0,615;171,767;158000;4;23,08798;10;1;5
¿Hasta Cuando?;Beatriz Adriana;spotify:track:1lQbMmx22ZRWGDYT9iYnqW;0,633;0,481;4;-5,835;0;0,0245;0,195;0,000778;0,349;0,57;106,841;202240;4;62,33548;8;0;5
¿Qué Es Lo Que Será?;Carlos Cano;spotify:track:1khxyqPjdOMLoHKZ4HSlKW;0,684;0,409;0;-10,571;0;0,0349;0,81;1,99E-06;0,0807;0,502;120,105;193733;4;57,75892;10;0;5
1928;Ludwig Hirsch;spotify:track:2BTGUNj4bI1esubNCypXb9;0,43;0,171;0;-22,956;1;0,102;0,634;7,70E-05;0,0769;0,242;135,865;353200;5;48,50701;14;0;5
1982;Randy Travis;spotify:track:31lfvDUMzQ3siXemj9G5xV;0,614;0,53;9;-8,129;1;0,0254;0,0986;1,90E-06;0,09;0,58;108,051;179307;4;62,623;8;0;5
50:50:00;Sad Lovers & Giants;spotify:track:4FRek66PBSH1YU8UbMWa3R;0,283;0,578;0;-12,259;1;0,0382;0,000249;0,83;0,0981;0,796;172,763;222493;4;58,54304;12;0;5
853-5937;Squeeze;spotify:track:4fgdmao6qyUZRE1M2HapES;0,711;0,421;2;-13,222;1;0,0264;0,548;0;0,268;0,803;103,934;197173;4;40,01009;10;1;5
9 To 5;Dolly Parton;spotify:track:4w3tQBXhn5345eUXDGBWZG;0,554;0,783;6;-5,852;1;0,0457;0,416;1,54E-06;0,631;0,813;105,39;162467;4;25,12092;7;1;5
A Carrot Is As Close As A Rabbit Gets To A Diamond - 2006 Digital Remaster;Captain Beefheart & His Magic Band;spotify:track:3ms17iWVIXFB65l2QnJjh4;0,767;0,11;0;-16,2;1;0,0864;0,947;0,855;0,0686;0,673;101,845;98128;3;50,38475;4;0;5
A Cry Is Heard;Demolition Man;spotify:track:6ceADw5iR5Bcbd2q457lG8;0,665;0,595;0;-9,548;0;0,162;0,529;0;0,337;0,671;76,741;241907;4;42,25544;10;0;5
A Day Together - Somewhere In Time/Soundtrack Version;John Barry;spotify:track:0yWDaKOFVtbBztfEGE8TLH;0,0914;0,155;0;-18,33;1;0,0359;0,924;0,838;0,102;0,0635;83,973;368773;3;42,33891;17;0;5
A Fine Fine Day;Tony Carey;spotify:track:5091oN6DGFSX8vfZsJyJij;0,639;0,579;8;-9,326;1;0,0342;0,0591;0,00394;0,769;0,754;113,225;265600;4;49,92918;13;1;5
A Little Good News;Anne Murray;spotify:track:5dFkgiFjPIsY7HWxsAV5h3;0,609;0,471;0;-8,115;1;0,036;0,558;0;0,0277;0,546;71,217;188307;4;22,53554;9;1;5
A Love Song;Kenny Rogers;spotify:track:3UAbTey1XDtdb9EKQq1lXf;0,411;0,182;1;-18,777;1;0,0333;0,787;5,97E-05;0,14;0,18;173,201;197707;4;30,25838;11;1;5
A Rafael de León;Carlos Cano;spotify:track:55qLODghCA6T8nkHC4jZHA;0,382;0,308;4;-9,938;1;0,0389;0,96;5,57E-05;0,108;0,323;93,252;350267;4;34,30581;16;0;5
A Rock And A Hard Place;Sisters of Mercy;spotify:track:5qlHGUwHMgO0x9iQ7R7wV2;0,676;0,94;0;-14,304;1;0,0411;0,00785;0,228;0,122;0,814;133,734;215467;4;38,92427;10;0;5
A Trick Of The Night;Bananarama;spotify:track:23uzQCHKEArHACuIZ9598I;0,605;0,81;5;-4,956;1;0,0248;0,0861;0,000707;0,424;0,74;112,198;248573;4;54,08498;10;1;5
A World Without Heroes;KISS;spotify:track:2bCBrhZdfdHnDucyQcyp42;0,588;0,361;4;-9,475;0;0,0314;0,577;4,76E-06;0,132;0,396;115,311;160667;4;42,81683;9;1;5
Aaj Sanwariya;Kanchan;spotify:track:2YZlMlkfJXP35Jmb7DZNU9;0,688;0,526;1;-12,186;1;0,0357;0,267;0,000239;0,27;0,868;106,672;261747;4;56,93683;13;0;5
Abacab;Genesis;spotify:track:10ThhPNj7E31iHGR0jTfeP;0,702;0,687;0;-9,25;1;0,032;0,0195;0,329;0,076;0,175;130,711;418147;4;28,44475;18;1;5
Abadabadango;Kim Carnes;spotify:track:6Xh5kq8X2wd5RIGrC8VFGF;0,627;0,936;2;-7,935;1;0,0406;0,126;0;0,131;0,818;127,945;228507;4;30,95;14;1;5
Açaí;Gal Costa;spotify:track:0P44GGC0uTNGqgIU7l6YLh;0,386;0,279;3;-17,136;1;0,047;0,752;0;0,194;0,533;172,294;180533;4;24,60616;8;0;5
Addicted To Love;Robert Palmer;spotify:track:5izGeTxueiFX1UPFGohY9w;0,702;0,578;2;-13,415;1;0,031;0,382;5,89E-06;0,0425;0,975;111,617;363640;4;40,80441;19;1;5
Addiction;Skinny Puppy;spotify:track:0TVjpDJ9Vxjg8W4yeYE5A6;0,642;0,791;2;-12,816;1;0,034;0,007;0,000603;0,198;0,581;109,669;361333;4;24,17049;17;0;5
After You;Dionne Warwick;spotify:track:5Cxv11eVuzxA2uQGlEIitQ;0,354;0,316;2;-9,798;1;0,0262;0,137;4,21E-05;0,111;0,215;65,833;241440;4;21,88173;10;1;5
Aisi Lagi Lagan;Anup Jalota;spotify:track:3V2CghQkKYjsbm24tAWJtn;0,622;0,525;3;-10,969;0;0,0478;0,826;0;0,121;0,54;130,024;319627;3;24,41749;11;0;5
Akiwowo;Babatunde Olatunji;spotify:track:1YYeZRDm9jyew2sG3Nqt4b;0,605;0,814;4;-15,433;0;0,0467;0,0118;0,122;0,0411;0,823;115,71;465640;4;77,99401;20;0;5
Albtraum;Slime;spotify:track:3aX91W3YjctFmddWCJXpXy;0,282;0,984;0;-4,711;1;0,169;0,00466;0,00185;0,735;0,175;112,375;179413;4;50,64747;8;0;5
All Cried Out;Lisa Lisa And Cult Jam With Full Force Featuring Paul Anthony & Bow Legged Lou;spotify:track:0046quUYhSAFccrKIC3Iht;0,48;0,435;1;-9,959;1;0,0305;0,207;5,83E-06;0,196;0,328;144,435;284973;4;22,2119;14;1;5
All My Life;Kenny Rogers;spotify:track:3YWulDdpSxw6fKKLmUP2pa;0,263;0,379;5;-12,391;1;0,0314;0,319;1,05E-06;0,128;0,0907;176,241;233773;4;23,88757;9;1;5
All Night With Me;Laura Branigan;spotify:track:53AzqGDlUTHQX2nHPrcX9n;0,64;0,499;7;-6,093;1;0,031;0,289;3,86E-05;0,0955;0,306;82,401;232106;4;28,05109;10;1;5
All Over The World;Trouble Funk;spotify:track:3NpSV8rzfwPyuzunwTe0XG;0,789;0,556;7;-13,494;1;0,0851;0,0571;2,09E-06;0,0631;0,928;95,354;256000;4;41,30688;14;0;5
All Right;Christopher Cross;spotify:track:5tE2kEW1Jom3Qc93UPBT79;0,711;0,647;6;-5,225;0;0,0353;0,17;0;0,234;0,504;132,752;253653;4;28,58522;10;1;5
All This Love;Debarge;spotify:track:6ABtlkvl08XQo6Xu24FJaf;0,452;0,674;5;-5,636;0;0,0355;0,151;1,09E-06;0,094;0,428;187,159;352587;4;31,5658;17;1;5
All Those Years Ago;George Harrison;spotify:track:32fKHW6Eac4yBXn9WY7Aic;0,555;0,639;2;-6,832;1;0,033;0,137;1,98E-05;0,0733;0,518;125,77;227320;4;41,1398;11;1;5
All Through The Night;Cyndi Lauper;spotify:track:2CIDqYfIYfl9vx02wIyCG9;0,573;0,65;8;-5,934;1;0,0257;0,201;1,58E-06;0,048;0,346;95,1;272840;4;26,69016;10;1;5
All Touch;Rough Trade;spotify:track:2weRgumdjR4weGfvmjS1v3;0,755;0,493;11;-16,184;0;0,038;0,0141;3,77E-06;0,0765;0,868;136,622;212667;4;25,19648;11;1;5
All You Gotta Do Is Say;The Prisoners;spotify:track:0Am4m8SBquJ2MrTfjBxeBf;0,152;0,76;2;-7,993;1;0,0458;0,0726;3,63E-05;0,132;0,424;169,815;154280;4;40,28557;8;0;5
All-Boy All-Girl;Arthur Russell;spotify:track:1WaTs5OShZF8n3xgFrVYDD;0,768;0,191;5;-19,233;0;0,046;0,2;0,207;0,216;0,439;138,798;223600;4;47,92506;9;0;5
Alphabet St.;Prince;spotify:track:1ZKRSod81afokMnynrquOE;0,813;0,925;0;-8,405;1;0,0811;0,326;0,287;0,259;0,667;104,323;145013;4;37,90064;7;1;5
Always On My Mind;Pet Shop Boys;spotify:track:2SWn864dJI5RNyrp3F4Kp1;0,533;0,889;7;-4,566;1;0,0362;0,00366;0,0593;0,338;0,579;124,768;237653;4;34,86905;9;1;5
Always Returning - Remastered 2005;Brian Eno;spotify:track:1ps5sx71OhHiBVmGiKQSne;0,299;0,114;10;-24,355;1;0,042;0,687;0,859;0,0764;0,131;70,729;244181;4;32,8776;9;0;5
Always There For You;Stryper;spotify:track:59hnyuDKrI9e1F4GimuDQ9;0,539;0,727;8;-9,945;1;0,0313;0,00269;5,39E-05;0,0496;0,577;117,577;250040;4;38,37454;11;1;5
Amar y Querer;José José;spotify:track:1FJhxxsnp9JLvMJIHNvGtF;0,484;0,32;9;-15,424;0;0,0331;0,743;0;0,756;0,338;66,292;186667;4;22,68051;8;0;5
Amor de Medianoche;Luis Enrique;spotify:track:2ifRgfHS9i7GUckSgS0y68;0,548;0,546;7;-10,971;1;0,0457;0,54;4,25E-05;0,0947;0,831;103,736;341693;4;32,45677;15;0;5
Amor y Alegria;Luis Enrique;spotify:track:5YUmhkyMofjeZF24IagoGU;0,645;0,629;2;-9,57;1;0,0399;0,367;3,94E-06;0,15;0,894;93,143;290373;4;46,48428;14;0;5
An Ending (Ascent) - Remastered 2005;Brian Eno;spotify:track:1vgSaC0BPlL6LEm4Xsx59J;0,257;0,0906;8;-25,381;1;0,07;0,932;0,985;0,0786;0,0451;67,46;266200;3;43,42517;11;0;5
And Love Goes On;Earth, Wind & Fire;spotify:track:4fLyo0TfSm6eZuYpK33Wye;0,72;0,626;11;-10,509;1;0,035;0,201;4,57E-05;0,0575;0,913;123,029;244787;4;32,63337;13;1;5
And The Night Stood Still;Dion;spotify:track:59pDN7GbnAgrMNHk5Cb7ua;0,672;0,669;4;-12,357;1;0,0272;0,0315;0;0,12;0,895;127,39;270307;4;80,27888;13;1;5
And the Same;Fugazi;spotify:track:6JPcT2uMbQzmdp6VJFa9bA;0,387;0,875;4;-5,144;0;0,0536;0,0027;0,41;0,396;0,77;133,35;207093;4;20,25968;9;0;5
Anguish;Psyche;spotify:track:40FoLHHrNVqkZQ0oav8Jxv;0,834;0,667;9;-13,074;0;0,0666;0,00885;0,0122;0,128;0,375;120,056;202840;4;17,977;10;0;5
Ansinnen;Roedelius;spotify:track:3vOraJTngFyGkWyFdLRlKL;0,239;0,133;11;-14,488;1;0,0416;0,97;0,00026;0,157;0,141;65,268;62150;4;23,09348;3;0;5
Answering Machine;Rupert Holmes;spotify:track:5Qo14bQqTK9iGbf2g6JUjL;0,775;0,488;0;-15,044;1;0,123;0,24;0;0,0368;0,961;81,158;215200;4;28,65643;9;1;5
Anti-Nuclear Blues;Louisiana Red;spotify:track:0TYWd4mJybsMFwYwwOYneU;0,62;0,109;2;-18,929;1;0,065;0,769;8,69E-05;0,118;0,393;171,355;223667;4;26,16769;12;0;5
Apollo Jazz;Éric Serra;spotify:track:5r2kqKuAxrVhA5OtFB0YdE;0,592;0,444;0;-10,089;1;0,0251;0,522;0,0092;0,261;0,385;129,967;152547;4;32,21744;7;0;5
Apparition de l'Eglise Eternelle;Olivier Messiaen;spotify:track:2xYFaM5oEDrYkZCEj2KPEY;0,0687;0,11;5;-13,857;1;0,0357;0,205;0,775;0,0922;0,0293;76,92;686160;4;73,57086;35;0;5
Århundradets brott;Imperiet;spotify:track:6X0qFb1vmFoSZoHyZhUZci;0,702;0,566;7;-9,148;1;0,0271;0,00411;0,00276;0,297;0,77;116,228;321307;4;38,86786;16;0;5
Armageddon It;Def Leppard;spotify:track:16MQZkAIAAtI4X5NuiEwuq;0,65;0,921;9;-6,014;1;0,0359;0,000798;0,0298;0,134;0,648;119,8;322867;4;25,35654;17;1;5
As The Rhyme Goes On - Pumpin' The Turbo - Chad Jay In Effect Version;Eric B. & Rakim;spotify:track:5ZZ28lPEooHaxMPEV14ICC;0,821;0,765;1;-8,567;1;0,227;0,00726;0,00933;0,381;0,598;92,815;370360;4;44,4724;17;0;5
Ask Me;Beat Happening;spotify:track:1o8KxhMZfYLxMOoxw8uA9R;0,648;0,0954;8;-15,103;1;0,115;0,896;0;0,343;0,338;109,434;58760;4;37,14575;4;0;5
Assult Attack;Brighton Rock;spotify:track:03MRsjdYOvP4XLpyuOwdTO;0,444;0,633;7;-14,882;1;0,0371;0,0148;0,000106;0,197;0,347;131,154;256507;4;58,91569;11;0;5
At This Moment;Billy Vera & The Beaters;spotify:track:6LDRTOMCSx81hKXAk1LuHd;0,578;0,286;6;-7,371;1;0,0421;0,864;2,68E-05;0,168;0,16;80,975;234507;3;57,16956;7;1;5
Athol-brose;Cocteau Twins;spotify:track:6FwoAekQelrCxhP9tVu1ju;0,481;0,625;5;-5,816;1;0,0383;0,000574;0,788;0,124;0,437;120,078;179280;4;40,73267;8;0;5
Autograph;John Denver;spotify:track:5dG5bJ3e2cTRpNPZNnP8yt;0,472;0,259;7;-14,038;1;0,0278;0,275;0,000341;0,105;0,492;84,451;220040;4;45,88284;11;1;5
Avec le temps;Léo Ferré;spotify:track:4cncK4CmE3lW8DMCsj2494;0,403;0,18;9;-14,629;0;0,0359;0,87;0,00866;0,116;0,153;116,178;264267;3;31,0005;14;0;5
Ay Amor;Ana Gabriel;spotify:track:0fC6Szw2CX8XZYsydOLmVC;0,485;0,528;6;-12,048;1;0,0331;0,463;0;0,0755;0,382;149,119;201040;4;24,17975;13;0;5
Azul;Gal Costa;spotify:track:6VeAUISn8bNaW4OUa2oWi2;0,662;0,441;2;-14,524;0;0,0374;0,78;3,30E-05;0,312;0,766;119,88;223800;4;65,00914;8;0;5
B Minor Waltz - Remastered;Bill Evans;spotify:track:5S10I8WhtpaT3uS7AaPYZG;0,348;0,194;11;-16,429;0;0,0437;0,938;0,934;0,131;0,101;76,568;196027;4;20,7075;10;0;5
Baby Come To Me;Regina Belle;spotify:track:0bn2lpkVhI3Vp9d0g0q8W9;0,381;0,707;0;-8,869;0;0,162;0,104;0;0,369;0,605;167,817;249973;4;57,13869;13;1;5
Back To The Bullet;Saraya;spotify:track:0vFOxSmQ2DvSlqeicQFGZO;0,406;0,779;1;-8,454;0;0,0337;0,0261;2,71E-06;0,115;0,47;106,018;229840;4;25,29697;11;1;5
Baltic Ice: Breaker;bel canto;spotify:track:113dw8kaFLjjIOSHz63Nib;0,522;0,315;11;-16,892;0;0,0311;0,898;0,639;0,404;0,216;99,334;283413;4;33,52728;11;0;5
Bang The Drum All Day;Todd Rundgren;spotify:track:54EvqHberbpzMu7nu8hs9S;0,639;0,752;2;-12,454;1;0,0451;0,541;0;0,0453;0,966;143,086;215400;4;50,14833;10;1;5
Barricade - 1985 Recording;Brighton Rock;spotify:track:64VElWePQ7BS7buY5paP52;0,636;0,873;11;-7,487;0;0,0423;0,112;0;0,133;0,619;133,912;182573;4;46,95242;7;0;5
Basketball;Kurtis Blow;spotify:track:6IXANTg9CWP73yEXqTHkBx;0,875;0,508;7;-12,308;1;0,0832;0,0209;0,00261;0,227;0,82;104,361;386040;4;35,30126;18;1;5
Batman Theme Reprise;Danny Elfman;spotify:track:7nAekyCLAz6FQjG5RlNbb7;0,357;0,407;5;-16,173;0;0,0353;0,545;0,927;0,0766;0,175;73,54;87707;4;22,43842;4;0;5
Battleship Chains;The Georgia Satellites;spotify:track:0dJEQ01IPN4ukqRsPrm4ab;0,502;0,87;0;-7,705;1;0,0324;0,000522;0,00299;0,39;0,877;130,405;177215;4;28,90195;12;1;5
Be Bop Logic;Artefact;spotify:track:6Es3vXVZBENhjbtZTitAAW;0,781;0,819;2;-8,314;1;0,137;0,297;0,00092;0,174;0,916;91,888;122506;4;40,67611;5;0;5
Beat Of A Heart;Scandal Featuring Patty Smyth;spotify:track:0OfVwXZDV0hCzZkLORQP9R;0,61;0,551;2;-13,003;0;0,0471;0,0323;3,43E-05;0,0909;0,754;128,516;285600;4;30,90346;12;1;5
Before I Go;Starship;spotify:track:5yYYnayajHu9jM6CPo3NmO;0,744;0,816;9;-4,968;1;0,0367;0,124;0;0,343;0,623;115,388;314853;4;54,97738;9;1;5
Being With You;Smokey Robinson;spotify:track:5khAYmr8HHFwI3sp0Lw9wp;0,649;0,434;0;-9,529;0;0,0267;0,764;2,44E-06;0,0822;0,572;108,754;246960;4;53,18318;7;1;5
Bermuda;Roky Erickson;spotify:track:4JYS8uR1YdfDwcpC1sZ7Bj;0,314;0,915;4;-6,537;1;0,169;0,0151;1,92E-05;0,347;0,682;160,406;192387;4;53,75095;10;0;5
Betcha Say That;Gloria Estefan & Miami Sound Machine;spotify:track:6k6bwPqngQMFBpoimRV7ID;0,812;0,696;3;-11,087;1;0,046;0,418;0,0103;0,471;0,863;124,995;276667;4;40,33516;11;1;5
Bette Davis Eyes;Kim Carnes;spotify:track:0odIT9B9BvOCnXfS0e4lB5;0,675;0,649;5;-10,271;1;0,0319;0,0204;0;0,0959;0,596;116,624;228000;4;42,02573;9;1;5
Better Be Good To Me;Tina Turner;spotify:track:4N5HyZ1PlXuP6sryIa4hOQ;0,748;0,722;8;-6,499;1;0,0347;0,0344;0,0164;0,0857;0,835;120,678;312387;4;44,48006;15;1;5
Betty And Dupree's Blues;Sonny Terry;spotify:track:7IkEl1cii6VumSmWsmNJCL;0,377;0,142;5;-15,266;1;0,0345;0,783;0,000723;0,186;0,481;80,082;374440;4;34,93304;18;0;5
Between the Lines;Flamin' Groovies;spotify:track:5kKnDzFmC3PaPu9ncdxren;0,48;0,843;9;-9,133;1;0,0392;0,000232;0,0936;0,102;0,608;137,48;255173;4;57,6442;10;0;5
Big Dumb Sex;Soundgarden;spotify:track:4Ga9JTnUnuI0Tm00ouOjvL;0,268;0,849;6;-9,531;0;0,0633;0,00454;0,000574;0,547;0,499;175,497;251040;4;31,92326;12;0;5
Big Mistake;Peter Cetera;spotify:track:4xP9idy2nfJTJMnba8LY55;0,729;0,648;1;-13,057;0;0,0304;0,0743;0,0065;0,115;0,882;134,603;342560;4;54,85317;17;1;5
Big Spike Hammer;The Bluegrass Album Band;spotify:track:0rs8TrBde7bahZ3mt0y8kV;0,597;0,566;11;-12,943;1;0,0335;0,508;0,0137;0,174;0,854;121,984;181307;4;41,23707;10;0;5
Black Dog;Newcity Rockers;spotify:track:3F92HdpLwf09U4qBPegoCs;0,55;0,747;9;-8,687;0;0,0328;0,000669;0,000414;0,0831;0,805;95,476;238167;4;57,39448;9;1;5
Blaze Of Glory;Kenny Rogers;spotify:track:0WCCGUX0xb3I7yl0x5MAxq;0,589;0,445;2;-11,557;1;0,0895;0,269;0;0,0556;0,671;177,665;153867;4;31,41714;9;1;5
Blind Hearts;Clan of Xymox;spotify:track:5tdN5yvx0qPq1PCKS76bLW;0,538;0,803;7;-9,98;1;0,0386;0,00253;0,598;0,309;0,429;126,165;261307;4;50,31121;13;0;5
Bluegrass Itch;David Grier;spotify:track:5QdNXSlzJFS4U1BxBaSRRm;0,419;0,582;2;-16,638;1;0,0317;0,586;0,972;0,21;0,968;148,662;141907;4;26,96939;8;0;5
Bluest Man In Town;Bill Monroe;spotify:track:6sQPv702DO9qADqgIordF5;0,418;0,179;11;-18,806;1;0,035;0,591;0,000255;0,0751;0,49;97,378;245707;3;89,09759;10;0;5
Body and Soul - 1996 Remastered - Take 2;Benny Goodman Trio;spotify:track:44A3gCwhADwREEqnG2Yj5o;0,676;0,0905;10;-21,941;0;0,0387;0,995;0,896;0,122;0,551;95,975;207400;4;24,23485;12;0;5
Bonfire;Beat Happening;spotify:track:7IaH0iCAhXKk2wWhXjya1p;0,508;0,625;9;-9,736;0;0,032;0,162;0,786;0,139;0,821;80,27;192933;4;57,71543;7;0;5
Boogie on Go-Go Woman - Live;Chuck Brown and the Soul Searchers;spotify:track:2NHLjxMzNonl1Vx4eUloGV;0,61;0,87;1;-12,198;1;0,0415;0,00636;0,802;0,0819;0,889;90,465;422600;4;20,96717;20;0;5
Book's Sorrow;Maurice Jarre;spotify:track:4qkbNfUiMczBoKHmxpABCQ;0,157;0,0802;11;-21,306;0;0,0343;0,774;0,981;0,0995;0,0713;60,863;166000;4;32,68518;6;0;5
Born In East L.A.;Cheech & Chong;spotify:track:4bsKq1IYsd4lt3UsegYigL;0,619;0,659;0;-11,89;1;0,0491;0,265;0;0,163;0,731;121,679;292827;4;33,01431;16;1;5
Bottle of Smoke;The Pogues;spotify:track:1UEM1odhWQbVoUMw4WkZdR;0,44;0,82;0;-12,919;1;0,0385;0,0416;0,000212;0,0964;0,941;147,853;167333;4;47,33817;8;0;5
Bound to Fail;Accept;spotify:track:2yWt8SwMucAsGHskhiwR7s;0,199;0,786;7;-11,602;1;0,0624;0,0101;0,0232;0,152;0,595;114,229;306360;4;41,46746;12;0;5
Boys Do Fall In Love;Robin Gibb;spotify:track:3kkWD4jESZLL9eXrzJypGH;0,829;0,604;0;-14,044;1;0,0304;0,118;1,62E-05;0,0746;0,881;125,332;227281;4;34,73104;12;1;5
Boys from the County Hell;The Pogues;spotify:track:5rjkL3TSzZTCDUA1SqWB6U;0,529;0,781;7;-8,54;1;0,0586;0,0208;0;0,157;0,667;136,082;176453;4;63,20191;6;0;5
Brilliant Disguise;Bruce Springsteen;spotify:track:0nqbZ17t9v52SCemAm1QP0;0,703;0,726;9;-12,438;1;0,029;0,152;1,45E-06;0,0319;0,949;126,353;254840;4;56,38817;11;1;5
Bringin' On The Heartbreak;Def Leppard;spotify:track:7iEVmnzJr1V7duYKPWplzp;0,329;0,676;9;-9,036;0;0,0324;0,0366;0;0,18;0,529;78,217;273733;4;45,3859;8;1;5
Broken Home. Broken Heart;Hüsker Dü;spotify:track:2Twggsyx88sGi0kDLdjhQF;0,354;0,987;11;-10,938;0;0,0632;0,00054;9,22E-05;0,363;0,223;117,112;124507;4;35,16435;8;0;5
Broken Wings;Mr. Mister;spotify:track:78FHUZRbFDCG6VkRAQdFLm;0,286;0,5;1;-14,281;0;0,0357;0,134;4,57E-05;0,108;0,443;99,162;343933;4;13,30716;16;1;5
Brooklyn Girls;Robbie Dupree;spotify:track:2yzzxCBnrIq9etWnMsJi27;0,644;0,637;4;-8,859;1;0,0308;0,216;2,60E-06;0,13;0,767;121,908;205240;4;69,17045;8;1;5
Brunettes Are No Puppets;Lio;spotify:track:0gvxs4RhbUMEUH4PR7rzT6;0,689;0,656;7;-10,625;1;0,0282;0,0362;5,78E-06;0,218;0,965;125,885;189080;4;40,87991;10;0;5
Buffalo Stance;Neneh Cherry;spotify:track:3XWgwgbWDI56mf1Wl3cLzb;0,708;0,627;1;-11,155;1;0,0614;0,0113;3,13E-05;0,338;0,764;107,248;342360;4;29,36683;11;1;5
Burning Down The House;Talking Heads;spotify:track:2VNfJpwdEQBLyXajaa6LWT;0,779;0,87;5;-13,141;0;0,0574;0,00644;0,0107;0,0399;0,555;102,689;241920;4;48,78729;11;1;5
Burning Star;Helstar;spotify:track:5mcFpUiReW01p621kppweF;0,231;0,971;2;-4,072;1;0,205;0,000278;3,56E-06;0,108;0,338;168,403;228307;4;38,47396;14;0;5
Call of the Wighat;The Cramps;spotify:track:1ymfQPQqHUdrWdHdABX477;0,49;0,987;9;-4,541;0;0,0672;0,314;0,256;0,842;0,29;120,176;227400;4;90,744;9;0;5
Calm Rain & Thunder;Nataural;spotify:track:5YCjqLqlu3n2BRgUfEA4PZ;0,112;0,725;9;-19,286;1;0,0648;0,00189;0,777;0,555;0,0273;85,106;197045;3;35,18656;10;0;5
Calming Sea;Nataural;spotify:track:5Toui59DipyRPRzfgiqLlY;0,081;0,963;1;-11,845;1;0,0772;0,138;0,00288;0,377;1,00E-05;167,558;110910;1;26,1916;7;0;5
Can You Feel It;Mr. Fingers;spotify:track:1UGrnOJ6ax4bCgowtem48A;0,654;0,605;11;-10,795;1;0,0494;0,212;0,925;0,0931;0,708;112,177;353802;4;52,44135;15;0;5
Cannonball;Supertramp;spotify:track:7AW4T7G3e8VsZ8D7jV1hMr;0,76;0,728;2;-9,766;0;0,0347;0,182;0,0808;0,0901;0,801;127,213;458083;4;30,33693;21;1;5
Can't Stop;Rub A Dub;spotify:track:5qnMRX35wJW7Fxl8VRenB9;0,808;0,718;1;-9,797;1;0,0536;2,23E-05;0,945;0,0527;0,16;126,016;396200;4;30,95359;14;0;5
Can't We Try;Teddy Pendergrass;spotify:track:16fL0EBjZAqAVASav7A6Rl;0,477;0,375;4;-12,549;0;0,0535;0,676;0;0,144;0,301;129,894;303720;4;45,85131;16;1;5
Can'tcha Say (You Believe In Me)/Still In Love;Boston;spotify:track:7bMo7aljgbqpiOMSkwgkEN;0,337;0,434;3;-14,403;1;0,0435;0,559;0,000368;0,106;0,175;123,486;312773;4;36,57663;9;1;5
Canvas Home;Arthur Russell;spotify:track:48325rJQBoR9psbFG9FY0S;0,313;0,289;10;-20,774;1;0,0474;0,257;0,131;0,119;0,424;148,52;154000;4;29,23575;8;0;5
Carneval Of The Four;Pierre Favre;spotify:track:3FlCHJ18d7yF16cnVE1A8v;0,521;0,275;1;-25,016;1;0,0488;0,0677;0,904;0,108;0,265;136,451;371800;4;57,50295;14;0;5
Castles In The Air;Don McLean;spotify:track:3sT8Pu1fKLh8dwYUy52hg1;0,466;0,547;4;-11,597;1;0,0373;0,314;5,28E-05;0,282;0,737;84,363;223200;4;62,70852;8;1;5
Catch Me I'm Falling;Real Life;spotify:track:3Guz2ytmxqThnnJGHwXviA;0,574;0,803;10;-6,866;1;0,052;0,000176;0,0456;0,246;0,771;84,791;245467;4;32,06669;11;1;5
Catholic Sex;Throbbing Gristle;spotify:track:5JDfKVyaGVXyYUrznYiSZD;0,481;0,843;1;-13,696;1;0,3;0,526;0,925;0,924;0,299;93,154;487588;4;27,88475;19;0;5
Cats and Dogs;Nataural;spotify:track:08exIus3bdnnMa3rL3yr6l;0,204;0,000276;2;-10,371;1;0,104;1,99E-05;0,965;0,648;0,0315;85,775;162702;4;37,81275;8;0;5
C'est La Vie;Robbie Nevil;spotify:track:7nx6bmfojpAW4SCwoZM13B;0,726;0,809;7;-12,356;1;0,0541;0,559;0,00029;0,845;0,552;102,123;270307;4;139,13356;7;1;5
Chal Gayee;Kanchan;spotify:track:1XNg77BkaOEW3OsUDUc7T9;0,595;0,693;7;-11,009;1;0,173;0,35;9,12E-06;0,569;0,834;147,455;265880;4;40,83106;14;0;5
Change The Track - Micaliami Hip House Mix;Brooklyn Funk Essentials;spotify:track:61nSA9zz4ei55isaATYCkQ;0,815;0,891;4;-7,371;0;0,106;0,0123;0,24;0,404;0,415;120,456;238423;4;35,40511;11;0;5
Changes (Dub Dub);Divine Sounds;spotify:track:6cPXOeLIUu1KQDJGKlhgQe;0,78;0,575;10;-8,51;0;0,0642;0,00194;0,315;0,124;0,658;112,088;383641;4;29,10143;14;0;5
Chehra;Nazia Hassan;spotify:track:6EsfKavloPJN5rtH09lbyF;0,454;0,499;9;-11,806;1;0,0285;0,441;3,16E-05;0,0767;0,351;143,841;265977;4;79,30886;11;0;5
Children's Playtime;Tony Kinsey;spotify:track:2A0f2C0vKHhnzJrwfZr7dC;0,639;0,474;0;-18,475;1;0,0415;0,306;0,813;0,142;0,553;121,652;176838;4;33,04865;9;0;5
China;Red Rockers;spotify:track:2ws33FRyUcuvDnNgz5VfwZ;0,432;0,728;2;-7,19;1;0,041;0,00172;1,90E-05;0,253;0,666;147,783;241573;4;40,46261;11;1;5
C-I-T-Y;John Cafferty & The Beaver Brown Band;spotify:track:5NkOX5hXQZuJh0ksKjEg9S;0,517;0,821;5;-10,061;1;0,0437;0,196;0;0,101;0,925;178,906;215627;4;21,90459;11;1;5
Closer To Fine;Indigo Girls;spotify:track:7rKyITVLEwldhdXIy7P6Vw;0,54;0,677;9;-6,349;1;0,0286;0,368;0;0,224;0,748;98,339;241600;4;34,0828;12;1;5
Cocaine Blues;Dave Van Ronk;spotify:track:6t5lUqUP4okIeVOnn6t3qt;0,604;0,103;1;-19,879;1;0,0401;0,89;0,000158;0,113;0,347;121,386;256173;4;96,62233;10;0;5
Coincidir;Mexicanto;spotify:track:7xPi5nwHNB12Dup5m1KmqW;0,497;0,235;2;-13,42;1;0,0379;0,962;0,00706;0,111;0,295;168,637;164160;4;51,1667;8;0;5
Coisas Do Brasil;Leila Pinheiro;spotify:track:69nhiQPKl4zwvshKYecjsU;0,735;0,286;5;-16,86;1;0,0339;0,66;0,0107;0,0873;0,417;120,438;264893;4;63,77373;10;0;5
Comin' In And Out Of Your Life;Barbra Streisand;spotify:track:1ewTd6py4ifeRxoFH0HXlu;0,305;0,295;1;-14,085;1;0,0392;0,804;1,67E-05;0,073;0,185;139,8;248667;4;69,47631;7;1;5
Coming Home;The Prisoners;spotify:track:5TIDml5jAYo5bvnrthzfxn;0,292;0,812;6;-9,326;0;0,0512;2,30E-05;0,000581;0,239;0,813;97,394;151133;4;21,0004;8;0;5
Coming Up (Live At Glasgow);Paul McCartney And Wings;spotify:track:0Ix1999mTT1A3TF6Bywgv5;0,578;0,751;9;-7,803;1;0,0366;0,147;0,000499;0,627;0,684;137,023;248933;4;27,48507;12;1;5
Concerto No. 2 for Flute and Orchestra. Op. 111: I. Allegro moderato;Malcolm Arnold;spotify:track:4lJ5xsUeKpgbAiujOsrYDo;0,302;0,0537;9;-26,761;0;0,0463;0,961;0,754;0,148;0,04;124,211;351867;4;28,57359;19;0;5
Congé Technique;Verckys & L'Orchestre Vévé;spotify:track:3aHbe4hyQAj2l7iNj7GC2V;0,512;0,694;1;-10,989;1;0,358;0,104;0,011;0,0976;0,925;121,484;602143;4;23,97348;30;0;5
Consolacao;Baden Powell;spotify:track:2WVxNigxPoJvKCqpLrDmDs;0,428;0,16;10;-25,132;1;0,0492;0,876;0,877;0,112;0,8;94,34;147818;4;34,38034;9;0;5
Cool Change;Little River Band;spotify:track:1RaUxP6LHVAgbmLOn2naLl;0,388;0,368;9;-10,984;1;0,0289;0,319;2,02E-06;0,0992;0,175;128,527;313320;4;27,96229;10;1;5
Corazón de Sirena;Carlos Cano;spotify:track:4cIFVfihDtvoJ51cfLqeWw;0,692;0,221;11;-17,325;0;0,0427;0,91;0,000437;0,211;0,338;130,029;248667;4;76,17122;7;0;5
Corona;Minutemen;spotify:track:2LUVo82IKIpCuBNSaqF0G8;0,47;0,913;7;-10,196;1;0,0343;6,59E-05;0,267;0,222;0,977;130,425;145533;4;38,47022;5;0;5
Coumba;Orchestra Baobab;spotify:track:2hRkoolB3umU4SviReUK4R;0,655;0,304;3;-15,005;1;0,0375;0,751;0,0052;0,092;0,442;82,465;462560;4;23,18097;23;0;5
Count to Three;Red Flag;spotify:track:24nyr0lIPIeNImxte2ruMR;0,684;0,871;1;-11,626;1;0,0359;5,78E-05;0,198;0,0694;0,71;129,752;263427;4;104,11175;8;0;5
Country Boy;Otis Spann;spotify:track:3lROd1nVC5iWoWyvhWPjca;0,434;0,417;0;-10,019;1;0,0309;0,991;0,36;0,189;0,498;71,622;267760;4;13,67147;12;0;5
Countryfied Inner City Blues;The Suicide Twins;spotify:track:2rjV47ddV799mKc5hujIWN;0,668;0,631;4;-13,6;0;0,0472;0,23;2,89E-06;0,38;0,694;113,814;259893;3;55,65929;11;0;5
Cozy Rain Sound;Nataural;spotify:track:7yH7X7ge4uWxfAx1Gxshpg;0,214;0,972;1;-10,721;1;0,126;0,0845;0;0,841;0,0268;120,869;164699;4;28,12206;11;0;5
Crazay;Jesse Johnson (Featuring Sly Stone);spotify:track:4lLlcw6MrW2tDwybsuu5wu;0,778;0,917;1;-10,775;1;0,0585;0,0602;0,000323;0,119;0,56;113,438;241893;4;29,26889;12;1;5
Crazy;The Manhattans;spotify:track:3TFOWJpcPUaKmVfRXM3uoK;0,847;0,487;8;-12,124;0;0,064;0,0776;6,66E-05;0,342;0,898;110,966;295240;4;23,3246;15;1;5
Crazy For You;Madonna;spotify:track:6B4oVElDIKRNcNUary0WG7;0,662;0,719;9;-6,606;1;0,0298;0,107;0;0,102;0,511;95,001;224320;4;24,17403;12;1;5
Credit Racket - Live;Laurie Anderson;spotify:track:3tRXxzLLYWvxvolvX0v2Ud;0,299;0,34;10;-17,856;1;0,0404;0,772;0,426;0,374;0,306;116,266;211693;4;44,8083;12;0;5
Cross My Heart;Lee Ritenour;spotify:track:1DxX1D2pug5lSaf5XXjwuq;0,855;0,438;11;-12,563;0;0,0359;0,0231;0,000362;0,0537;0,944;120,405;226640;4;32,94526;10;1;5
Crown The Queen;Harvey Reid;spotify:track:2Og8TTDHu9cSh4mXatveCC;0,442;0,321;5;-12,486;1;0,0364;0,281;0,0119;0,103;0,207;138,294;210027;4;18,90062;11;0;5
Crystal Ball;Yngwie Malmsteen;spotify:track:6C3BPDXuHFRbCWsTk4eNPU;0,406;0,777;8;-11,498;1;0,059;0,087;1,63E-05;0,196;0,456;131,109;295507;4;41,44096;12;0;5
Cuando Cuando;Tito Rodriguez;spotify:track:69h89lYuCD1jjIUXkssxjd;0,585;0,7;5;-7,064;0;0,0422;0,534;1,03E-05;0,282;0,654;103,78;181603;4;51,24926;8;0;5
Cuando Sale la Luna;José Alfredo Jimenez;spotify:track:2vDaSr8NzCzG2rFtqup2Kq;0,472;0,172;9;-18,132;0;0,0449;0,809;0;0,103;0,504;106,875;185307;4;47,64277;9;0;5
Cuatro Caminos;José Alfredo Jimenez;spotify:track:2z79qCDpc8W5V3WaG3LOHC;0,606;0,215;5;-16,545;1;0,0522;0,957;0;0,178;0,837;98,156;150400;3;31,54768;10;0;5
Cue;YELLOW MAGIC ORCHESTRA;spotify:track:15beQw4bH4fePS8oAE2Yef;0,653;0,683;0;-7,765;1;0,0335;0,208;0,331;0,138;0,803;119,165;272840;4;33,10402;16;0;5
Cutie Pie;One Way;spotify:track:3kim6v8wY7HLPaNmw99SxD;0,868;0,541;2;-10,051;1;0,053;0,105;3,84E-05;0,046;0,96;102,471;328893;4;28,79707;16;1;5
Cyclops Carnival;Torment;spotify:track:3ZDe1cReJ4SNrH9AV9bK4t;0,319;0,969;9;-7,294;1;0,0497;0,117;0,0546;0,179;0,652;141,868;199173;4;18,83353;13;0;5
D-7;Wipers;spotify:track:4Av6uLF5s1A1mvSCP8fLR6;0,35;0,721;4;-5,729;1;0,0447;0,0146;0,365;0,339;0,218;91,514;245067;4;27,81229;11;0;5
D'Ailleurs;Sortilège;spotify:track:2sSCok1PH6ihAzNbsp2Vd9;0,455;0,905;0;-6,221;1;0,122;0,000128;0;0,305;0,575;123,091;156107;4;44,98279;8;0;5
Dance;Ratt;spotify:track:4kdy7pEmy9rvSUjTt5wFhV;0,559;0,903;8;-9,5;1;0,0467;0,00151;0,0163;0,138;0,741;128,946;261387;4;30,82336;11;1;5
Dance Hall Clash - Acappella;Tenor Fly;spotify:track:5ueCbWJ80yYD6JoXu57JNZ;0,928;0,713;7;-15,274;1;0,162;0,265;0;0,0866;0,968;101,48;244107;4;62,68526;11;0;5
Dance Hall Clash - Brakedown;Tenor Fly;spotify:track:2iynAasPkuyGWuek8KyU9S;0,928;0,677;7;-14,279;1;0,0803;0,062;0;0,109;0,835;101,475;245987;4;24,38233;13;0;5
Dance Little Sister;Terence Trent D'Arby;spotify:track:4o9Kj7onklt6xbYl3jVArp;0,722;0,696;2;-11,095;0;0,0901;0,161;0;0,0755;0,93;115,397;234640;4;68,47258;8;1;5
Das Eis bricht;Roedelius;spotify:track:6w7VVrKXGYxBoZi2IzlJRH;0,323;0,14;9;-18,132;0;0,0411;0,994;0,903;0,0798;0,0745;68,569;700147;4;125,60439;26;0;5
Daydream Believer;Anne Murray;spotify:track:6qnPCgHTRisbxBT19Gw7cN;0,592;0,538;10;-8,292;1;0,0256;0,0171;2,80E-05;0,101;0,579;126,506;149293;4;35,8493;7;1;5
Daydream Believer;The Monkees;spotify:track:7uEcCGtM1FBBGIhPozhJjv;0,51;0,488;7;-10,304;1;0,0304;0,256;0;0,11;0,649;125,683;179613;4;43,48787;9;1;5
Day-O - Live;Chuck Brown and the Soul Searchers;spotify:track:37Zh7KRrBb7Kol4OB4N0Dy;0,746;0,699;5;-15,619;1;0,068;0,0455;0,079;0,37;0,943;89,767;511560;4;24,05793;20;0;5
Days Gone By;Poco;spotify:track:3YgdUfdrTuAm7Romn4m7pN;0,62;0,646;4;-8,749;1;0,0257;0,0242;7,21E-05;0,104;0,522;133,866;230693;4;29,37172;12;1;5
Death or Glory;Running Wild;spotify:track:6Rbh7dsEAfryxKr2a1bzfm;0,319;0,993;0;-4,486;1;0,181;0,000478;0,014;0,798;0,111;174,347;236960;4;53,47055;10;0;5
Deceiving Eye;The Prisoners;spotify:track:02fb66AxWT7OVcuZMCTBBa;0,382;0,929;8;-2,256;1;0,0486;0,263;0,00958;0,0541;0,741;141,242;181307;4;28,15874;9;0;5
Deep Down Trauma Hounds;Skinny Puppy;spotify:track:3bjM6JI3xdj8AIhq2X9Y8W;0,703;0,527;10;-16,199;0;0,0665;0,0161;0,013;0,393;0,269;110,06;281560;4;48,82267;10;0;5
Deep Down Trauma Hounds;Skinny Puppy;spotify:track:5PavDLO2BGf74yYYy7DXCl;0,703;0,527;10;-16,199;0;0,0665;0,0161;0,013;0,393;0,269;110,06;281560;4;48,82267;10;0;5
Desafinado;Stan Getz;spotify:track:2PaumP067qr31odS4s8mC1;0,608;0,382;0;-17,063;1;0,0748;0,636;0,0116;0,146;0,785;89,128;350093;4;45,39284;19;0;5
Deutschland;Slime;spotify:track:66yqFNcacUzchgFkexM9Yo;0,323;0,966;2;-5,773;1;0,0895;0,00949;0,000613;0,811;0,489;110,68;260600;4;32,21822;12;0;5
Devotion - Extended Version;Ten City;spotify:track:340YDZMetwJq6sby0pH4gr;0,717;0,495;6;-16,715;0;0,0582;0,337;0,404;0,307;0,733;120,262;411933;4;96,63855;15;0;5
Do Me Baby;Meli'sa Morgan;spotify:track:2smHxX4ZmwamJ1Cu3BM3Os;0,748;0,499;5;-14,177;0;0,0648;0,127;0,000107;0,116;0,845;100,262;300733;4;110,50238;10;1;5
Do You Believe In Shame?;Duran Duran;spotify:track:4umuMi2giGbdbVbsVZ5ADf;0,651;0,417;0;-12,755;1;0,0281;0,00021;0,0547;0,167;0,245;110,089;264480;4;39,73169;10;1;5
Do You Love What You Feel;Rufus And Chaka Khan;spotify:track:5rP98RORYdbwEYUA3FFsnv;0,696;0,785;2;-14,432;1;0,0488;0,169;0,00324;0,932;0,773;116,638;410827;4;32,12308;19;1;5
Do You Wanna Touch Me (Oh Yeah);Joan Jett & the Blackhearts;spotify:track:6Xprc4GuCejWA3BjU5knyw;0,572;0,836;11;-3,159;1;0,0867;0,0247;0,000221;0,159;0,726;127,667;226520;4;25,24779;10;1;5
Dock Rain;Nataural;spotify:track:7v8MsLPvSqXaRrKlRhEYvM;0,168;0,999;3;-10,11;1;0,0954;0,13;0,99;0,893;1,00E-05;121,88;181835;3;50,22168;8;0;5
Doctor! Doctor!;Thompson Twins;spotify:track:7ihhy2Y8wzP6MUmbx8LYh1;0,694;0,724;5;-8,125;1;0,0282;0,358;0,000381;0,138;0,844;119,313;347507;4;35,96666;16;1;5
Dogshit (Censor);Skinny Puppy;spotify:track:1FeF1ePrYxooIwVPb1Y6tQ;0,406;0,979;2;-13,647;1;0,148;0,0786;0,00148;0,746;0,151;198,179;237133;4;44,32773;8;0;5
Doli doulou;Valentín Clastrier;spotify:track:6CUNqSqmMeGBiEzHwvN2mj;0,672;0,0765;1;-24,953;0;0,251;0,81;0,483;0,106;0,498;95,671;117267;4;40,79021;5;0;5
Dominion - 12'' Edit;Sisters of Mercy;spotify:track:57YZO9eQ53Mc7cbC7XRW24;0,569;0,905;5;-11,178;1;0,0535;0,00223;0,00663;0,0895;0,319;120,862;308427;4;25,3987;12;0;5
Don't Change;INXS;spotify:track:6ck0CGe9BN9gW5oMmzbhs9;0,276;0,883;9;-5,625;1;0,0446;0,000252;0,462;0,0973;0,164;164,052;266027;4;26,01423;16;1;5
Don't Give It Up;Robbie Patton;spotify:track:1hCdCmzDGvUsmWuPQfcjDf;0,733;0,765;4;-7,382;1;0,0319;0,0988;7,10E-06;0,0797;0,824;116,596;229093;4;30,8104;9;1;5
Don't Leave Me This Way;The Communards;spotify:track:0ire4j2mcGovF5JA1D2cTp;0,64;0,926;3;-5,597;1;0,0322;0,135;2,04E-06;0,134;0,901;131,997;271067;4;27,3966;11;1;5
Don't Look Down - The Sequel;Go West;spotify:track:3j0MsAvaSUPNgxZISk4qSF;0,669;0,943;3;-7,354;1;0,0612;0,0876;3,21E-06;0,102;0,606;129,999;259640;4;32,83299;10;1;5
Don't Stop The Music;Yarbrough & Peoples;spotify:track:0DVevhcLPiHoLaVyl6dSGr;0,829;0,71;11;-8,736;1;0,0415;0,115;0,145;0,0541;0,949;98,293;249000;4;34,86585;12;1;5
Don't Tell Me The Time;Martha Davis;spotify:track:3hwbwZ3GyFlWa71nbxXlgk;0,652;0,634;9;-9,677;1;0,0271;0,0197;6,85E-06;0,117;0,587;122,004;212933;4;27,55316;12;1;5
Don't You Believe Him;Reba McEntire;spotify:track:1aYzGHfPAenfUb5USJ1vDe;0,556;0,34;7;-16,19;1;0,0757;0,146;0;0,127;0,552;111,222;138800;4;47,57792;6;0;5
Double Dutch Bus;Frankie Smith;spotify:track:1EVJeWeItAPcATFolrw3VR;0,915;0,52;8;-9,257;1;0,132;0,0018;0,00035;0,0293;0,471;119,47;320973;4;97,40706;12;1;5
Downhearted Blues;Bessie Smith;spotify:track:5JUhjSyjxtO4uEguZfyf26;0,557;0,0621;0;-19,974;1;0,0402;0,996;0,249;0,141;0,529;81,443;204800;4;41,17615;7;0;5
Downtown;Dolly Parton;spotify:track:4xKKdqzBo9hJTsCjw7ETc9;0,629;0,642;1;-9,599;1;0,0318;0,0671;0;0,0713;0,286;127,019;201010;4;47,81595;10;1;5
Downtown Train;Rod Stewart;spotify:track:5XJzh2c0roCc6GDs8PrILx;0,527;0,584;10;-7,965;1;0,0314;0,0878;0,000103;0,117;0,271;114,941;279413;4;29,41867;15;1;5
Draußen vorbei;Roedelius;spotify:track:33XAGFXQ1Uoe4kAAThIuS0;0,709;0,341;10;-14,247;0;0,0821;0,96;0,93;0,237;0,618;89,533;254356;3;47,95812;9;0;5
Dreaming Girl;bel canto;spotify:track:0a0NehF0F8vrxem0q3m4zd;0,558;0,52;2;-14,011;1;0,0365;0,11;1,76E-06;0,183;0,904;94,953;184627;4;65,32243;8;0;5
Dreams;Van Halen;spotify:track:2APxH5XbOLDTmW9X5yi6Hw;0,455;0,758;0;-11,361;1;0,0454;0,223;2,51E-06;0,0986;0,54;141,304;294000;4;129,2058;7;1;5
Dress You Up;Madonna;spotify:track:4B2r9HXgUqRcPwUG3BYPlc;0,634;0,896;0;-3,073;0;0,0318;0,0298;0,0036;0,1;0,827;136,098;242240;4;46,69809;10;1;5
Driving Blind;Chris & Cosey;spotify:track:02HBzyigV4WjMhBLwmJI7f;0,806;0,749;4;-14,328;0;0,0502;0,00164;0,898;0,629;0,252;115,718;390200;4;86,13896;17;0;5
Duke And Cookie;Strength In Numbers;spotify:track:7u15YNFXcnqSONwKhUXSKO;0,727;0,329;9;-17,162;1;0,0396;0,742;0,554;0,282;0,797;131,919;203107;4;42,10646;9;0;5
Dvele Wague;Ali Farka Touré;spotify:track:1uTNp8lRXI5VAQwzoCUsZF;0,593;0,418;2;-15,917;1;0,0418;0,482;0,00325;0,0617;0,879;112,212;361533;4;50,45125;12;0;5
Ebony Eyes;Rick James And Smokey Robinson;spotify:track:71JkyCi11ETSz58jhgg2YE;0,522;0,536;2;-7,132;1;0,026;0,147;0;0,123;0,441;140,311;307640;4;34,47934;16;1;5
Ebony Samba;Stan Getz;spotify:track:3SIMavx6ESKehx4EG69oBB;0,557;0,378;9;-15,507;0;0,0335;0,892;0,48;0,0976;0,828;88,832;229827;4;50,29219;12;0;5
Edie (Ciao Baby);The Cult;spotify:track:3KTYf4XJ0Ghd8EiIhGM1Nb;0,478;0,809;7;-9,158;1;0,0458;0,0767;0,00111;0,209;0,297;102,108;286533;4;21,38052;12;1;5
Eduardo E Mônica;Legião Urbana;spotify:track:6Pa6VpdGS8OfiVOEnNAHHw;0,671;0,443;9;-12,776;1;0,0389;0,485;0,000283;0,112;0,589;79,275;271440;4;67,48401;14;0;5
Ego Trippin';Ultramagnetic MC's;spotify:track:0WVqFNhP455QxcS1VhIWmo;0,922;0,959;7;-3,542;1;0,277;0,063;1,47E-05;0,151;0,51;94,674;326680;4;24,73339;15;0;5
El Amor Acaba;José José;spotify:track:4TuVPlUrfKpAqPUJFjONcM;0,568;0,309;9;-15,871;1;0,0393;0,811;1,66E-05;0,302;0,391;91,265;260027;4;22,09626;13;0;5
El Dios De Israel Es Poderoso;Palabra en Acción;spotify:track:6UIyQwhvmx8VuAVtMJeL8O;0,548;0,716;0;-8,933;0;0,129;0,391;0;0,699;0,732;139,34;196293;4;48,64302;8;0;5
El mundo que nos rodea;José Guardiola;spotify:track:7GKOXxgGfVGbS89bYyTYZI;0,439;0,237;10;-11,582;1;0,0319;0,742;0;0,0834;0,275;95,831;163467;4;72,79821;6;0;5
Election Day;Arcadia;spotify:track:638poNnWFgzt7UJBQ5SWtM;0,716;0,634;2;-9,332;1;0,0315;0,000557;7,29E-05;0,249;0,348;110,789;329107;4;27,03721;11;1;5
Electric Blue;Icehouse;spotify:track:5aWvinQcbc1W1WdP0GQ6J1;0,688;0,909;10;-4,756;1;0,0354;0,0608;1,97E-06;0,1;0,641;109,673;263680;4;35,80878;12;1;5
Elle a les yeux revolver;Marc Lavoine;spotify:track:1fU9wVDi3yZrawv1Rc4vcS;0,577;0,273;5;-16,428;1;0,0499;0,496;0;0,0914;0,547;79,995;219973;3;33,45194;9;0;5
Empire Strikes Back (Medley);Meco;spotify:track:6ubZjtB8Ay68dwG3Z0EQ1g;0,523;0,717;1;-10,87;0;0,0389;0,000773;0,829;0,0854;0,747;141,288;243533;4;38,43305;14;1;5
Enamorada;José Guardiola;spotify:track:1sXrkfbnWs6pVJF7xq0i1T;0,539;0,396;10;-7,551;1;0,0291;0,298;1,33E-06;0,106;0,452;109,96;164693;4;35,74736;10;0;5
English Dances. Op. 27: IV. Allegro risoluto;Malcolm Arnold;spotify:track:1n6y0GmmO561pctsFNvnMX;0,334;0,272;9;-19,868;0;0,0487;0,962;0,837;0,21;0,568;82,133;88400;3;51,24118;5;0;5
Entre tapas e beijos;Leandro & Leonardo;spotify:track:7qQ6Wp7uu44QpfKZHdC15I;0,723;0,529;2;-9,298;0;0,0832;0,536;0;0,245;0,779;119,022;207373;4;37,70426;10;0;5
Envol;Éric Serra;spotify:track:2sLQga7lbU0Epj4f32yutb;0,398;0,412;9;-17,234;1;0,0308;0,763;0,944;0,0838;0,531;88,771;208213;4;66,09949;7;0;5
Eso Es El Amor;Dutch Swing College Band;spotify:track:3AogyfMKrUAoFNXawabhWi;0,683;0,36;2;-13,737;0;0,0327;0,334;0,286;0,196;0,814;124,845;198000;4;65,28768;9;0;5
Esos ojos negros;Duncan Dhu;spotify:track:13MV4IsrVMUmGzuqz0T6oK;0,625;0,409;7;-8,706;1;0,038;0,109;0;0,126;0,44;128,602;215680;4;41,76264;10;0;5
Espantapajaros;Celtas Cortos;spotify:track:7gb3ZjsZI65W9uWCiPNfKY;0,546;0,734;10;-10,023;1;0,0316;0,000927;0,71;0,0508;0,866;106,034;279360;3;30,03479;13;0;5
Esse brilho em teu olhar;Lulu Santos;spotify:track:4L64qoPWxSgoeUf7C1aCg7;0,727;0,404;4;-13,753;1;0,042;0,298;0,0874;0,117;0,331;95,407;246467;4;62,8392;12;0;5
Etikette tötet;Slime;spotify:track:0ghB3Bxr4LsR9V0MNCpFPP;0,209;0,957;2;-5,23;1;0,233;0,0016;0,00246;0,721;0,333;153,451;216200;4;24,07032;14;0;5
Ever New;Beverly Glenn-Copeland;spotify:track:5Q5bcG1c5QCI07sdaeOYzZ;0,523;0,377;7;-14,302;1;0,033;0,892;0,772;0,109;0,445;123,989;428543;3;58,73461;19;0;5
Every Step Of The Way;John Waite;spotify:track:5Xkp3zS9cRkNmdWS8pgRo0;0,613;0,851;7;-7,573;1;0,0446;0,0266;2,96E-06;0,225;0,597;120,329;252013;4;31,81171;10;1;5
Everybody;Roy Ayers;spotify:track:2K2aGbAm3kqc8q9F0gusKh;0,777;0,599;11;-10,842;0;0,0566;0,0632;0,747;0,188;0,863;96,931;249800;4;82,4631;11;0;5
Everything I Need;Men At Work;spotify:track:3AzJso06se44RPcNiNmi7c;0,743;0,622;4;-11,256;1;0,0275;0,129;0,00792;0,0883;0,962;129,61;214853;4;56,15588;10;1;5
Everything She Wants;Wham!;spotify:track:5hXEcqQhEjfZdbIZLO8mf2;0,9;0,459;6;-15,557;0;0,0366;0,321;0,00399;0,165;0,962;115,091;302693;4;34,78924;13;1;5
Eye Of The Tiger;Survivor;spotify:track:2KH16WveTQWT6KOG9Rg6e2;0,817;0,599;0;-9,249;0;0,0328;0,132;0,000311;0,0873;0,548;108,873;245640;4;26,24707;12;1;5
Fairytale;Enya;spotify:track:3oy7aXWP1l5HctKbKqFzyD;0,161;0,0672;0;-23,436;1;0,0466;0,982;0,463;0,149;0,11;88,472;184627;1;40,85371;9;0;5
Falling In Love;Balance;spotify:track:4GSiGak8HPbJy1kRlyWx1L;0,475;0,466;9;-7,487;1;0,0321;0,202;0;0,12;0,197;114,788;197013;4;41,84656;10;1;5
Falling In Love (Uh-Oh);Miami Sound Machine;spotify:track:5jwoygernfGvAuIxFSqxHp;0,723;0,484;2;-14,456;1;0,026;0,261;0,00692;0,0492;0,962;108,991;233160;4;22,20608;10;1;5
Falsa Moneda;Carlos Cano;spotify:track:3MsLdozidCsaZpnNiqYGid;0,427;0,103;2;-15,731;0;0,0403;0,544;3,82E-06;0,255;0,286;111,891;200388;4;33,43257;9;0;5
Family Circle (B1);Andy Clark;spotify:track:4jsmW4IjErhsfvoIXRcVqS;0,694;0,274;7;-14,032;1;0,0636;0,0508;0,924;0,0772;0,967;152,569;31413;4;0;1;0;5
Family Holidays;Tony Kinsey;spotify:track:6QtudEiv6vg1ob5fEuj9K1;0,589;0,489;7;-15,276;1;0,0344;0,0974;0,163;0,137;0,85;81,34;221993;4;47,14437;12;0;5
Fanny Hill;David Grisman;spotify:track:3vo9FqwrgrBzjNFkbXkJVD;0,44;0,933;9;-9,07;1;0,0426;0,591;0,89;0,839;0,948;154,208;112067;4;41,16641;4;0;5
Fantasy;Aldo Nova;spotify:track:1zrba5qe6xkC84AlbXNa6u;0,515;0,878;0;-6,808;1;0,0707;4,70E-05;0,000349;0,138;0,371;131,268;303293;4;51,28412;8;1;5
Feels So Right;Alabama;spotify:track:3ZQ7bFBquNdzelPHbzwJd6;0,546;0,338;10;-13,361;1;0,0233;0,522;0,000436;0,0866;0,346;90,247;215787;4;30,87658;11;1;5
Female Intuition;Mai Tai;spotify:track:57RpYNriGgrpP7aa4dchR7;0,713;0,81;5;-10,236;0;0,0367;0,156;4,69E-05;0,2;0,812;111,285;244493;4;56,27114;11;1;5
Fields Of Fire;Big Country;spotify:track:7f7bSSvBqxn6WAHTRZMWHB;0,592;0,907;5;-8,87;1;0,0584;0,00111;0,0862;0,0954;0,613;123,815;211467;4;34,2106;10;1;5
Fifth Avenue Style;Tony Kinsey;spotify:track:2DVLqDcGKk3Te3EQcxGIfj;0,499;0,257;4;-14,247;0;0,0317;0,615;0,198;0,104;0,53;110,371;168400;4;18,13525;10;0;5
Film;Skinny Puppy;spotify:track:7nF71C0T3DEgfDwT6yefIK;0,638;0,662;8;-11,174;1;0,0382;0,756;0,821;0,0903;0,665;148,436;138627;1;39,98694;7;0;5
Finish What Ya Started;Van Halen;spotify:track:37A5wFomo4EVz5tGInAynI;0,779;0,799;9;-14,766;1;0,0341;0,55;0,000404;0,0575;0,964;125,148;263133;4;81,17164;10;1;5
Fire In The Morning;Melissa Manchester;spotify:track:3P9K308CovFv7tbJz8UKRE;0,571;0,292;7;-17,322;1;0,0379;0,453;4,96E-05;0,135;0,183;127,347;233867;4;25,72392;11;1;5
First Time Love;Livingston Taylor;spotify:track:7LaDjaGvgNizPpiKaawZFj;0,595;0,0808;2;-19,12;1;0,0329;0,8;0;0,0743;0,435;103,002;189827;4;31,78881;10;1;5
Fishnet;Morris Day;spotify:track:7wBfVgLHlr3GvCO6hqgRyu;0,736;0,729;11;-14,074;1;0,0418;0,0104;0,0314;0,667;0,713;110,936;366067;4;36,93419;14;1;5
Flashdance...What A Feeling;Irene Cara;spotify:track:0FIQjzPGk8eJd1cDRHRFWb;0,637;0,63;7;-8,166;0;0,0372;0,138;3,79E-06;0,214;0,59;124,913;234040;4;103,21291;8;1;5
Flesh For Fantasy;Billy Idol;spotify:track:5NJvgtVjLTTogjFcrOIZYN;0,66;0,751;9;-6,333;1;0,108;0,131;0,000196;0,11;0,563;94,491;278280;4;31,03956;10;1;5
Floe;Philip Glass;spotify:track:2ThXlHa71fMSsTinfTG0jr;0,421;0,531;9;-13,432;0;0,0504;0,619;0,667;0,315;0,18;99,544;359507;4;196,20979;7;0;5
Flowers;Galaxie 500;spotify:track:1tDI5qw1b8hOLVOazlECo2;0,448;0,707;7;-8,536;1;0,0378;0,117;0,826;0,0737;0,254;114,953;269947;4;67,2721;9;0;5
Foggy Eyes;Beat Happening;spotify:track:3kJ5yNY6gn2ebE78HJVCHe;0,729;0,84;4;-9,629;1;0,0337;0,581;0;0,062;0,573;136,484;166107;4;34,95558;8;0;5
Fool In The Rain;Led Zeppelin;spotify:track:62p6fF2r4NY6pwZbxxvmr8;0,539;0,866;0;-8,404;1;0,0483;0,0866;0,00414;0,0953;0,761;130,345;372893;4;92,153;13;1;5
Foolin' Yourself;Aldo Nova;spotify:track:28xveBsyzEfA8rng32lPPA;0,315;0,739;2;-6,976;1;0,0411;0,492;0;0,14;0,687;133,072;214773;4;23,71759;10;1;5
Foolish Heart;Sharon Bryant;spotify:track:7JR5s8DtDZxhVHAqawvo20;0,642;0,419;1;-12,609;1;0,0316;0,481;0;0,0523;0,755;95,6;279840;4;46,68056;10;1;5
Foolish Heart;Steve Perry;spotify:track:4mxkQkZSX1BWgIYh5Q2Jt9;0,644;0,58;11;-6,819;1;0,0226;0,281;0;0,0652;0,591;96,475;219720;4;39,91428;9;1;5
Footloose;Kenny Loggins;spotify:track:6W2VbtvMrDXm5vYeB7amkO;0,546;0,895;9;-7,189;1;0,0579;0,0819;1,42E-05;0,0768;0,494;174,089;220707;4;25,59008;9;1;5
For The Love Of Money;BulletBoys;spotify:track:0mdvfIwuQmfoFJ4K54CCIG;0,453;0,828;7;-8,374;1;0,0661;0,271;0,000465;0,708;0,394;96,01;227067;4;31,80891;9;1;5
For Your Eyes Only;Sheena Easton;spotify:track:4jRJWlkCn3pAwezfqFODU3;0,244;0,44;7;-7,777;1;0,0475;0,871;8,65E-05;0,372;0,113;82,02;184480;4;55,07822;6;1;5
Forever Man;Eric Clapton;spotify:track:349PT8jfi7RxXB7DZM0NMX;0,642;0,899;2;-6,032;0;0,0413;0,204;0,00756;0,171;0,784;111,158;192320;4;38,98244;10;1;5
Forever Your Girl;Paula Abdul;spotify:track:0lmS0Wofcv7B7uFYssSKta;0,701;0,891;2;-7,873;1;0,0446;0,185;0,0454;0,0712;0,747;119,966;300467;4;36,04943;13;1;5
Forgive Me For Dreaming;Elisa Fiorillo;spotify:track:7cje1GTEFByjRcpdeyN3Xq;0,574;0,387;3;-14,264;1;0,0312;0,314;0;0,0551;0,255;130,09;278173;4;26,18402;8;1;5
Fortress Around Your Heart;Sting;spotify:track:06IsyJksK6vgJX66rU77Ij;0,681;0,476;7;-15,447;1;0,0294;0,294;6,18E-06;0,079;0,668;120,534;279693;4;56,60855;12;1;5
Fourteen;Beat Happening;spotify:track:1O2L7hQZJcKCgyQ0B0DWpr;0,37;0,436;5;-14,265;1;0,0886;0,0198;0,00556;0,181;0,681;149,502;104293;4;39,07687;5;0;5
Freeze-frame;The J. Geils Band;spotify:track:6QqK6a1CmV4L504uMQaGDH;0,573;0,806;0;-10,978;1;0,0356;0,151;0,0116;0,405;0,934;186,328;237507;4;46,9204;10;1;5
From the Word Love;Ricky Skaggs;spotify:track:2hJNgA9n8Diwakjeds1uhn;0,615;0,511;2;-11,075;1;0,0269;0,3;0,000632;0,0972;0,54;131,734;189173;4;29,78208;11;0;5
Funk 55;Sam Bush;spotify:track:0r0FLBgh6T1ASY42hnagOp;0,779;0,581;9;-13,463;1;0,044;0,827;0,891;0,108;0,942;108,874;265867;4;22,92623;7;0;5
Game Over;Nobuo Uematsu;spotify:track:4Ugc5BKJGixRHUAevhaxSU;0,372;0,119;0;-12,57;1;0,0344;0,101;0,969;0,212;0,46;100,17;49227;4;23,62594;4;0;5
Games;Phoebe Snow;spotify:track:744wbwIqeCp75NRruMuMKT;0,551;0,491;11;-11,073;0;0,0264;0,277;1,15E-05;0,605;0,577;91,989;226828;4;29,01852;11;1;5
Games Without Frontiers;Peter Gabriel;spotify:track:4TVnzZW8dIPjMjg5e8gKhH;0,738;0,717;6;-9,623;1;0,0545;0,326;3,79E-05;0,133;0,915;95,949;246973;4;57,22356;8;1;5
Garden Party;Herb Alpert;spotify:track:2YOKbPcXmp9qlOon8Jk2UP;0,763;0,391;7;-12,171;1;0,0331;0,425;0,251;0,0581;0,888;89,588;316536;4;30,1442;11;1;5
Get Funky (Long Club Adub);Royal House;spotify:track:3o3qsqnaPcPlacWfvJs52p;0,774;0,988;10;-2,305;0;0,135;0,0868;0,778;0,248;0,588;122,517;374720;4;48,9867;13;0;5
Get It Girl;2 LIVE CREW;spotify:track:7DEpSeyiupvwY5tB8Yqbhh;0,882;0,6;4;-13,33;0;0,156;0,00835;1,10E-05;0,602;0,427;124,597;235867;4;20,31319;15;0;5
Gigolo Blues;Imperiet;spotify:track:7qFwzVlxZL1yPyUcMVBPK7;0,489;0,671;9;-7,065;1;0,0255;0,00409;0;0,0991;0,368;141,616;209773;4;49,88657;8;0;5
Girlfriend;Pebbles;spotify:track:38bP8r9yx49g6pdQ90NH1X;0,963;0,822;2;-6,642;1;0,106;0,475;0;0,17;0,908;118,499;256493;4;36,29167;12;1;5
Giving Up On Love;Rick Astley;spotify:track:55O2yCgCC4ZX0TE2vdWELj;0,687;0,707;7;-13,064;1;0,0547;0,0338;0,000271;0,0891;0,861;110,059;243800;4;34,7241;14;1;5
Glassworks: IV. Rubric;Philip Glass;spotify:track:0i68Yl4gSwpxtMsYPXvsZE;0,542;0,566;3;-11,721;1;0,0293;0,701;0,0113;0,172;0,754;94,601;364573;4;59,58851;12;0;5
Go Down Easy;Dan Fogelberg;spotify:track:22yC2cBx4eYNtqyCEMhwUT;0,636;0,257;4;-16,584;1;0,0326;0,435;4,86E-06;0,0848;0,572;73,359;233000;4;65,32537;9;1;5
God Damn Rock 'N' Roll;The Cramps;spotify:track:5jV8oAgLWQMLhay65VMthu;0,493;0,947;4;-6,772;1;0,0832;0,125;7,95E-06;0,513;0,459;130,352;158733;4;65,18812;7;0;5
Godstar;Psychic TV;spotify:track:08tbzjZdsNLOyHfboGJKUQ;0,614;0,818;0;-7,249;1;0,0373;0,208;0,00068;0,0855;0,633;122,312;218747;4;32,20185;13;0;5
Goin' To The Bank;Commodores;spotify:track:54FfURHYc3kATCbteQup0K;0,779;0,666;2;-12,832;1;0,0368;0,076;2,35E-06;0,0618;0,678;116,373;258667;4;35,53904;11;1;5
Gone Too Far;Eddie Rabbitt;spotify:track:648Ur5jhWSW43QuI2qXeII;0,787;0,625;7;-13,297;1;0,0321;0,422;0;0,194;0,938;131,62;203773;4;45,84043;9;1;5
Good Life;Inner City;spotify:track:5sJiLlgQKBL81QCTOkoLB5;0,716;0,783;4;-12,876;0;0,0496;0,172;0,0346;0,0327;0,952;121,306;244773;4;91,531;8;1;5
Good Thing;Fine Young Cannibals;spotify:track:6lRkdG1HurVS72F9GoBeWJ;0,747;0,586;9;-10,119;0;0,0299;0,0708;8,00E-05;0,0427;0,893;164,718;201867;4;17,71076;11;1;5
Gotta Have More Love;Climax Blues Band;spotify:track:5ZNUXbnAqjPAURrWaR7xmL;0,473;0,736;4;-8,038;0;0,0282;0,159;9,85E-06;0,151;0,592;101,122;210826;4;29,10112;11;1;5
Government Chicken Boy;Fela Kuti;spotify:track:7GNDwqqBrgi9slc0TTQbGd;0,748;0,584;5;-11,016;0;0,0356;0,297;0,0868;0,0882;0,958;118,021;1755307;4;27,09473;63;0;5
Great Heart;Johnny Clegg;spotify:track:71i3b8BtjpCkUZArQ4wjrn;0,688;0,518;7;-16,707;1;0,0346;0,199;1,76E-06;0,249;0,914;121,243;264200;4;24,71518;11;0;5
Griechischer Wein;Udo Jürgens;spotify:track:2f8Hc0w7BpDtzwoa6BHKec;0,406;0,408;3;-13,873;1;0,0387;0,743;0;0,261;0,58;148,081;244693;4;43,60721;13;0;5
Gun Control;D.R.I.;spotify:track:3Vj8gzibVVIwP57mTbMF0c;0,392;0,877;11;-11,708;0;0,058;0,000133;0,00375;0,454;0,284;89,5;298840;4;36,46595;16;0;5
Guter Rat ist teuer;Slime;spotify:track:243KcWgBDfGyq99SglvHKY;0,193;0,977;2;-6,093;1;0,18;0,000157;0,000636;0,677;0,073;147,367;159120;4;47,71158;7;0;5
Gyrlz. They Love Me;Heavy D & The Boyz;spotify:track:3y7EqFPNSLUiB1zgXLtV52;0,862;0,358;9;-16,5;1;0,311;0,000401;4,13E-06;0,291;0,554;94,015;297493;4;38,63056;15;0;5
Habaneras de Cadiz;Carlos Cano;spotify:track:5NM2OJtBJqED5H7VwrfOPR;0,483;0,26;9;-12,947;1;0,0516;0,948;3,14E-06;0,144;0,468;129,326;273000;4;38,22913;11;0;5
Had A Dream (Sleeping With The Enemy);Roger Hodgson;spotify:track:37yEfFkY54AijZUjDv0gAl;0,562;0,702;0;-11,913;1;0,0291;0,304;0,000479;0,391;0,413;132,904;506147;4;19,56638;21;1;5
Hail! The White Grain;Death In June;spotify:track:6OvUsfd2jgbSEeGedEXeSj;0,375;0,378;11;-12,434;0;0,0449;0,421;4,42E-06;0,0887;0,617;183,407;197573;3;20,05719;7;0;5
Hallazgo de Las Piedras / Te Conozco / Coda: Te Conozco;Silvio Rodríguez;spotify:track:2kEm3BkKsNkL4tiBtLXbNr;0,421;0,386;7;-8,756;1;0,0492;0,714;0,00321;0,0788;0,232;88,219;702681;4;41,18372;26;0;5
Hands On The Radio;Henry Lee Summer;spotify:track:46pITDSOoxdYEqeqa1MS9f;0,58;0,643;2;-12,095;1;0,0303;0,0196;0;0,191;0,57;130,305;199973;4;25,29252;10;1;5
Hanging On A Heart Attack;Device;spotify:track:5hsC00g3JK5ZvWlBOZOUQi;0,505;0,891;6;-12,17;0;0,0487;0,00336;0,00675;0,329;0,475;98,483;310427;4;43,13202;13;1;5
Harden My Heart;Quarterflash;spotify:track:3CSLUIrI2KPMulHR5bh17O;0,531;0,43;11;-14,523;0;0,0578;0,0568;1,22E-06;0,0964;0,453;124,284;232627;4;59,9926;10;1;5
Hare Krishna (Mahamantra);Jagjit Singh;spotify:track:4GxKzI5zyrignRGh9xuaIT;0,412;0,38;8;-10,348;0;0,0269;0,729;0;0,364;0,112;77,608;210029;4;19,73325;8;0;5
Haven't You Heard;Patrice Rushen;spotify:track:0rgGwEybYIQvqHf5qEkFOB;0,88;0,703;6;-8,308;0;0,0807;0,0491;0,685;0,0582;0,947;127,952;405293;4;105,30137;15;1;5
Hay Momentos;Palabra en Acción;spotify:track:7rMDcxqLDYMV7fkJzOEuse;0,342;0,262;4;-11,993;1;0,0295;0,814;0;0,509;0,32;131,327;280867;4;73,93948;9;0;5
He Can't Love You;Michael Stanley Band;spotify:track:1XymXdDST6eFyZQmjrnIIo;0,553;0,88;0;-6,108;1;0,0319;0,00873;7,94E-06;0,0861;0,846;151,682;214613;4;26,99101;10;1;5
He Could Be The One;Josie Cotton;spotify:track:7HZzG0cvGndYCxx7qc8Wd1;0,64;0,644;8;-10,962;1;0,0287;0,031;0,351;0,0673;0,962;148,225;168520;4;33,25206;9;1;5
He Renunciado a Ti - Remasterizado;José José;spotify:track:59Q0mA0Bq3bqfV5ySjfTbn;0,655;0,263;9;-15,574;0;0,0391;0,758;0;0,118;0,379;87,829;234933;4;31,83425;10;0;5
He Wants My Body;Starpoint;spotify:track:5zTSpy8JYqYUUQ65cbnqmd;0,695;0,927;2;-10,4;0;0,0499;0,277;0,331;0,153;0,944;116,145;282027;4;26,6574;12;1;5
Head Games;Foreigner;spotify:track:5nk6wxUSFUBxUKxjz0fKD6;0,678;0,693;1;-6,133;1;0,0249;0,0139;0;0,0596;0,623;107,415;217707;4;32,94628;9;1;5
Head Over Heels;Tears For Fears;spotify:track:5lwQGZYF4BXOzFtXc5zk8q;0,623;0,739;7;-8,116;1;0,0244;0,338;1,88E-05;0,109;0,642;95,007;257316;4;71,52376;9;1;5
Headshot;Adrian Oblanca;spotify:track:6G5uuJfBur2Cd4FjdjF8a8;0,804;0,978;6;-7,574;1;0,0432;1,58E-05;0,929;0,0717;0,217;124,308;370701;4;124,04878;10;0;5
Heart To Heart;Kenny Loggins;spotify:track:2KaA0Tgl3RmQLzcvLEtzLH;0,698;0,456;0;-12,773;1;0,039;0,356;2,96E-05;0,0313;0,796;81,66;322333;4;63,06501;10;1;5
Heart Turns To Stone;Foreigner;spotify:track:4aFNkzXifTfkc452lMHmym;0,622;0,873;9;-7,03;0;0,0339;0,0184;0,00035;0,0997;0,58;120,142;250773;4;25,91402;9;1;5
Heartbroke;Ricky Skaggs;spotify:track:0YmJV2KQEnfLgvAynP3J4i;0,77;0,627;2;-7,522;1;0,0295;0,0891;4,56E-05;0,115;0,817;96,394;196760;4;40,65715;10;0;5
Hearts And Minds;Nitzer Ebb;spotify:track:0nrkUuWvuFfidWn2beMukk;0,744;0,656;1;-12,323;1;0,0512;0,000939;9,62E-05;0,0347;0,968;120,192;225333;4;18,8991;13;0;5
Heaven In Your Eyes;Loverboy;spotify:track:1sMhhVoD3ExOFTeh70EqNe;0,567;0,551;6;-10,32;1;0,0328;0,293;0;0,136;0,328;123,441;243227;4;40,07978;11;1;5
Heaven Is A Place On Earth;Belinda Carlisle;spotify:track:58mFu3oIpBa0HLNeJIxsw3;0,64;0,81;4;-10,19;1;0,033;0,031;2,22E-06;0,0492;0,804;122,868;247293;4;38,05143;12;1;5
Hello Again;Neil Diamond;spotify:track:1h9JJkK1rEqMrkuuU4vRSP;0,262;0,212;0;-17,044;1;0,0332;0,415;0;0,124;0,0994;122,49;243133;4;34,10196;11;1;5
Hello Again;The Cars;spotify:track:6HFpfx0Efw1ckqKTLVrMQy;0,861;0,834;11;-7,626;0;0,0464;0,218;0,0264;0,23;0,914;129,109;228867;4;28,53795;11;1;5
Here Comes My Girl;Tom Petty And The Heartbreakers;spotify:track:685sEpLJe80Zzuxz3siOVT;0,578;0,734;4;-6,09;1;0,0304;0,0517;0,233;0,165;0,373;104,851;264453;4;27,31388;13;1;5
High Energy;Evelyn Thomas;spotify:track:2O3JCRH7IvUUbzbxEvoVAi;0,956;0,765;10;-12,772;0;0,0619;0,143;0,0461;0,25;0,711;124,252;409600;4;33,27402;14;1;5
High Time;Styx;spotify:track:3L6QNpfmdYuIG1ey3RqMDb;0,685;0,506;1;-12,09;1;0,0389;0,0765;0;0,108;0,913;121,449;273027;4;40,78543;13;1;5
Highland Glory (The Eternal Fight);Running Wild;spotify:track:7o5huYcVe1BGf8v74ps8Hh;0,46;0,958;11;-5,534;0;0,045;0,000402;0,737;0,192;0,523;105,21;289600;4;69,57246;14;0;5
Highlanders Calling;Abstürzende Brieftauben;spotify:track:4hEbzEnZab1pWD1RPMLHIC;0,387;0,952;11;-11,689;0;0,0528;0,000229;0,0251;0,0537;0,0533;98,93;40227;1;11,32072;3;0;5
Highlife;Gyedu-Blay Ambolley;spotify:track:7jAOs2vHIb2b1Qiwy7q3am;0,84;0,727;5;-11,973;0;0,0519;0,383;0,19;0,114;0,863;124,528;299713;4;30,97049;13;0;5
Hip House - Original;Fast Eddie;spotify:track:7eQxMfUWGxOqrYYD6stOtZ;0,84;0,882;5;-7,067;0;0,0653;0,00141;0,748;0,0256;0,726;123,594;270791;4;77,72299;11;0;5
Hip To Be Square;Huey Lewis & The News;spotify:track:648BMGrt98kUbLo24A4vgj;0,668;0,779;9;-11,089;1;0,0325;0,0025;0,000347;0,139;0,963;140,873;245467;4;29,41008;12;1;5
Hit Me With Your Best Shot;Pat Benatar;spotify:track:0vOkmmJEtjuFZDzrQSFzEE;0,741;0,58;4;-9,05;1;0,0304;0,117;3,31E-05;0,212;0,944;127,402;171267;4;26,53014;9;1;5
Hold Me;Laura Branigan;spotify:track:2H6m7pkGVlKca7Bbm5MsVZ;0,696;0,556;2;-12,455;1;0,0291;0,0132;0,18;0,0909;0,937;121,978;286760;4;56,45837;11;1;5
Holiday;Kool & The Gang;spotify:track:1M3WV3EnKoHqDdHO4ksxlw;0,71;0,796;7;-16,08;1;0,0412;0,0329;0,00474;0,215;0,774;114,941;254867;4;78,52822;10;1;5
Holiday;The Other Ones;spotify:track:3f1rbdXIbz36QZ8xU7wt2i;0,487;0,853;11;-10,165;0;0,0343;0,0277;0,00737;0,136;0,802;83,593;213427;4;15,23401;10;1;5
Hollywood;Shooting Star;spotify:track:7yOebX0QGh6BkvxdZpKuM9;0,384;0,496;9;-8,923;0;0,0299;0,0917;4,52E-06;0,139;0,213;97,83;250773;4;37,52273;9;1;5
Holy Hack Jack;Demented Are Go;spotify:track:3aCyoVnoC5e4W66pfbtsbB;0,365;0,937;2;-5,419;0;0,092;0,000392;0,0156;0,305;0,457;101,372;136693;4;53,48246;4;0;5
Hooked On You;Sweet Sensation;spotify:track:10YVwkKPhlLgivLOM54IyH;0,779;0,797;1;-7,081;1;0,0581;0,00975;0,0249;0,171;0,96;115,244;310960;4;37,29285;11;1;5
Horas Bajas - Remasterizado;Los Rebeldes;spotify:track:0xBhvb6c8KaLV7ER6Pj4jP;0,612;0,913;2;-3,985;1;0,0396;0,0889;0,000454;0,27;0,649;140,034;157147;4;34,79121;8;0;5
Hot Rod Hearts;Robbie Dupree;spotify:track:1QEZIhNmz28cJ2Lr45MKJ4;0,599;0,482;7;-11,25;1;0,0345;0,339;1,49E-06;0,426;0,654;118,356;221627;4;48,46081;10;1;5
Hourglass;Squeeze;spotify:track:5Y6HTd7VB0O8Aki4EvmB4x;0,732;0,545;5;-11,745;1;0,031;0,22;0;0,323;0,971;125,932;197107;4;84,68673;6;1;5
Houston (Means I'm One Day Closer to You);Larry Gatlin & The Gatlin Brothers;spotify:track:27k9n9Krr0GXmuZ70Hn2rE;0,64;0,534;11;-10,594;0;0,0413;0,671;0;0,0943;0,734;148,735;174733;4;26,99464;10;0;5
How Am I Supposed To Live Without You;Laura Branigan;spotify:track:0Pbz3hrYfXNJsPKdHXhh0r;0,559;0,469;10;-8,26;1;0,0355;0,813;8,33E-05;0,134;0,185;139,079;263320;4;34,55129;12;1;5
How 'bout Us;Champaign;spotify:track:59S5BGYP3tzYd7dccspVdx;0,589;0,488;10;-11,405;0;0,0352;0,519;4,75E-06;0,0512;0,611;72,723;199333;4;37,52334;9;1;5
How Will I Know;Whitney Houston;spotify:track:5tdKaKLnC4SgtDZ6RlWeal;0,832;0,544;6;-12,697;1;0,0442;0,201;0,000139;0,632;0,928;119,49;275533;4;24,44333;12;1;5
Howlin' at Midnight;Lucinda Williams;spotify:track:7qriWDgNsE4AW056di6IoH;0,469;0,415;4;-14,343;1;0,0316;0,32;1,34E-06;0,219;0,718;93,893;233067;4;31,59238;14;0;5
Howling Furies;Anthrax;spotify:track:5NguCJEDD2Msl15R78oi6P;0,22;0,874;9;-12,121;1;0,0721;2,13E-05;0,575;0,0742;0,471;167,11;235160;4;27,67498;11;0;5
Hoy mi Deber;Silvio Rodríguez;spotify:track:29Da7l6ljVV4Eu8fAY83A3;0,447;0,101;0;-17,042;1;0,0389;0,932;0,000164;0,163;0,205;137,878;186928;3;28,28078;8;0;5
Huesos Blandos. Carnes Duras - Remasterizado;Los Rebeldes;spotify:track:1eB0PFxa9AEnV9tYJZJ5Rm;0,554;0,968;11;-4,273;0;0,0689;0,000751;1,44E-06;0,0724;0,739;156,022;197773;4;19,66271;12;0;5
Hungry Heart;Bruce Springsteen;spotify:track:1KsI8NEeAna8ZIdojI3FiT;0,641;0,894;8;-7,41;1;0,0273;0,0857;0,009;0,157;0,972;109,823;199453;4;34,61031;7;1;5
Hungry Like The Wolf;Duran Duran;spotify:track:39lSeqnyjZJejRuaREfyLL;0,691;0,812;0;-7,772;1;0,0558;0,0433;1,16E-06;0,299;0,685;127,568;220627;4;40,47704;8;1;5
Hurts To Be In Love;Gino Vannelli;spotify:track:4mABkexJ1CHRytW0d6rHFu;0,411;0,609;2;-6,867;0;0,0312;0,448;1,25E-05;0,123;0,347;143,494;290247;4;43,15617;13;1;5
I Ain't Goin';Doctor Ice;spotify:track:3YQFxin57Wb0DhwCCySZOL;0,91;0,62;9;-12,768;1;0,369;0,0831;0;0,1;0,883;103,105;247827;4;23,46704;11;0;5
I Ain't No Fucking Dog;Last Rites;spotify:track:13qZEcenTSk06dQbQlPPcz;0,352;0,782;1;-10,937;0;0,0435;0,000958;1,37E-06;0,103;0,591;160,912;163507;4;38,13174;5;0;5
I Believe In You;Don Williams;spotify:track:1PpbrbgsXRXeKw1GnZMEv7;0,512;0,212;7;-21,426;1;0,0483;0,88;0,00573;0,115;0,51;117,756;246440;3;22,4743;15;1;5
I Can't Stop (Holding On);The Cleaners From Venus;spotify:track:0gXzWoMLtkiXMM5ORUO3go;0,585;0,771;1;-5,247;1;0,0315;0,0574;0,814;0,066;0,46;136,096;140373;4;35,75424;9;0;5
I Don't Know;Michael Morales;spotify:track:6wKfivQMFI74aq6rxxSqtu;0,593;0,618;10;-11,099;1;0,034;0,46;0;0,121;0,549;97,093;236840;4;48,84664;12;1;5
I Don't Need You Anymore;Together? (Soundtrack) Featuring Jackie DeShannon;spotify:track:37kQ05ckP0ECU5JMC6A8eU;0,312;0,333;4;-12,269;0;0,0365;0,497;0;0,0506;0,177;78,776;451067;4;57,31646;18;1;5
I Feel Love - Medley;Bronski Beat;spotify:track:4ANOgAo2pRLVd7y7mzlhfU;0,663;0,864;7;-9,49;1;0,0517;0,232;0,154;0,162;0,669;139,213;500800;4;54,8546;22;0;5
I Got You Babe;UB40;spotify:track:07itbZUgkAmBi4CEH5NniJ;0,756;0,61;5;-13,002;1;0,0709;0,0806;7,89E-05;0,114;0,863;173,818;189093;4;71,93769;9;1;5
I Guess That's Why They Call It The Blues;Elton John;spotify:track:23l1kVpqMVREiwU1YAlcr4;0,673;0,663;0;-7,29;1;0,0269;0,217;0,017;0,177;0,671;120,634;285333;3;35,44215;16;1;5
I Like You;Phyllis Nelson;spotify:track:4mqAag0mULGpUKHqd9WdEV;0,679;0,723;4;-8,311;0;0,0382;0,0338;1,46E-05;0,0946;0,773;121,475;316027;4;36,04785;16;1;5
I Love A Rainy Night;Eddie Rabbitt;spotify:track:0zvNHIL7ci0ZzIoWU6RO2u;0,685;0,718;0;-7,724;1;0,0521;0,122;0;0,0556;0,958;131,463;191067;4;39,67544;9;1;5
I Miss You;Klymaxx;spotify:track:3d6UefBBvhqHxJLZdm8scF;0,553;0,345;5;-18,267;1;0,0342;0,499;0;0,252;0,305;139,562;333267;4;37,94736;14;1;5
I Need A Man;Eurythmics;spotify:track:2DlpVY9jR43GlK2M6XYcgM;0,697;0,945;7;-4,871;1;0,0571;0,0462;1,00E-05;0,0906;0,72;126,329;264333;4;43,00716;15;1;5
I Pledge My Love;Peaches & Herb;spotify:track:7mZBgeTb3oLqTRwC1suWXN;0,524;0,33;5;-14,264;1;0,0297;0,654;0;0,0635;0,553;179,598;255000;3;17,99506;14;1;5
I Ran (So Far Away);A Flock Of Seagulls;spotify:track:2Rwux3fRY1xxl167muIo93;0,537;0,815;2;-6,208;1;0,0348;0,000418;0,807;0,194;0,691;145,424;219907;4;33,30111;12;1;5
I Wanna Rock - Live;Junkyard Band;spotify:track:3BogalE7rEKC1KSLIPxwnb;0,593;0,686;1;-7,608;1;0,4;0,358;0,000127;0,122;0,383;178,368;246133;4;31,29293;12;0;5
I Want It All;Queen;spotify:track:4DtB1PJsbl4KAb2rZVNCUL;0,414;0,842;11;-5,698;0;0,0483;0,025;2,45E-06;0,374;0,392;92,09;242093;4;46,12363;10;1;5
I Want You;Shana;spotify:track:0sdtAStTSLikyTg9PTTyys;0,741;0,81;5;-10,751;1;0,0524;0,241;0,18;0,0921;0,827;119,629;305773;4;33,34488;12;1;5
I Was Looking For Someone To Love;Leif Garrett;spotify:track:2VAFPbaGuEdwcT9U1vhKcI;0,472;0,317;2;-16,294;1;0,0372;0,0693;1,34E-05;0,1;0,137;140,842;179493;4;33,12121;9;1;5
I. Android;Andy Clark;spotify:track:1VheXr6hbt7RVPNbtlIYJ0;0,595;0,723;11;-12,01;0;0,0342;0,0293;0,963;0,134;0,821;157,673;177361;4;29,4451;9;0;5
Icebreaker;Skinny Puppy;spotify:track:0OFDgrc7wwMSK1kXHJPLoT;0,487;0,523;7;-13,078;1;0,0687;0,102;0,000929;0,323;0,552;100,017;194533;4;46,36931;9;0;5
Ideologia - Ao Vivo;Cazuza;spotify:track:4s6qyTWg5r4EyOi2QIwM9g;0,606;0,732;10;-10,8;0;0,0322;0,0945;6,65E-06;0,0841;0,727;132,111;245200;4;29,07146;14;0;5
If I Stand;Rich Mullins;spotify:track:2QRdsueeRprk951Ywo69Yw;0,497;0,139;0;-16,158;1;0,0314;0,799;0;0,113;0,553;99,885;225067;4;29,49318;14;0;5
If Looks Could Kill;Player;spotify:track:2xjmPPUtAmHZUP8tGjPeRj;0,651;0,706;1;-7,411;1;0,0363;0,0154;0;0,0719;0,704;121,839;215146;4;42,14981;11;1;5
If This Is It;Huey Lewis & The News;spotify:track:2pAdtQuiEVGr7nOXGiv7t4;0,376;0,667;7;-7,407;1;0,0356;0,209;1,50E-06;0,317;0,844;108,177;233160;4;82,10881;9;1;5
I'll Be Alright Without You;Journey;spotify:track:2PWldJzHn86WNueLuH7bV0;0,586;0,742;2;-6,836;1;0,0269;0,117;3,99E-05;0,0702;0,538;97,378;273973;4;24,3773;14;1;5
I'll Fall In Love Again;Sammy Hagar;spotify:track:5y9gFWBjJBLsVsVoj92Oee;0,63;0,654;2;-12,178;1;0,0311;0,0914;2,11E-05;0,044;0,775;122,356;254600;4;54,32735;11;1;5
I'll Find Another (Who Can Do It Right);The Payolas;spotify:track:2KH00oiyFc1B9yugFz0W86;0,59;0,691;9;-17,589;1;0,048;0,32;8,73E-05;0,371;0,599;140,43;220467;4;47,90789;10;0;5
I'll Never Shed Another Tear;The Bluegrass Album Band;spotify:track:3viL0mvEYvkc9TadVCRdUz;0,62;0,509;7;-13,32;1;0,0317;0,522;0,141;0,152;0,963;127,373;183800;4;67,28365;9;0;5
I'll Wait;Van Halen;spotify:track:2TIKWWCf6qAtVP6AGa7e9k;0,626;0,852;2;-4,584;0;0,0359;0,232;4,12E-06;0,501;0,864;115,397;280147;4;25,86574;7;1;5
Illegal Alien;Genesis;spotify:track:3luK0EopBKssq6nOSlQFpe;0,626;0,914;10;-6,94;1;0,0505;0,0813;0,00534;0,355;0,962;144,314;316880;4;20,54636;15;1;5
I'm Almost Ready;Pure Prairie League;spotify:track:2jqPD4QMg03ZhzuLRlpjw9;0,518;0,823;9;-13,546;1;0,0396;0,0288;0,0147;0,134;0,899;150,564;243067;4;35,68075;13;1;5
I'm Alright;Kenny Loggins;spotify:track:7vJnM5FUcOV3xAKJHSSUWj;0,554;0,833;7;-7,562;1;0,0459;0,128;1,75E-06;0,3;0,95;162,854;226373;4;22,742;10;1;5
I'm Available to You;Rev. Milton Brunson;spotify:track:2lWFN5HviKVkFtybv85FaU;0,201;0,376;10;-14,658;1;0,0356;0,556;0;0,913;0,215;90,702;379735;4;19,73129;17;0;5
I'm Gonna Miss You;Kenny Loggins;spotify:track:0k7xF4CsvVyGQ11t81asRx;0,695;0,665;0;-10,85;1;0,0271;0,574;3,99E-06;0,456;0,855;100,908;260160;4;26,10077;13;1;5
I'm No Angel;The Gregg Allman Band;spotify:track:2Yt2u7vNSCkPUy1awRFSPV;0,621;0,773;4;-12,157;1;0,0475;0,144;0;0,161;0,856;140,748;222893;4;20,54572;11;1;5
I'm on My Way;The Proclaimers;spotify:track:1HuAR7RyNWQq6vHwOFHWqx;0,824;0,634;8;-10,296;1;0,0342;0,369;0;0,0665;0,743;118,922;225587;4;38,1822;11;0;5
I'm So Glad I'm Standing Here Today;The Crusaders With Joe Cocker;spotify:track:3NUhniexSUjeLQiSUpswkD;0,454;0,497;1;-7,034;1;0,0499;0,335;9,26E-06;0,0621;0,418;139,063;300573;4;50,41855;12;1;5
I'm That Type Of Guy;LL Cool J;spotify:track:2qqqDzzl3nt2ICOy8uH0h6;0,853;0,715;1;-6,155;0;0,136;0,00352;0,547;0,206;0,868;119,46;317480;4;36,1513;15;1;5
Improvisation & Prelude;Anthony Braxton;spotify:track:501Z4NJzIdDwNrOxZzDU41;0,56;0,0513;2;-18,009;0;0,0608;0,974;0,234;0,108;0,193;113,657;366600;3;50,25204;18;0;5
In A Big Country;Big Country;spotify:track:1tAFvq63jO3n9WaDCZPJNh;0,641;0,775;9;-6,419;1;0,0498;0,00184;0,177;0,0948;0,854;126,174;284067;4;43,62494;14;1;5
In a Manner of Speaking;Martin Gore;spotify:track:3yePYpujYvb2KZTdmZCwQg;0,601;0,466;5;-14,061;0;0,028;0,0528;0,833;0,21;0,165;109,995;259800;4;46,57357;12;0;5
In A Manner Of Speaking;Tuxedomoon;spotify:track:45lP1uxa0DqCnO0rmzOX7Q;0,649;0,175;0;-16,364;1;0,0404;0,652;0,0012;0,139;0,401;104,113;210040;4;30,88778;11;0;5
In Ankhon Ki Masti;Asha Bhosle;spotify:track:2swSa0NQv8Miu2fXj8pLh0;0,516;0,46;5;-11,782;1;0,0368;0,798;2,68E-05;0,112;0,5;107,643;343453;4;28,2207;17;0;5
In God's Country;U2;spotify:track:1AQYE6CcYKlzM8e9Df5i1g;0,497;0,704;2;-8,085;1;0,0324;0,0071;6,69E-05;0,783;0,607;125,919;176597;4;54,22678;7;1;5
In My Dreams;Bronski Beat;spotify:track:2DyXM4vrX7LO0wOpwn5MVz;0,637;0,396;9;-17,181;1;0,0304;0,0801;6,01E-06;0,132;0,846;119,974;261067;4;34,69147;12;0;5
In the Blood;Metal Church;spotify:track:2leMkzir5YCzhIrBJFR5jO;0,338;0,92;4;-13,102;1;0,055;0,00118;0,349;0,0539;0,239;154,757;211427;4;25,50207;11;0;5
In The Driver's Seat;John Schneider;spotify:track:6jJi8OXF5qaFdysB6sjWIT;0,642;0,889;2;-5,62;0;0,0494;0,375;0;0,18;0,764;163,351;162293;4;33,62053;7;1;5
In Your Soul;Corey Hart;spotify:track:07IPCjbO0uTagS8ZxZevcK;0,666;0,58;9;-11,297;1;0,0289;0,372;1,28E-05;0,0644;0,829;126,965;236560;4;27,88335;11;1;5
Indestructible;Four Tops;spotify:track:7CWSuqxO78yfJXOsFaep67;0,647;0,775;0;-13,438;1;0,0346;0,0769;4,84E-06;0,3;0,544;107,724;270893;4;64,62514;13;1;5
Inside Outside;The Cover Girls;spotify:track:6L14MdRtQrxsuQQ5thpRKY;0,375;0,921;11;-5,387;1;0,239;0,0012;0,00509;0,27;0,455;121,208;206853;4;21,80397;14;1;5
Into the Night;Andy Clark;spotify:track:14mFsm1h7eNZTcbtgNXTNv;0,319;0,76;0;-14,119;1;0,0439;0,202;0,947;0,0508;0,829;124,955;234827;4;37,53746;8;0;5
Invitation To Dance;Kim Carnes;spotify:track:69giSyXuflQcEoR8OpWQ36;0,823;0,931;0;-5,191;1;0,0306;0,225;3,18E-06;0,301;0,963;122,774;219347;4;27,61782;12;1;5
Irony of Force;Milan Pilar;spotify:track:1jT0cqkVIq5W3L7WLQY5A8;0,784;0,483;4;-16,495;1;0,0649;0,00667;0,427;0,177;0,383;110,039;180897;4;17,18379;8;0;5
Is My Living in Vain? / You Brought the Sunshine / Hallelujah (Medley);The Clark Sisters;spotify:track:1D4IYk4ajd9ipJb8AccYy8;0,429;0,711;10;-14,252;0;0,0883;0,0136;0,0295;0,321;0,484;127,078;418427;4;60,28644;16;0;5
Is This Love;Pat Travers Band;spotify:track:6bpImvIKBxcNT8eAslInnN;0,665;0,396;1;-13,893;1;0,101;0,0319;0;0,0862;0,576;123,88;328467;4;31,48069;18;1;5
Is This Love;Whitesnake;spotify:track:0IhUdJRoolbYeEMPL59XPm;0,263;0,759;0;-7,288;1;0,0431;0,0555;0;0,231;0,429;179,904;284496;4;34,35584;10;1;5
Island Of Lost Souls;Blondie;spotify:track:6zpOOolgl41YcyyQfbykpR;0,599;0,632;2;-8,77;1;0,0432;0,181;0,00187;0,638;0,835;81,287;230120;4;37,36599;10;1;5
It Might Be You;Stephen Bishop;spotify:track:2wBblZ0wyRVjSVKQrNwSFx;0,577;0,391;7;-10,591;1;0,0243;0,21;7,20E-05;0,393;0,253;89,676;253867;4;31,72789;11;1;5
It's Gonna Be Special;Patti Austin;spotify:track:4lnCRePjuHHEo2YNyPcA7g;0,713;0,834;6;-5,835;0;0,0672;0,433;0;0,841;0,733;121,809;259013;4;25,27514;12;1;5
It's My Thing;EPMD;spotify:track:7BfnmWeEBPLWsIEfybTBYT;0,795;0,709;11;-6,326;0;0,315;0,216;8,03E-06;0,305;0,804;102,585;342347;4;16,32859;15;0;5
It's No Crime;Babyface;spotify:track:2zFqQ0xLiMHOVUuV5zw9Gq;0,802;0,802;2;-6,709;1;0,0513;0,0608;0,000252;0,0727;0,912;116,316;241493;4;34,75763;12;1;5
It's Only Love;Simply Red;spotify:track:6i1uWZYWabNHq2wQnoca58;0,666;0,884;9;-5,243;0;0,0429;0,506;0,00612;0,0408;0,754;92,005;298573;4;58,02635;9;1;5
I've Done Everything For You;Rick Springfield;spotify:track:2L51ByCm8ugVheFc8UklzS;0,594;0,898;4;-4,796;1;0,0452;0,0228;0;0,0627;0,808;161,512;197053;4;29,94205;12;1;5
Jamás;Camilo Sesto;spotify:track:2AL3PHnY0cdOiCvpHjvIQi;0,455;0,595;5;-6,165;1;0,0337;0,278;0,011;0,174;0,261;131,325;193707;4;63,91857;9;0;5
Jardín de rosas;Duncan Dhu;spotify:track:3MvbFAlNARGUpMPEkn88Ho;0,551;0,941;7;-4,31;1;0,0461;0,11;0;0,266;0,915;83,53;141280;4;47,02848;7;0;5
Jeena Nahi;Amit Kumar;spotify:track:4wTCkMHovw8OQ9xs3sjaWM;0,432;0,557;10;-10,139;0;0,0335;0,863;0,00857;0,288;0,534;103,32;477227;4;25,18574;20;0;5
Jehovah-Jireh - Live;Don Moen;spotify:track:3SsK7VCQWZRrhf3SmpVYUO;0,44;0,437;4;-11,402;0;0,0308;0,539;0;0,632;0,596;124,906;151293;4;98,4213;4;0;5
Jersey Bull Blues;Charley Patton;spotify:track:1PcjW2RYzT6Qof2dh87CaO;0,549;0,266;10;-13,615;1;0,034;0,993;0,000374;0,474;0,482;113,697;191693;4;42,86913;7;0;5
John Coltrane Stereo Blues;The Dream Syndicate;spotify:track:1jyvGhuDOVg6bQhd8PI4J1;0,505;0,702;9;-13,314;1;0,0546;0,00089;0,0015;0,506;0,839;128,992;527667;4;41,29476;18;0;5
John Henry;Pink Anderson;spotify:track:6Oxwv228V20ITgwYxlV5bA;0,567;0,295;9;-14,359;1;0,0394;0,989;0,612;0,137;0,313;130,333;325800;4;25,28684;18;0;5
John The Baptist Jones;Momus;spotify:track:5Efy4IIz9uWQwD7iWgMWhI;0,383;0,568;6;-6,992;0;0,0301;0,2;0,000452;0,148;0,112;156,569;192107;4;31,33808;9;0;5
Johnny Come Home;Fine Young Cannibals;spotify:track:4fFxkU9C7prSviiYtvlV8V;0,775;0,882;10;-6,96;1;0,0458;0,00898;0,000247;0,0628;0,963;133,62;211507;4;29,92608;10;1;5
Johnny tu n'es pas un ange;Édith Piaf;spotify:track:7LnI9dxw4rnnj6ey4R3THe;0,648;0,337;10;-8,891;0;0,0389;0,738;0;0,201;0,45;127,388;131307;4;40,866;6;0;5
Jones Vs. Jones;Kool & The Gang;spotify:track:0kxvCmLStAHSjfzeA5flcH;0,71;0,414;7;-15,575;1;0,0461;0,404;0,000141;0,0405;0,807;92,959;256827;4;50,75723;11;1;5
Juke;Hubert Sumlin;spotify:track:3fyOhxS6G0CYSdl8p1264W;0,518;0,705;5;-12,265;1;0,0348;0,346;0,934;0,288;0,875;97,477;95373;4;22,0352;6;0;5
Jump (for My Love);The Pointer Sisters;spotify:track:4k0bXm9Q4RaTuYi09i4lKK;0,86;0,705;10;-12,514;0;0,0894;0,107;8,87E-06;0,149;0,854;134,395;262618;4;50,87215;12;1;5
Jungle Hop;The Cramps;spotify:track:1dUa62j9wHiRURckxJWgr9;0,504;0,792;4;-11,639;0;0,0423;0,0765;0,0111;0,38;0,631;102,676;127013;4;108,57534;4;0;5
Jungle Love;The Time;spotify:track:0QUpBXTOdB4JJyTGFN6dH1;0,761;0,641;8;-13,466;0;0,0445;0,0713;0,0269;0,483;0,822;119,61;333360;4;20,86481;11;1;5
Just A Beat;Eric B. & Rakim;spotify:track:0Flx2Jv1sSxLRJoKfKCyEp;0,918;0,54;1;-9,219;0;0,147;0,00977;0,904;0,211;0,408;114,197;124867;4;32,97081;7;0;5
Just a Little bit South of N.C.;Glenn Miller Orchestra;spotify:track:2FwqnrjlGoAZZ00Ybe27uC;0,521;0,474;8;-12,904;1;0,152;0,964;0,0124;0,679;0,573;160,098;128160;4;22,41306;6;0;5
Just Because;Anita Baker;spotify:track:7mTx44Hkkffs6yTlZxFq34;0,594;0,598;8;-8,587;1;0,0399;0,671;0;0,044;0,433;85,64;311240;4;37,9753;13;1;5
Just Once;Quincy Jones Featuring James Ingram;spotify:track:0rKPoDE9Bm4OcZeyHrHZnV;0,622;0,49;0;-7,486;1;0,0342;0,688;0;0,103;0,324;143,863;269280;4;34,09266;12;1;5
Just The Two Of Us;Grover Washington, Jr. (With Bill Withers);spotify:track:1ko2lVN0vKGUl9zrU0qSlT;0,803;0,488;1;-9,303;1;0,0803;0,576;0,0609;0,0763;0,624;95,771;237106;4;58,38841;9;1;5
Just To See Her;Smokey Robinson;spotify:track:7LOYcC6phKAVOckgmVZJJT;0,821;0,379;4;-15,489;0;0,0334;0,153;0;0,0839;0,914;109,123;244027;4;32,196;11;1;5
Just When I Needed You;The Bluegrass Album Band;spotify:track:43fy9Qh3CxOaAcbzPPIsPF;0,551;0,487;8;-11,524;1;0,0328;0,622;0,000587;0,334;0,909;105,412;156560;4;33,28247;8;0;5
Justice Prevails;Further Seems Forever;spotify:track:2n3zk6GTO9gKwyIAyxvUZQ;0,347;0,829;0;-4,587;0;0,0658;0,00648;0,000191;0,0728;0,252;125,93;280920;4;33,28064;8;0;5
Karlsquell;Slime;spotify:track:0dKZEZz777oe44cU0KPRgJ;0,421;0,989;10;-5,624;0;0,0828;0,00038;0,00168;0,757;0,297;114,02;162627;4;56,49899;8;0;5
Karma Chameleon;Culture Club;spotify:track:2wSAWEYUHkt92X4SBAPqZE;0,668;0,73;10;-7,182;1;0,0366;0,225;0;0,188;0,894;92,049;252773;4;40,52074;13;1;5
Kasme Vaade Nibhayenge Hum - Part I - Kasme Vaade / Soundtrack Version;Kishore Kumar;spotify:track:1Uk5Y5StpSIFIzYJ7EJZvY;0,519;0,554;6;-7,498;1;0,0322;0,63;8,81E-06;0,401;0,634;134,497;285827;4;49,76789;10;0;5
Keep Your Eye On Me;Herb Alpert;spotify:track:1Xh1mNgvOolZ2TCFERLdnJ;0,799;0,74;1;-11,582;1;0,0583;0,00157;0,634;0,317;0,642;114,623;312320;4;33,20839;11;1;5
Key To The City;Tony MacAlpine;spotify:track:5bZBElpPA17PBkLrkzVcrW;0,181;0,744;4;-10,857;0;0,056;0,052;0,908;0,135;0,3;139,937;278733;4;42,29733;17;0;5
Kickin' Ass;KMFDM;spotify:track:2pgea9j7B3FLiUXTlnCP9j;0,667;0,867;5;-6,227;0;0,0365;0,00218;0,162;0,183;0,897;109,329;248387;4;47,15776;11;0;5
Killing Me Softly;Al B. Sure!;spotify:track:6SfLOaHzIw2Md8r0swZ6RO;0,694;0,26;5;-18,7;0;0,0367;0,504;0;0,154;0,366;125,076;291200;4;15,94511;12;1;5
King of Hearts;Lucinda Williams;spotify:track:0iSQfYXHFZleDXQ3MqG01A;0,458;0,303;9;-17,653;1;0,0375;0,335;0;0,136;0,449;145,653;245133;3;26,36699;13;0;5
King Of Suede;"""""""Weird Al"""" Yankovic""";spotify:track:0uTSpsec5kXkNQQjzt6dIB;0,78;0,808;11;-10,056;0;0,0382;0,271;0;0,0958;0,569;128,505;255373;4;22,78319;12;1;5
Kmo Tzipor;Ofra Haza;spotify:track:3Su6EEEx7uM6w52i10XIBh;0,601;0,498;7;-9,644;1;0,0379;0,303;4,79E-06;0,254;0,65;133,341;240797;4;26,2614;12;0;5
Krugerrand Gladiators;The Cleaners From Venus;spotify:track:5mFOtE2JJOTklHYW2TB9cG;0,602;0,91;3;-6,572;0;0,169;0,14;0,0634;0,0928;0,736;84,398;218560;4;23,30244;8;0;5
La Gata Bajo la Lluvia;Rocío Dúrcal;spotify:track:2kfSFdq2h0xLXq01em1zc7;0,499;0,648;7;-5,812;1;0,0331;0,723;0;0,576;0,464;88,14;219107;4;33,56609;10;0;5
La Paloma;Nana Mouskouri;spotify:track:0PBe8JaNerBKAMNdby2kXV;0,548;0,26;9;-18,324;1;0,0305;0,844;4,10E-06;0,107;0,469;96,754;256667;4;45,81214;10;0;5
La reponse;Ton Steine Scherben;spotify:track:39RJm0Cmcy6qUwdNz3Po30;0,435;0,779;9;-8,476;0;0,0452;0,000211;0,71;0,118;0,798;148,882;151547;4;32,95152;8;0;5
La Tórtola - Remasterizado;El Fary;spotify:track:4F6cqIzAqZ1ybw80snjE7l;0,405;0,553;3;-6,769;0;0,0534;0,727;0;0,0854;0,553;121,441;237173;4;32,23391;12;0;5
La Trezième Revient (The Thirteenth Returns);Diamanda Galás;spotify:track:4HUSYx4gffYxoaEvdY9MPc;0,165;0,297;4;-14,16;0;0,0361;0,282;0,92;0,448;0,0388;113,233;304133;4;126,78791;10;0;5
Lá vem o sol;Lulu Santos;spotify:track:74o1pFywinH2eEPxbbaLqc;0,583;0,463;7;-11,85;1;0,0287;0,939;7,08E-05;0,0641;0,413;132,349;178067;4;23,82343;8;0;5
Labour Blues - Live;Louisiana Red;spotify:track:1VfwIV5bTNl3PbMKyEicGj;0,46;0,556;7;-10,499;1;0,0423;0,827;0,0168;0,868;0,72;150,602;293173;4;48,41365;15;0;5
Lady;The Whispers;spotify:track:7sPLPOIORz3sLE2oNbpndr;0,495;0,393;9;-8,634;0;0,0593;0,353;3,42E-05;0,138;0,71;67,953;307507;4;70,32825;14;1;5
Lady Soul;The Temptations;spotify:track:5rY2qSGDyHI1lHYnNOidy1;0,84;0,443;1;-11,655;1;0,0393;0,156;0,000235;0,059;0,906;114,008;285173;4;39,94004;12;1;5
L'agresseur agressé;Karl-Heinz Schäfer;spotify:track:1UsjNz1py22wmsoqjeTDdz;0,448;0,824;0;-8,98;0;0,591;0,743;0,884;0,785;0,138;131,551;209707;4;60,91061;11;0;5
Laguna Nueva;Aries Vigoth;spotify:track:4w0CUyoiaIbjB8rPc6dReQ;0,61;0,507;10;-9,531;0;0,0458;0,215;0;0,0932;0,923;176,786;203194;3;25,6376;10;0;5
Lass uns leben;Westernhagen;spotify:track:3UF9hLlfeUiYSd6IUXSXCA;0,594;0,283;7;-15,227;1;0,0338;0,41;0,00143;0,0275;0,406;115,601;264733;4;21,9171;9;0;5
Last Call;Skinny Puppy;spotify:track:4E8nwLIKKMGhUPFcFUYKG4;0,632;0,807;5;-11,981;1;0,051;0,0458;0,249;0,0484;0,795;107,11;354827;4;18,60527;18;0;5
Last Farewell;Death In June;spotify:track:7pfM7EOiCcDmu7nse8zJoV;0,176;0,31;1;-12,961;1;0,0525;0,708;0,974;0,424;0,0522;179,744;325333;4;31,12871;11;0;5
Late Night;The Cleaners From Venus;spotify:track:6xNgs3z0UzyODlYpy7hSrz;0,585;0,955;2;-6,132;1;0,0718;0,373;0,883;0,593;0,404;121,985;216080;4;46,55856;8;0;5
Lay It Down;Ratt;spotify:track:3D5ORNm9spaTcdRx50ksHx;0,442;0,759;10;-13,475;1;0,0354;0,000402;0,0081;0,174;0,279;198,117;205560;4;25,17896;12;1;5
Le rock pirate;Vladimir Cosma;spotify:track:0BSIlntTxCDw3p1Qn8cqRN;0,507;0,962;7;-7,105;1;0,0425;0,336;0,775;0,0778;0,846;157,892;155840;4;49,23759;7;0;5
Le rock pirate;Vladimir Cosma;spotify:track:15HTWFAMojGlQxlQyp6srS;0,507;0,962;7;-7,105;1;0,0425;0,336;0,775;0,0778;0,846;157,892;155840;4;49,23759;7;0;5
Leader Of The Pack;Twisted Sister;spotify:track:7eH6DXZt1hWbUWkRV7rade;0,604;0,592;8;-13,002;1;0,0347;0,0108;1,08E-06;0,194;0,376;127,905;225280;4;29,01577;12;1;5
Lear;Pauline Oliveros;spotify:track:58tXLPg2DQsrg5ts5CqWrR;0,116;0,0179;9;-32,948;1;0,0462;0,97;0,969;0,0871;0,0347;71,498;1496133;3;49,51074;55;0;5
Leave Me In Hell;Venom;spotify:track:5vCX1T6sQpjwL9cZ5fi6He;0,272;0,772;1;-11,23;1;0,0398;3,60E-06;0,00751;0,152;0,255;108,018;213560;4;94,94968;6;0;5
Leaving Wallbrook/On The Road;Hans Zimmer;spotify:track:5kOxj05I5jTqzWNjcJPdsT;0,332;0,441;7;-17,021;1;0,0513;0,00662;0,641;0,313;0,0393;87,509;173667;4;34,72418;4;0;5
Left In The Dark;Barbra Streisand;spotify:track:56Mezqhixz82RQZFcOUz9J;0,428;0,273;6;-20,813;1;0,0444;0,693;0;0,115;0,256;122,292;429733;4;51,28364;17;1;5
Leila;ZZ Top;spotify:track:7tnAAu1R09JUyjor6gwBrG;0,707;0,513;6;-14,836;0;0,0295;0,106;0,0519;0,289;0,791;111,402;195133;4;18,21774;10;1;5
Leisurely Waves;Nataural;spotify:track:0bunlfw30LiSE5jKZ1aoVL;0,18;0,999;6;-16,148;0;0,0451;0,576;0,0468;0,952;1,00E-05;93,58;105024;3;56,06489;4;0;5
Les histoires d'a;Les Rita Mitsouko;spotify:track:3mmy0hmZ2xLV7EOdrUA8Ai;0,738;0,644;9;-4,632;1;0,0287;0,179;0;0,406;0,717;128,384;240440;4;52,83644;12;0;5
Let Me Love You Tonight;Pure Prairie League;spotify:track:6vOMU2u38Z9Wru3CqPxcKs;0,461;0,454;10;-12,352;1;0,0488;0,404;0;0,0657;0,703;104,556;167107;4;43,1709;9;1;5
Let's Be Lovers Again;Eddie Money (with Valerie Carter);spotify:track:73UqbvizckbKrTNjbQMyeM;0,404;0,733;9;-7,012;1;0,0509;0,264;1,68E-06;0,147;0,588;199,085;234827;4;24,65215;9;1;5
Let's Go All The Way;Sly Fox;spotify:track:519RjNwkB3IGVCd742Q4gR;0,399;0,131;11;-17,055;1;0,0423;0,659;0;0,0843;0,117;61,311;228773;3;48,76718;9;1;5
Let's Go Round There;The Darling Buds;spotify:track:4Ij6cGZYtxxDSFTtDXJ4xy;0,516;0,891;11;-10,055;0;0,0453;0,276;0,00244;0,263;0,436;140,082;206493;4;61,1415;7;0;5
Let's Go Swimming;Arthur Russell;spotify:track:7IRtW4UUAxBKpHKITEK5bQ;0,335;0,313;7;-15,965;1;0,0469;0,618;0,000219;0,386;0,159;112,358;161867;4;37,5108;7;0;5
Let's Kiss;Beat Happening;spotify:track:3sIqPdFrNHQ7cT4lFowp60;0,612;0,617;1;-10,838;0;0,0569;0,89;0,00185;0,18;0,901;157,143;166373;4;41,67487;9;0;5
Let's Put The X In Sex;KISS;spotify:track:1wVslVHkU5N8b8JIzFbpb0;0,767;0,7;0;-9,879;1;0,0288;0,0873;6,21E-06;0,226;0,853;111,134;230621;4;41,31444;10;1;5
Let's Work;Mick Jagger;spotify:track:5amJrR2DUoxEHCMomzhgkE;0,584;0,983;0;-5,202;1;0,0605;0,0346;0,447;0,408;0,552;117,349;291173;4;29,07501;12;1;5
Libertad;Nana Mouskouri;spotify:track:3MKcTKttSWHDsQm1bao4z4;0,126;0,262;6;-15,139;1;0,0408;0,934;5,29E-06;0,176;0,162;79,017;240053;4;98,93968;8;0;5
Liebe ohne Leiden;Udo Jürgens;spotify:track:4pRms8DFBAvUrdxZxnh7xL;0,591;0,567;4;-12,229;0;0,0312;0,381;0;0,0507;0,704;126,388;222000;4;39,76441;10;0;5
Like To Get To Know You Well;Howard Jones;spotify:track:4U5Te3C8adcnclsVqppxKy;0,759;0,599;8;-9,504;1;0,0395;0,169;0,000946;0,0369;0,895;97,29;240187;4;20,74457;11;1;5
Linda História de Amor;Um Toque a Mais;spotify:track:1rHILxpfl3WP6xaA2G9q5n;0,602;0,311;9;-20,473;1;0,0418;0,173;0;0,508;0,824;81,385;225123;4;21,26831;8;0;5
Little Fury Things;Dinosaur Jr.;spotify:track:6mEj5F1nVevv5jZxme8RRy;0,211;0,951;6;-4,169;0;0,0973;0,069;0,0292;0,262;0,396;128,374;186893;4;85,40688;5;0;5
Little Liar;Joan Jett & the Blackhearts;spotify:track:78IlMYdaAwoR4cTPqPgMax;0,347;0,594;1;-11,716;1;0,0324;0,374;0;0,145;0,187;96,264;239600;4;34,14775;11;1;5
Little Suzi;Tesla;spotify:track:5ihJU3sYiOaUhU5S4LRJBV;0,55;0,719;2;-9,809;1;0,0387;0,0315;2,53E-06;0,115;0,358;89,975;297000;4;24,14057;10;1;5
Little Too Late;Pat Benatar;spotify:track:4aqHeNebN2dMaKutXlIz2U;0,574;0,755;4;-3,051;1;0,0597;0,192;1,06E-06;0,148;0,918;134,996;206373;4;22,00866;11;1;5
Live Every Minute;Ali Thomson;spotify:track:2PuRULKn9m7CLW3pyH9Df7;0,642;0,634;1;-12,019;1;0,0606;0,296;4,60E-06;0,0779;0,587;145,502;209429;4;35,82469;12;1;5
Live Every Moment;REO Speedwagon;spotify:track:3ZZnvxAiNumTbQn5Oudoxd;0,524;0,916;9;-6,56;1;0,0285;0,0268;0,000441;0,265;0,963;156,656;301773;4;24,69795;15;1;5
Live Is Life;Opus;spotify:track:5luOvrlnzfvJQdQjrScVj4;0,633;0,952;9;-4,274;0;0,0337;0,0532;1,73E-06;0,989;0,765;95,422;249500;4;150,54219;5;1;5
Living In A Dream;Pseudo Echo;spotify:track:1UvBTbYCPuOwnk0VXK4Amx;0,541;0,874;8;-5,128;1;0,0481;3,59E-05;0,00621;0,987;0,775;129,045;215853;4;22,75433;10;1;5
Living In America;James Brown;spotify:track:4Y5yjzs9FFw5qIgfZBd43I;0,754;0,854;0;-7,114;1;0,0363;0,00148;0,00692;0,0675;0,761;113,908;282840;4;20,44576;14;1;5
Living In Sin;Bon Jovi;spotify:track:4urd42euwvihhC3j1G8Jt2;0,267;0,793;4;-7,12;1;0,0415;0,0247;0;0,0634;0,526;174,118;279053;4;29,48887;15;1;5
Living With Victoria Grey;The Cleaners From Venus;spotify:track:3OnfNHxfiwlkOEEwthmMMN;0,44;0,746;5;-10,92;1;0,037;0,0669;0,000143;0,218;0,924;140,316;186423;4;42,6189;10;0;5
Liza Jane Blues;Big Joe Williams;spotify:track:0gEgoBICZcDGzTDnJuzWNU;0,569;0,215;8;-17,23;1;0,0962;0,883;0,0185;0,0684;0,817;81,799;119667;4;44,89182;6;0;5
Lizard Point - Remastered 2004;Brian Eno;spotify:track:3an5DoMqoNpJEQwfA48A4c;0,136;0,0108;1;-35,954;1;0,0343;0,897;0,813;0,147;0,0312;88,529;274307;4;65,80986;11;0;5
Lobo-hombre en París;La Unión;spotify:track:4akYOw6ZJu7WIbZViLrJqc;0,602;0,952;9;-5,193;1;0,0629;0,0161;4,86E-05;0,112;0,743;146,287;232160;4;28,24265;12;0;5
Lonely School;Tommy Shaw;spotify:track:44JFvUCM9325jy7M10AKBg;0,492;0,612;7;-11,156;1;0,0328;0,187;0;0,08;0,412;143,748;300480;4;30,49254;12;1;5
Look Away;Chicago;spotify:track:2dEVFDQ9Z9Gyl73yhoKl65;0,553;0,545;9;-7,278;1;0,0261;0,385;5,36E-06;0,105;0,201;85,959;242960;4;46,9024;13;1;5
Look. Back & Laugh;Minor Threat;spotify:track:7oaSBiHGHVmPIHYaSstwhQ;0,266;0,962;4;-6,126;1;0,117;0,00705;0,0344;0,191;0,508;82,265;196480;4;70,81;6;0;5
Lost Her In The Sun;John Stewart;spotify:track:2D9UFcG7uXamynisTMIyuj;0,688;0,708;4;-8,506;1;0,0302;0,128;0,00178;0,113;0,81;117,023;230427;4;46,83219;14;1;5
Louisiana Man;Lucinda Williams;spotify:track:3EzLckR7rPBshwGx1fTM9r;0,392;0,508;0;-11,99;1;0,0505;0,362;0;0,264;0,821;181,422;146360;4;20,13988;9;0;5
Love All The Hurt Away;Aretha Franklin And George Benson;spotify:track:7kDXcOBI7Bf43OgzVkWCM5;0,367;0,492;1;-10,494;1;0,0395;0,355;0;0,0795;0,392;127,741;250733;4;28,34445;12;1;5
Love Is Like A Rock;Donnie Iris;spotify:track:6GMyxGEdbHl2Wj8s32LWC6;0,677;0,93;9;-10,564;1;0,041;0,00814;0,000235;0,326;0,383;110,559;207640;4;53,94458;9;1;5
Love On The Airwaves;Night;spotify:track:3p2L6phu8fR5QMtxrHTo6U;0,592;0,67;3;-11,576;1;0,0492;0,155;0;0,234;0,813;128,788;239080;4;16,12302;12;1;5
Love On Your Side;Thompson Twins;spotify:track:0ZKtHVg8mu6GIngKP9vbhN;0,768;0,76;0;-9,296;1;0,104;0,0679;0,00211;0,0974;0,698;111,863;239667;4;26,4466;12;1;5
Lovin' The Night Away;The Dillman Band;spotify:track:41xWKAwhYsjVspVnao72JE;0,365;0,609;1;-9,315;1;0,0331;0,429;1,89E-06;0,221;0,566;84,645;237695;4;32,38993;11;1;5
Lucky;Eye To Eye;spotify:track:7gxTEzEkLPe5El51hlUxkz;0,655;0,79;10;-7,384;1;0,0482;0,12;0,000775;0,367;0,721;145,938;243053;4;20,21116;15;1;5
Luz do Repente;Jovelina Perola Negra;spotify:track:13Sj5vO8qk0aiMKgqv5Fzb;0,746;0,877;5;-3,664;1;0,111;0,286;0;0,156;0,885;109,085;234907;4;35,74778;12;0;5
Lyrics Of Fury;Eric B. & Rakim;spotify:track:0b2gLqiFoFl5qjs5CQcQaV;0,815;0,8;10;-15,051;0;0,167;0,492;0;0,287;0,89;106,064;255000;4;67,09658;10;0;5
Magical Dream;808 State;spotify:track:6xZkVmhKGs9ixMiR8CNRXC;0,603;0,875;7;-12,401;1;0,0567;0,0752;0,89;0,21;0,273;120,254;232627;4;124,50587;6;0;5
Main Titles;Danny Elfman;spotify:track:1CPV5lO94BWj1XQHA0R0Kb;0,534;0,776;9;-15,142;0;0,0937;0,645;0,000716;0,108;0,134;148,282;150693;4;40,05795;5;0;5
Make Believe;Toto;spotify:track:15taea6JZLAfG5OX0pzfG6;0,659;0,573;11;-12,416;0;0,031;0,0398;2,57E-05;0,0692;0,901;141,747;223133;3;23,79927;14;1;5
Make It Real;The Jets;spotify:track:3fGR17imrNcMkwm5WZSBbI;0,724;0,275;9;-11,332;1;0,0354;0,205;0,0001;0,0935;0,653;79,944;257067;4;24,25118;12;1;5
Make No Mistake. He's Mine;Barbra Streisand With Kim Carnes;spotify:track:0yWTY5DsdlY5bGrVlh7Hxj;0,156;0,0844;6;-21,035;1;0,0315;0,873;0;0,107;0,0893;71,874;249267;4;49,069;14;1;5
Make That Move;Shalamar;spotify:track:7vPd1EHjkZGXdHVwf9fXVd;0,788;0,685;7;-7,806;1;0,103;0,0354;0,000891;0,0636;0,753;116,947;373160;4;35,49741;18;1;5
Making Love In The Rain;Herb Alpert;spotify:track:3AIB7kIwgm8KdyO1UHepzB;0,559;0,49;5;-12,983;0;0,0286;0,499;2,69E-05;0,365;0,464;80,225;354973;4;24,45639;10;1;5
Margin Walker;Fugazi;spotify:track:5cwA1kFTS1l5BCzKigByg0;0,24;0,989;11;-4,304;1;0,142;0,0118;0,737;0,48;0,285;146,438;150467;4;41,76814;8;0;5
Marilyn on a Train (1982);The Cleaners From Venus;spotify:track:11oZ3hMuJH1GscAX68OdIR;0,67;0,883;2;-7,381;1;0,041;0,00385;0,00047;0,0811;0,935;92,465;244667;4;30,24961;12;0;5
Marinero de Luces;Isabel Pantoja;spotify:track:24UBqV1xJwNUns7nJVIbDu;0,582;0,411;2;-11,997;0;0,0884;0,612;0;0,129;0,462;116,568;182827;3;30,26136;10;0;5
Martires del Rock and Roll;Los Suaves;spotify:track:6qNI34MBRHZNjSXs7Xf4p2;0,431;0,8;2;-12,565;1;0,228;0,0023;3,01E-05;0,273;0,449;168,261;290067;4;48,73259;12;0;5
Mas Que Nada;Luiz Henrique;spotify:track:2qJOgnPjVOMXPDKKT0tgOO;0,575;0,179;4;-21,549;0;0,0501;0,902;0,0316;0,175;0,664;78,265;180053;4;31,91805;9;0;5
Mat Kar Tu Abhiman Re Bande;Anup Jalota;spotify:track:1CIO6hbvnro5TAcj64SnpI;0,448;0,449;4;-9,667;0;0,0338;0,808;0;0,132;0,56;100,216;316573;4;37,7948;18;0;5
Me So Horny;2 LIVE CREW;spotify:track:3EgvmOhP3NQUHY7d6PDOUg;0,941;0,727;0;-11,592;1;0,228;0,00472;0,000811;0,177;0,623;128,746;276467;4;28,43392;11;0;5
Me Veo Claramente;Silvio Rodríguez;spotify:track:4h7D1sYq7FEpfTdCrzb93Y;0,525;0,0567;4;-24,306;1;0,0436;0,884;0,00143;0,122;0,0762;104,121;345213;4;53,69937;16;0;5
Me Voy;Isabel Pantoja;spotify:track:0Ebktuylt9TU8u7udHOg7z;0,354;0,322;7;-12,477;1;0,0324;0,593;0;0,0613;0,225;94,037;237227;4;20,69286;16;0;5
Medley;Stars On 45;spotify:track:1gQPqkrPZ1RypZvSYEAygs;0,647;0,818;1;-6,174;0;0,051;0,155;8,18E-06;0,166;0,908;122,552;233213;4;20,12723;13;1;5
Menina Flor;Dutch Swing College Band;spotify:track:2lz0Qb1mL1vLGfXdK2h8xn;0,574;0,327;7;-15,354;0;0,0418;0,725;0,728;0,168;0,869;83,81;191507;4;33,5381;10;0;5
Merciless Game;Running Wild;spotify:track:3bxzmwJ1KR3H1OsNX3AWAs;0,238;0,966;6;-8,387;1;0,126;6,47E-06;0,06;0,113;0,209;155,857;229880;4;24,61367;8;0;5
Metal Generation - 97 Remix;Jack Starr's Burning Starr;spotify:track:6yeqW480NZAUiILDQE3iHA;0,222;0,955;7;-5,348;1;0,116;0,0038;2,33E-05;0,37;0,0828;89,961;246853;4;53,40711;10;0;5
Metal Invaders - Demo Version;Helloween;spotify:track:5gOFrswjSptt2fjNGU171P;0,271;0,974;11;-7,345;0;0,124;0,000177;0,00356;0,896;0,137;138,153;273893;4;28,12768;13;0;5
Meu Nome E Gal;Gal Costa;spotify:track:3xfxWX3Fz25DG34LZ6QQLf;0,546;0,606;9;-15,978;0;0,0842;0,152;4,55E-05;0,183;0,834;90,478;202600;4;59,00092;8;0;5
Midnight Blue;Louise Tucker;spotify:track:4jxC9fsCsG9oGFQjJUp71v;0,622;0,498;0;-10,081;1;0,0263;0,228;0,5;0,149;0,296;122,185;238275;4;36,46375;14;1;5
Midnight Rain;Poco;spotify:track:4ugv7nAdBdpmLmMwkkfTDl;0,363;0,46;9;-13,171;1;0,0358;0,159;0,000111;0,0535;0,55;201,593;266333;4;30,06647;14;1;5
Midnight Rider;Alison Krauss & Union Station;spotify:track:3aZrOHSfI21ByhLG76kChR;0,406;0,423;4;-14,841;1;0,0336;0,494;0,18;0,633;0,646;150,736;167640;4;33,63657;9;0;5
Mind Over Metal - Live At the Inferno;Raven;spotify:track:1kC9joimnPmaErMZZ0tJTb;0,28;0,918;5;-8,43;0;0,0741;0,000326;0,744;0,861;0,574;100,796;210600;4;48,95925;10;0;5
Miniboss Battle;Nobuo Uematsu;spotify:track:52MYeALgmxte4hf7HjrK7p;0,608;0,806;9;-8,275;0;0,0688;0,0157;0,865;0,0504;0,656;82,475;93533;4;53,08919;4;0;5
Misfit;Curiosity Killed The Cat;spotify:track:7a650uDexobOHVrUD1Crgf;0,712;0,913;9;-5,299;0;0,0475;0,526;0;0,128;0,914;116,871;241160;4;25,97399;11;1;5
Misled;Kool & The Gang;spotify:track:1kMInPKhtOag4FX4cMlqOT;0,827;0,643;11;-7,806;1;0,0455;0,012;0,00239;0,0365;0,938;122,373;246293;4;37,00002;9;1;5
Miss Clare Remembers;Enya;spotify:track:3qrDbxTNAYdg6vsTFeC2kh;0,334;0,0193;5;-23,006;1;0,0591;0,976;0,901;0,11;0,297;120,316;119351;4;12,00911;3;0;5
Miss Me Blind;Culture Club;spotify:track:56SnVQVuJuqnYA6rLdcg32;0,768;0,816;7;-6,66;0;0,0388;0,394;0;0,313;0,794;121,932;269880;4;27,00551;14;1;5
Miss Sun;Boz Scaggs;spotify:track:3MvGH0xFRahXIbvRtx4PSH;0,739;0,45;9;-15,091;1;0,0299;0,173;0,0868;0,0571;0,705;103,684;330507;4;50,22884;13;1;5
Missing You;Dan Fogelberg;spotify:track:1ZhDatT59MAoXRLtQiMMfg;0,632;0,791;9;-6,856;0;0,0313;0,195;1,04E-05;0,353;0,804;92,854;245293;4;41,68999;10;1;5
Modern TV;The Cleaners From Venus;spotify:track:11S86YMlVFn7uAwmD3kpjr;0,618;0,676;2;-9,194;1;0,0406;0,105;0,000416;0,165;0,701;139,569;139147;4;18,60839;9;0;5
Monday Blues - Horror Stories;Dwarves;spotify:track:21YLCAdhASZBJ3ZG6aVbHb;0,0913;0,904;9;-2,65;0;0,186;0,000627;0,853;0,615;0,557;186,548;85600;4;38,22418;4;0;5
Monkey;George Michael;spotify:track:2nzPzkGP9QSZ1lqvXTfyzT;0,683;0,879;1;-9,487;0;0,0459;0,0955;0,0828;0,448;0,702;97,062;306120;4;57,56252;12;1;5
Mordor - Live in Munich;Running Wild;spotify:track:586JuEkUz9LMuw359tnENM;0,22;0,924;11;-11,801;0;0,0468;3,20E-05;0,0706;0,937;0,273;176,57;264440;4;30,08494;14;0;5
More Than Physical;Bananarama;spotify:track:7csSKL4u7tGJLmHs2D1xyl;0,701;0,973;1;-4,656;0;0,0967;0,202;0,00911;0,0739;0,889;127,786;223793;4;43,59361;10;1;5
Mother Tongue (Remastered);Dead Can Dance;spotify:track:1DYBT1caJ1C4hoTP73Q9Cw;0,466;0,339;10;-14,665;0;0,0323;0,00613;0,843;0,115;0,0435;119,177;316880;3;42,21925;11;0;5
Move Away;Culture Club;spotify:track:5WFmMMxGnqMO5D5rerLAPn;0,672;0,687;5;-11,597;1;0,0392;0,158;2,21E-05;0,337;0,882;132,206;249440;4;30,1075;12;1;5
Move The Crowd;Eric B. & Rakim;spotify:track:5MuuJAB7IOw4zsq2okI0Sy;0,744;0,706;0;-8,471;1;0,299;0,112;0;0,0822;0,769;91,04;227293;4;39,10508;10;0;5
Much Better Down There;Éric Serra;spotify:track:1yBal1mAMTia7Ms2n1zjFT;0,262;0,0335;7;-22,381;0;0,0343;0,964;0,947;0,122;0,0438;142,063;100493;4;29,01588;6;0;5
Muleskinner Blues;Tony Rice;spotify:track:48mqsMuzeZbA36ZXvvM9f0;0,549;0,479;7;-16,302;1;0,0327;0,43;0,126;0,0825;0,808;134,777;263333;4;58,40158;12;0;5
Museum Of Love;Daniel Johnston;spotify:track:4Tx2qDRbAGefac8fiY6faZ;0,681;0,598;0;-10,356;1;0,0762;0,704;0,000175;0,214;0,934;129,362;258293;4;19,75314;12;0;5
My Heart Skips A Beat;The Cover Girls;spotify:track:43xOqAcwcJ8s3jPwU5R8fq;0,648;0,675;2;-9,401;0;0,0413;0,134;0,000249;0,139;0,54;116;320533;4;34,61909;10;1;5
My Life Is Starting Over;Daniel Johnston;spotify:track:07zsLcaV1xYD3FRotqvDRr;0,384;0,837;0;-6,131;1;0,0857;0,207;3,22E-05;0,202;0,882;164,803;126667;5;41,16103;8;0;5
My Name Is Anthony Gonsalves - From 'Amar Akbar Anthony' / Soundtrack Version;Kishore Kumar;spotify:track:5VK3mkWn3QsKZAjH3ORcww;0,626;0,579;3;-9,198;1;0,242;0,68;0;0,0665;0,757;92,754;332147;4;43,76655;13;0;5
My Prayer;Ray, Goodman & Brown;spotify:track:7evgtzPEfIxtrlWaAig7rw;0,493;0,526;10;-10,992;1;0,0295;0,398;1,61E-05;0,309;0,314;106,885;185227;3;32,94489;10;1;5
My Romance - Rudy Van Gelder Remaster;Gene Ammons;spotify:track:3jaUMGTyi4XHBZpXpIWzo2;0,464;0,0059;1;-22,41;1;0,0608;0,945;0,904;0,139;0,297;95,18;254027;4;22,54404;12;0;5
Nadie Es Como Tu;Rocío Dúrcal;spotify:track:1pAbxPEY5qiSJJRXpatqty;0,543;0,53;0;-7,235;1;0,0284;0,679;0;0,26;0,781;127,864;182560;4;33,80435;10;0;5
Naughty Naughty;John Parr;spotify:track:1rEhIxiCM5RFmIz04gLAVf;0,644;0,645;9;-7,777;1;0,0363;0,00778;1,29E-06;0,0747;0,894;113,607;219933;4;25,65571;11;1;5
Nazar Ke Samne;Anuradha Paudwal;spotify:track:56Ne0akGQ4GHPxS9MOL57G;0,458;0,51;11;-8,287;0;0,0331;0,715;6,37E-05;0,0814;0,526;142,993;335213;4;18,81085;20;0;5
Need A Little Taste Of Love;The Doobie Brothers;spotify:track:7785ghT4ZHFYUyniLySfRl;0,605;0,919;9;-8,372;1;0,0503;0,000382;0,00139;0,057;0,84;115,006;245413;4;50,31112;10;1;5
Need Your Loving Tonight;Queen;spotify:track:4PzUPLnioZI9MSM37vUwnW;0,604;0,876;9;-3,881;1;0,0393;0,329;0;0,241;0,801;137,812;169200;4;47,29766;7;1;5
Needles And Pins;Tom Petty & The Heartbreakers With Stevie Nicks;spotify:track:6Alshe3WYMVZRbYWgijYWT;0,497;0,73;9;-12,505;1;0,0585;0,0519;1,51E-06;0,822;0,381;119,488;145201;4;37,8921;7;1;5
Never Die Young;James Taylor;spotify:track:0ALbTno07vq90jEOFcHCbd;0,783;0,498;4;-10,446;1;0,0305;0,61;0,00178;0,196;0,609;123,89;264000;4;31,53762;10;1;5
Never Land [A Fragment] (Remastered);Sisters of Mercy;spotify:track:3xoTGSzIuC0EY4r9ZHBke6;0,58;0,736;0;-12,491;1;0,0343;0,000181;0,882;0,0482;0,492;149,558;169440;4;39,13835;6;0;5
Never Turn Your Back on Mother Earth;Martin Gore;spotify:track:5EWyjd80Cg8ZMzIKoU3bay;0,598;0,3;7;-14,142;0;0,0251;0,285;2,26E-06;0,322;0,263;90,014;182333;4;96,18757;7;0;5
New Day For You;Basia;spotify:track:237SMLdswRjGJmU445btJI;0,715;0,602;9;-12,148;0;0,032;0,159;0,00136;0,105;0,626;110,018;267467;4;85,25264;9;1;5
New Romance (It's A Mystery);Spider;spotify:track:6mRcTcQxjHByzX6eMWv13T;0,608;0,671;4;-12,549;1;0,0358;0,126;1,31E-06;0,091;0,76;133,894;189475;4;30,23218;11;1;5
Nicht mit mir!;Abstürzende Brieftauben;spotify:track:0vCfIuaUd9Ud2CQzzDoBoC;0,555;0,844;2;-11,111;1;0,0662;0,092;0;0,0472;0,691;80,047;146320;4;49,69548;6;0;5
Night Illusion (feat. Majorie Barnes);Tee Mac;spotify:track:6ZuLObGjW3CTRtjft5zwcm;0,708;0,497;0;-12,419;1;0,0756;0,0162;0,67;0,145;0,857;120,56;264760;4;18,7965;15;0;5
Night Lights;Gerry Mulligan;spotify:track:7jGGHvY9NqG8uSgnbqNF82;0,361;0,0264;7;-25,102;1;0,0446;0,985;0,823;0,0667;0,148;56,3;292227;4;57,83976;13;0;5
Night Rider;Pagan Altar;spotify:track:6AAGMEOastPpoLVMZbFg46;0,135;0,925;9;-3,018;1;0,132;0,000165;0,873;0,0655;0,479;65,398;252667;4;31,65634;14;0;5
Nightmare - Radio 1 Session;Venom;spotify:track:077bzGp5Lub2Yofj0u76Le;0,331;0,765;0;-12,168;1;0,069;2,25E-05;0,0377;0,279;0,17;124,973;205067;4;60,74587;8;0;5
Nightstalker;Cloven Hoof;spotify:track:5rrmPfdPSOAq9M2456CpZZ;0,259;0,968;4;-5,25;1;0,15;0,00137;0,00368;0,0668;0,484;167,233;231080;4;28,61793;11;0;5
Nighttiger - Remastered;Picture;spotify:track:30vWuVCpzw0Eqzgv2ZWBjk;0,53;0,917;2;-5,736;1;0,083;7,21E-05;0,0127;0,0923;0,335;136,747;202920;4;23,82686;11;0;5
Nine Million Rainy Days;The Jesus and Mary Chain;spotify:track:77UPPPUsW9xaoA9rFYaJuO;0,456;0,729;9;-8,413;0;0,0293;0,00712;0,758;0,116;0,371;178,797;270785;4;31,96727;14;0;5
Nirvana;Death In June;spotify:track:2gQ6vQMcLxscb5Xj16gdbt;0,513;0,936;9;-7,925;0;0,169;0,0843;0,292;0,404;0,389;136,583;166400;4;29,5096;11;0;5
No Competition;Eric B. & Rakim;spotify:track:2lGMcPCaEyBRu2wFA4kfyv;0,852;0,42;11;-21,28;1;0,293;0,0246;0,000699;0,355;0,647;117,109;232000;4;61,75679;12;0;5
No More Tears (Enough Is Enough);Barbra Streisand/Donna Summer;spotify:track:1wSPm3y4Lk6ABkVxCmwkZx;0,634;0,644;2;-8,234;0;0,0838;0,51;7,09E-05;0,32;0,286;135,24;282493;4;46,56178;14;1;5
No Puedo Dejar el Rock - En Vivo '89;Los Suaves;spotify:track:6vTmMRvACpylpn4lbI9ijd;0,29;0,903;9;-12,206;1;0,061;0,0511;0,000324;0,457;0,0793;102,449;331107;4;15,5119;16;0;5
No Reason;Matthew Young;spotify:track:6Y5xvsGySH5DAzyQAc0AiE;0,415;0,0779;1;-33,337;1;0,0503;0,967;0,813;0,376;0,971;107,815;184813;4;19,15864;11;0;5
No Way Out;Jefferson Starship;spotify:track:5ncLNCx0nnz763Aug1q4ay;0,587;0,791;5;-5,139;0;0,0301;0,0222;0,000115;0,0376;0,349;105,591;262573;4;49,03585;10;1;5
Nobody Weird Like Me - Remastered;Red Hot Chili Peppers;spotify:track:0tp9eoX9x9RZ2STDVarBBs;0,167;0,975;2;-4,279;1;0,216;0,000169;0,0161;0,172;0,0918;199,06;229960;4;29,36212;12;0;5
Nobody's Fool;Cinderella;spotify:track:6Emp7DEsP5a3nsEMwyB5iG;0,176;0,742;9;-5,543;0;0,0376;0,0058;0,0628;0,775;0,168;135,204;307453;4;29,88173;11;1;5
North;Current 93;spotify:track:4mMkawC8o9xgI4D9rXER6t;0,513;0,0787;0;-12,428;1;0,052;0,859;0;0,177;0,196;119,71;42707;3;0;2;0;5
North By North;The Bats;spotify:track:54r0OvSGxzwzLHqlUv2TOP;0,439;0,836;3;-11,718;1;0,0543;0,038;0,201;0,179;0,887;132,46;244600;4;57,72755;12;0;5
Nothin (That Compares 2 U);The Jacksons;spotify:track:4wfqntsKjeI91KlnAJ9Clh;0,77;0,754;2;-10,784;1;0,0484;0,0464;0;0,309;0,559;104,784;322160;4;32,85465;13;1;5
Nothing Much to Lose;My Bloody Valentine;spotify:track:3gOzKbPb3Atac29uUNY08H;0,282;0,95;2;-9,077;1;0,111;1,55E-05;0,819;0,212;0,0814;130,677;197307;4;36,82282;10;0;5
Notorious;Duran Duran;spotify:track:4znkNgqRMCF12mY7EbklsA;0,815;0,626;0;-13,406;1;0,0553;0,504;1,41E-06;0,0372;0,825;106,47;258000;4;57,76636;9;1;5
O Morro Nao Tem Vez;Stan Getz;spotify:track:7GzGoTxCzyrPPEVmdiLnkt;0,463;0,38;7;-13,032;0;0,0303;0,775;0,0662;0,137;0,676;152,409;412160;4;28,24787;24;0;5
O último romântico;Lulu Santos;spotify:track:3ydMZTMf4jK7FOLkYrE9km;0,716;0,494;4;-14,118;1;0,0288;0,62;1,28E-05;0,303;0,805;129,864;252307;4;19,88463;11;0;5
Ogya Behye Wo;The Cutlass Dance Band;spotify:track:4rTr6YVxHkXDtwHFJVUKFh;0,744;0,699;0;-10,784;1;0,0695;0,278;0,0283;0,147;0,951;127,42;295554;4;32,78416;14;0;5
Oh Boy;Slime;spotify:track:4xiZ2sx9ZMUsclWiLWklcJ;0,332;0,946;0;-5,413;1;0,0885;0,000946;0,00281;0,956;0,45;123,247;105800;4;5,51701;3;0;5
Oh. Sherrie;Steve Perry;spotify:track:4zEi4tr3lEhiAvTRxEzbEz;0,333;0,695;5;-5,116;1;0,0465;0,372;7,13E-06;0,107;0,317;203,753;229347;4;34,03893;10;1;5
Old Friends;Hubert Sumlin;spotify:track:3daHAQPBjwwIoeKPfePxk9;0,513;0,204;9;-17,375;1;0,0582;0,816;0;0,127;0,564;145,465;162067;3;33,74781;9;0;5
Olhos Coloridos;Sandra De Sá;spotify:track:4lAkwid17PBHkFPMWq5MJ3;0,822;0,443;5;-13,743;0;0,0386;0,0946;0,0161;0,0957;0,97;97,103;404960;4;22,05404;19;0;5
On A Carousel;Glass Moon;spotify:track:5S89LIMJfnXnZ1bAg7vF5P;0,439;0,487;11;-11,097;1;0,039;0,144;0,000113;0,219;0,615;119,135;206907;4;25,67649;9;1;5
On And On And On;ABBA;spotify:track:5k64eI1sCsJiFjkM2HTFi3;0,706;0,909;5;-6,002;1;0,0276;0,267;0,0689;0,161;0,945;128,005;220267;4;32,34037;9;1;5
On The Radio;Donna Summer;spotify:track:41v23mPw4Se92JKUGvnkmW;0,734;0,45;4;-13,92;0;0,035;0,113;1,13E-05;0,296;0,595;127,46;241507;4;34,25669;11;1;5
On The Road Again;Willie Nelson;spotify:track:1OmKo4t4Bh95xQI6WGiUR3;0,714;0,724;4;-8,488;1;0,042;0,55;0,101;0,826;0,802;111,173;153107;4;38,68719;8;1;5
On The Way To The Sky;Neil Diamond;spotify:track:1JfCKlPwbIty2pGavUFsu6;0,422;0,155;0;-18,412;1;0,0292;0,423;3,07E-06;0,133;0,0739;94,256;226400;3;29,23617;11;1;5
On The Wings Of Love;Jeffrey Osborne;spotify:track:6AEdWbrFREOUNmI1hMPbyc;0,546;0,352;7;-12,066;1;0,032;0,404;0;0,355;0,39;69,199;241760;4;24,65683;11;1;5
Once In A Lifetime;Talking Heads;spotify:track:38Ngied9rBORlAbLYNCl4k;0,644;0,919;2;-6,289;1;0,0561;0,181;0,134;0,622;0,871;117,459;259907;4;41,15323;11;1;5
One;Bee Gees;spotify:track:2TXQsN854jne8GXWbd3SJx;0,682;0,615;11;-12,839;1;0,0353;0,279;0,0414;0,036;0,958;109,047;294600;4;18,46329;11;1;5
One Good Woman;Peter Cetera;spotify:track:7ttAAvkXzs3IC1Qm3H1N3k;0,761;0,48;7;-14,141;1;0,0298;0,537;0,000151;0,0535;0,689;124,163;277973;4;25,31756;11;1;5
One Heartbeat;Smokey Robinson;spotify:track:74mogflQPJsYtZWZQ9mFmM;0,752;0,336;2;-15,097;1;0,0268;0,143;1,29E-06;0,0671;0,783;89,631;247000;4;43,12339;12;1;5
One Hundred Ways;Quincy Jones Featuring James Ingram;spotify:track:5SltMm0H5x0zoN7XFGYneH;0,696;0,5;8;-8,748;1;0,0394;0,489;7,54E-06;0,268;0,423;90;277213;4;44,97551;12;1;5
One More Try;George Michael;spotify:track:5932kbyNt445gDTT2chRUS;0,551;0,291;5;-12,544;1;0,0283;0,434;3,78E-05;0,11;0,0823;119,005;350667;3;26,34592;23;1;5
One O'clock Jump;Doc Severinsen;spotify:track:4D721KbGdtGhKtdDisrhZu;0,522;0,524;1;-10,495;1;0,0467;0,423;0,00729;0,218;0,77;93,133;174840;4;31,32482;8;0;5
One Of The Living;Tina Turner;spotify:track:7wFjrruuRzT6tE82AiBUio;0,711;0,909;5;-6,742;0;0,0341;0,052;0,00369;0,0717;0,898;111,128;358373;4;32,80359;19;1;5
One Step Closer;The Doobie Brothers;spotify:track:5MExTByQ0SqNrw5ivKggdB;0,663;0,552;9;-8,82;1;0,0342;0,403;0;0,0362;0,773;131,249;251893;4;53,51212;12;1;5
One Thing Leads To Another;The Fixx;spotify:track:5B37ocpk2zxeZL1lq5F6ui;0,789;0,945;5;-5,219;0;0,0482;0,198;3,11E-06;0,0617;0,965;136,745;199827;4;37,31624;8;1;5
Oniro pedión tis gitoniás (Dream of urban children);Manos Hadjidakis;spotify:track:6zQ3LDEpevjCXMusUjHvVH;0,358;0,133;8;-19,169;1;0,0414;0,764;0,000581;0,118;0,293;147,993;309507;4;36,6698;13;0;5
Only For Love;Limahl;spotify:track:4eZF5WW8YnSPMpLWa2d80F;0,739;0,594;11;-14,543;0;0,0416;0,149;0,000529;0,0512;0,96;140,237;236427;4;53,00176;11;1;5
Only The Lonely;The Motels;spotify:track:1BZMMt9H0TheQGWQy44KmO;0,649;0,313;8;-16,631;1;0,0339;0,0503;0,0017;0,0864;0,708;115,493;196200;4;26,02442;8;1;5
Ontem;Jorge Aragão;spotify:track:6FEAIq5RxG4sA9GM5WFf0J;0,429;0,739;2;-6,233;1;0,0489;0,435;0;0,0555;0,402;85,359;265107;4;28,60589;9;0;5
Operator;Midnight Star;spotify:track:4rLmt4hvKAx5C1PRpj1lg6;0,804;0,827;11;-8,188;0;0,0441;0,0112;0,00388;0,0909;0,7;125,276;448240;4;82,95411;16;1;5
Otis In The Dark;Otis Spann;spotify:track:6nNb8i8hEDDqwJlmfX1Ct4;0,406;0,481;4;-13,922;1;0,0305;0,986;0,893;0,181;0,584;116,393;277800;4;12,74363;14;0;5
Out Of Mind Out Of Sight;Models;spotify:track:7bdUKJBcNob37UCRAs1wC6;0,628;0,771;6;-13,637;0;0,0536;0,0117;0,000986;0,203;0,793;122,091;217467;4;49,31959;8;1;5
Out Of The Blue;Debbie Gibson;spotify:track:3A0wRQczzSNVtZfK8IBOMt;0,655;0,649;10;-10,018;1;0,0295;0,0188;3,13E-06;0,186;0,75;125,592;233333;4;32,24651;10;1;5
Outlaw;War;spotify:track:3tQO5AJkDV4qFs1GoUH59I;0,816;0,611;2;-9,513;1;0,0644;0,0204;0,378;0,0982;0,842;130,285;302600;4;37,3894;12;1;5
Outra Vez;Stan Getz;spotify:track:0ln3AOk7FHZSJSmt7YfHkW;0,635;0,287;8;-16,378;1;0,0441;0,838;0,0779;0,142;0,537;90,241;399893;4;72,34635;16;0;5
Outside My Window;Stevie Wonder;spotify:track:7fth5d5bhRQHq9VcVi1BuJ;0,717;0,53;6;-16,112;1;0,0375;0,812;0,000186;0,237;0,711;114,405;330133;4;22,93676;16;1;5
Outstanding;The Gap Band;spotify:track:6korvxtUEyt590jUFOfADm;0,792;0,476;6;-11,707;1;0,0412;0,372;0,0157;0,027;0,82;98,871;375400;4;33,7279;14;1;5
P.Y.T. (Pretty Young Thing);Michael Jackson;spotify:track:5lA3pwMkBdd24StM90QrNR;0,888;0,815;11;-4,909;0;0,0404;0,23;0,000424;0,127;0,961;127,273;238733;4;67,10734;9;1;5
Pacific 202;808 State;spotify:track:1nheoaEBmSRZKmwdZpDpvZ;0,536;0,657;8;-16,085;1;0,0481;0,00613;0,339;0,0863;0,531;128,257;341307;4;38,73637;13;0;5
Painted Moon;The Silencers;spotify:track:2BOdEwU54cnQhWpAqMUQqg;0,611;0,668;9;-10,164;1;0,0318;0,0705;0,486;0,08;0,251;125,264;365000;4;43,22434;15;1;5
Pamela;Toto;spotify:track:3LFdvM7nIV8t02zyhYLvJo;0,584;0,414;9;-16,409;0;0,0289;0,13;0,000616;0,064;0,532;97,56;309533;4;60,75856;14;1;5
Paper Wraps Rock;Momus;spotify:track:26TT1ywlRIIjrnF5aMO7HS;0,407;0,306;9;-15,735;0;0,0537;0,337;3,58E-06;0,151;0,508;154,233;239533;4;19,43087;12;0;5
Paperlate;Genesis;spotify:track:2GHCxqFK2xl4b0JRTl3v8s;0,617;0,958;7;-4,495;1;0,0615;0,107;0,000146;0,376;0,774;121,817;203493;4;35,02249;10;1;5
Paradise;Change;spotify:track:56nRvG4Te0dtmgxnhJBVm7;0,825;0,941;9;-5,072;1;0,049;0,126;0,00137;0,421;0,838;115,391;312960;4;68,46192;8;1;5
Party People (B Boy National Anthem) - Rubber Dub;Royal House;spotify:track:0uauOXVkWMm83gpyqHQ0Sy;0,819;0,939;4;-5,679;0;0,162;0,036;0,121;0,346;0,832;122,219;343665;4;59,29749;14;0;5
Passion;Rod Stewart;spotify:track:0vZCwj0Mq5uS8GwSIYo6Y7;0,692;0,525;9;-12,691;1;0,0373;0,0212;0,0019;0,0944;0,0879;103,679;333200;4;29,53221;17;1;5
Peanut Butter;Twennynine Featuring Lenny White;spotify:track:1avLYHHR0AEDmZVbicpWpu;0,797;0,656;2;-8,619;1;0,0587;0,054;0,00205;0,131;0,962;119,456;217453;4;38,41018;8;1;5
Perdóname. Olvídalo (with Juan Gabriel);Rocío Dúrcal;spotify:track:5ijugzGMjG0jmgkDkjotrh;0,272;0,141;5;-16,89;1;0,0366;0,751;3,00E-06;0,191;0,438;207,133;217067;4;48,05954;10;0;5
Physical;Olivia Newton-John;spotify:track:3hVrI7snZMTmHCnbwME47u;0,834;0,633;4;-11,442;0;0,0422;0,0631;5,00E-05;0,313;0,904;123,815;224773;4;46,3982;9;1;5
Piano Concerto No. 2 in F Major. Op. 102: II. Andante;Dmitri Shostakovich;spotify:track:7faWy3kAy0GkTqAzkUBhCf;0,155;0,00395;0;-39,307;0;0,0413;0,985;0,875;0,0678;0,0478;176,976;362520;3;45,99223;18;0;5
Play The Game;Queen;spotify:track:4b0mX1GtrQLiUW9jpb6Xcx;0,382;0,698;5;-5,772;1;0,0321;0,337;0;0,126;0,277;78,5;212533;4;65,68711;5;1;5
Playing To Win;Little River Band;spotify:track:3bTC0dp9O6QH9YnOtrikc8;0,654;0,948;7;-5,273;1;0,102;0,249;0;0,204;0,848;130,557;179120;4;30,30196;11;1;5
Playing With The Boys;Kenny Loggins;spotify:track:5mQYBoGU3BOAqiFq54b51i;0,638;0,87;2;-7,93;1;0,0362;0,0885;8,96E-06;0,116;0,892;141,674;239267;4;22,1579;15;1;5
Poison;Alice Cooper;spotify:track:5XcZRgJv3zMhTqCyESjQrF;0,28;0,908;2;-5,509;0;0,109;0,0327;8,85E-06;0,18;0,26;118,698;270080;4;36,90502;10;1;5
Political Song for Michael Jackson to Sing;Minutemen;spotify:track:2hPOhalhnij5ei9Y3VBgBQ;0,538;0,895;1;-8,629;1;0,161;0,171;0,000601;0,115;0,74;171,858;91133;4;49,21545;5;0;5
Pongamos Que Hablo de Madrid;Joaquín Sabina;spotify:track:4L3gOv26fhKuOZCOaZgQYj;0,512;0,397;4;-15,918;1;0,0458;0,207;0,000193;0,147;0,532;158,145;245800;4;17,3937;18;0;5
Pop Singer;John Mellencamp;spotify:track:74DprDeArqMMsyBv8hU1Sj;0,724;0,841;7;-5,318;1;0,0271;0,038;4,62E-05;0,0258;0,924;112,518;168000;4;46,75926;7;1;5
Pop Song;Lio;spotify:track:5cCwTzyMz0UtmdTDWMVPOD;0,666;0,736;2;-7,512;1;0,0352;0,0572;0,00556;0,23;0,872;101,11;205547;4;53,71973;9;0;5
Por Ti;Oscar Chavez;spotify:track:5yRsYFUzZma7IaXhROkuo8;0,658;0,4;4;-10,459;0;0,0333;0,797;4,81E-05;0,236;0,517;110,102;167467;3;50,86526;8;0;5
Port Royal;Running Wild;spotify:track:1iFhE5I3956lQPq24CWuJh;0,35;0,78;7;-11,907;1;0,0388;0,00368;0,656;0,364;0,667;96,957;252000;4;32,78882;11;0;5
Postcard Blues;Cowboy Junkies;spotify:track:3UJiiJddL5Ne9DJcXAUqai;0,371;0,0209;5;-29,912;0;0,041;0,883;0,0397;0,111;0,219;120,478;202667;4;22,50623;8;0;5
Pour Some Sugar On Me;Def Leppard;spotify:track:0PdM2a6oIjqepoEfcJo0RO;0,267;0,953;1;-4,899;0;0,096;0,00211;0;0,283;0,568;84,989;267307;4;35,41114;10;1;5
Precious To Me;Phil Seymour;spotify:track:0uDbaQ0mUscJhYV2dn7bNm;0,698;0,867;11;-5,946;0;0,0278;0,0184;0;0,102;0,956;129,549;171160;4;31,38554;10;1;5
Presence Of Love;The Alarm;spotify:track:5v2VrRd0Da8Vkl4iiB2KUg;0,617;0,788;5;-9,397;0;0,0304;0,0744;0;0,0477;0,584;121,017;252693;4;31,55865;14;1;5
Primitive Love Rites;Mondo Rock;spotify:track:1An9Ozaa1lNAvMgwfFP1vj;0,486;0,962;7;-3,55;1;0,141;0,0024;0,00823;0,125;0,711;173,237;290472;4;45,29531;14;1;5
Primitive Painters - Remastered;Felt;spotify:track:6o9wJs3adON4L38SfeujWZ;0,0819;0,779;9;-5,73;1;0,0434;0,00118;0,872;0,145;0,592;77,78;361293;4;50,0606;12;0;5
Principal's Office;Young MC;spotify:track:2t8tS2m4ay8trF9rh28oLg;0,835;0,799;1;-4,649;1;0,123;0,0887;1,06E-06;0,1;0,736;95,502;255947;4;76,3063;9;0;5
Prisionero;Aries Vigoth;spotify:track:4wAS64HlOEgmIwaKjDURYy;0,504;0,698;3;-7,512;0;0,032;0,736;0,00129;0,119;0,962;168,055;213108;3;17,91605;14;0;5
Prisoner of Our Time;Running Wild;spotify:track:5fkwQo6Bnl9mNujBValIFR;0,27;0,805;11;-11,685;0;0,0526;6,32E-05;0,00413;0,0774;0,546;142,147;326840;4;83,2504;10;0;5
Promiscuity;Boytronic;spotify:track:3LIHq6XdE07ySkXDoBehvq;0,587;0,783;8;-12,003;0;0,0341;0,00275;0,0227;0,19;0,939;133,693;254000;4;58,93467;8;0;5
Prove Me Wrong;David Pack;spotify:track:0mDl2b9PWgXBk2b15jzJqz;0,56;0,65;5;-11,788;0;0,0321;0,299;2,13E-05;0,112;0,926;161,929;261267;4;49,24273;13;1;5
Punk Is Dead - Live;Crass;spotify:track:0nNFGuR7ODUFWsVCS7b6Lv;0,312;0,765;10;-9,277;1;0,0951;0,00726;0,229;0,869;0,645;202,365;118880;4;79,43024;3;0;5
Quando Gira o Mundo (Que no Se Acabe El Mundo);Fábio Jr.;spotify:track:5YHCFidy08VLuVGVLELptH;0,578;0,509;9;-10,379;1;0,0284;0,377;0;0,085;0,377;138,192;264973;4;64,25149;9;0;5
Quién Diría;Ricardo Arjona;spotify:track:0zPmkE2lwjS5pP5e9XCD3Z;0,616;0,528;7;-9,422;1;0,0307;0,364;0;0,16;0,277;119,981;233107;4;32,15838;9;0;5
R.O.C.K. In The U.S.A. (A Salute to 60's Rock);John Mellencamp;spotify:track:0lqfBvf1Gqmmt3l5Qeirlm;0,433;0,958;9;-4,009;1;0,0818;0,00943;2,73E-06;0,227;0,874;164,009;174360;4;17,59127;9;1;5
Raça Brasileira;Elaine Machado;spotify:track:6DQE4sctdVXuRBe63joewg;0,549;0,592;2;-6,817;1;0,0469;0,681;0;0,288;0,819;149,319;252200;4;42,3071;14;0;5
Racer-X;Big Black;spotify:track:2EH0wWLnJXzp9fc2M1ZAmf;0,648;0,703;4;-10,193;1;0,0969;9,59E-06;0,614;0,0504;0,5;154,962;240560;4;17,3824;13;0;5
Radioactive;The Firm;spotify:track:0RslgVCtc9FCHd6z83YPkB;0,579;0,601;9;-14,415;0;0,0337;0,163;0;0,0536;0,615;106,2;169200;4;17,38066;8;1;5
Rain Forest;Pierre Favre;spotify:track:2jocsWazY1EBhyPtk4RiNV;0,315;0,271;8;-28,678;1;0,0765;0,866;0,317;0,104;0,0338;140,012;314227;5;32,42211;20;0;5
Ramon;Laurie Anderson;spotify:track:2SdsDYc73J4G7SkE5hITIn;0,698;0,393;9;-17,827;1;0,0275;0,587;0,00617;0,0525;0,698;104,599;305600;4;22,00959;13;0;5
Rappin' Partee Groove (Club Version);Rappers Rapp Group;spotify:track:07jUY67aJN7oXXcoOPxEeG;0,814;0,432;2;-13,941;1;0,239;0,38;0;0,0983;0,906;112,473;351707;4;40,53328;14;0;5
Real Love;Dolly Parton (Duet With Kenny Rogers);spotify:track:6cmv1w0ezmtjT1V61PG3lk;0,437;0,476;7;-10,545;1;0,0334;0,183;0;0,0419;0,846;200,469;233693;4;19,60852;14;1;5
Rebel Yell;Billy Idol;spotify:track:4TIJ7zSBNejpoIPaWpWRKc;0,53;0,864;4;-4,948;0;0,061;0,000753;0,000459;0,354;0,484;166,312;288533;4;18,22209;15;1;5
Red Hot;Herb Alpert;spotify:track:4d72Ji9WZozN9rcpTM0VDC;0,759;0,763;7;-12,136;1;0,0537;0,09;0,831;0,113;0,65;109,351;286105;4;27,33236;12;1;5
Red Sharks;Crimson Glory;spotify:track:62AZ3W3P3Ti0J3a1SNkknj;0,339;0,981;3;-3,28;0;0,148;0,000275;0,00457;0,205;0,542;126,623;287520;4;37,88138;15;0;5
Respect;The Real Roxanne;spotify:track:0LLxSx72774Uc4mnAocMOj;0,894;0,642;10;-15,886;0;0,0694;0,0413;0,000256;0,0696;0,912;112,031;258827;4;52,31244;11;0;5
Respect Yourself;Bruce Willis;spotify:track:5GIyNhDmHO5oUI2CWyKQ2e;0,726;0,739;7;-7,115;0;0,033;0,0725;1,48E-05;0,292;0,539;118,836;231560;4;37,73972;13;1;5
Respighi: Ancient Aires And Dances;David Grisman;spotify:track:0UWILLY32Qg1fWLgQlx7nN;0,603;0,156;0;-19,628;0;0,0387;0,955;0,791;0,317;0,661;106,002;152573;4;46,50104;6;0;5
Ricky;"""""""Weird Al"""" Yankovic""";spotify:track:76QlOaKjVbxqduVcwcQZWx;0,521;0,814;4;-8,27;1;0,108;0,066;0;0,0868;0,972;153,747;157067;4;20,40022;10;1;5
Ridge Road Gravel;Norman Blake;spotify:track:15KdIFSLpkeWxwMOVoLnxi;0,639;0,15;2;-18,53;1;0,0357;0,822;0,0013;0,139;0,711;98,852;147627;4;23,41037;8;0;5
Right Here Waiting;Richard Marx;spotify:track:4LFwNJWoj74Yd71fIr1W8x;0,395;0,252;0;-13,589;1;0,0301;0,8;0;0,101;0,126;177,679;264333;4;27,91724;12;1;5
Right Next Door (Because Of Me);The Robert Cray Band;spotify:track:67mzUTffcYdKgFdBj2t1rp;0,748;0,635;10;-8,412;0;0,0533;0,21;0,000824;0,129;0,727;87,533;258800;4;71,88103;11;1;5
Right On Track;The Breakfast Club;spotify:track:3UiuKZWtgXjeAfnfGqIeu0;0,763;0,824;1;-10,054;0;0,033;0,0613;4,45E-05;0,0226;0,947;116,975;256947;4;26,8888;14;1;5
Rock & Roll - Under Your Spell - Remastered;Picture;spotify:track:5t6HNRyw2E9VTsH2GtLL5W;0,322;0,878;2;-6,325;1;0,0588;0,000107;0,00211;0,26;0,152;110,775;456613;4;19,87807;21;0;5
Rock Eta Rollin;Errobi;spotify:track:7ph9yrkpzd4HWQ42rUDgM2;0,531;0,826;9;-6,268;1;0,0404;0,342;0,00207;0,0688;0,961;166,985;220000;4;47,52136;10;0;5
Rock por la Vida;Miguel Cantilo;spotify:track:3Kd8TCNffyEPa3B9Xvh5kn;0,503;0,838;2;-6,352;1;0,0895;0,00526;2,50E-05;0,0894;0,778;186,161;322600;4;20,28649;17;0;5
Rock Steady;The Whispers;spotify:track:1YCsTFttuHAzgfEWKdOb9K;0,927;0,832;10;-7,665;0;0,0604;0,0139;2,60E-06;0,0394;0,958;115,384;307773;4;25,86191;14;1;5
Rock You;Helix;spotify:track:2sd8DUzBIaNBzkgEPGsHV6;0,469;0,981;7;-3,678;1;0,102;0,0128;0,000467;0,514;0,217;101,717;173407;4;50,12437;7;0;5
Rock You to Hell;Grim Reaper;spotify:track:7aopt0bV80oeNb9L6wCU3D;0,442;0,954;9;-8,98;0;0,0798;0,00167;0,621;0,0818;0,221;92,877;240562;4;44,94016;10;0;5
Rock'n'roll attitude;Johnny Hallyday;spotify:track:09RM6BfIallKcvTkPCw1jn;0,669;0,884;9;-8,28;1;0,0283;0,0162;1,02E-06;0,126;0,721;114,393;218133;4;40,34344;11;0;5
Rodent;Skinny Puppy;spotify:track:3Fv382oVGbqVZDaxqcKPDX;0,63;0,744;2;-9,126;1;0,0437;0,000441;0,826;0,0703;0,567;108,802;348267;4;16,16866;13;0;5
Roll With It;Steve Winwood;spotify:track:2QlPByrmEO9XciNBXCrawR;0,759;0,645;0;-13,352;1;0,0276;0,07;0,0403;0,0986;0,954;117,254;320733;4;34,02238;17;1;5
Románticos Al Rescate;Luis Enrique;spotify:track:1Z2Jt0qAio85pCd6f5t7Wg;0,813;0,845;5;-3,932;0;0,0432;0,202;0;0,214;0,913;87,407;291173;4;16,18071;13;0;5
Roof Fight;Danny Elfman;spotify:track:3DSPWrv2I3nDjYIHuPnQo2;0,283;0,29;2;-20,951;0;0,0547;0,386;0,689;0,136;0,107;104,002;81827;3;25,32953;3;0;5
Room To Move;Animotion;spotify:track:42B6mMkWVI3sU7f14JTYJn;0,5;0,813;10;-10,397;0;0,062;0,0256;0,000143;0,0607;0,704;200,713;276800;4;29,31789;13;1;5
Rumors;Timex Social Club;spotify:track:4yCmtYi6veZS3FcH9lp4O7;0,873;0,754;8;-6,286;1;0,0496;0,0377;0;0,053;0,556;106,33;288554;4;31,71657;12;1;5
Run Through the Jungle;The Gun Club;spotify:track:0zKTZNZCqBFldmf7jn40YC;0,434;0,95;9;-4,684;1;0,0968;0,00557;1,50E-05;0,104;0,646;138,341;248560;4;60,90287;10;0;5
Run To Me;Savoy Brown;spotify:track:7G9aAUW0AWBN8U10cuCP5o;0,597;0,517;4;-11,555;1;0,0271;0,299;6,21E-06;0,167;0,362;97,795;225400;4;34,89627;11;1;5
Runaway Rita;Leif Garrett;spotify:track:40nmiiOO6KT87CwLYwPkBh;0,628;0,693;2;-11,236;1;0,0301;0,0562;0,00502;0,186;0,822;125,349;169533;4;35,05368;9;1;5
Running Scared;The Fools;spotify:track:6Eh3AeywAyfaYbsDgt5Zsn;0,498;0,542;9;-7,245;1;0,0451;0,431;7,68E-06;0,101;0,37;125,357;146400;3;31,97441;8;1;5
Sally MacLennane;The Pogues;spotify:track:2779hybiMKwid1gcrFVMzH;0,498;0,806;2;-8,684;1;0,0661;0,00269;0;0,164;0,741;146,622;165493;4;34,33646;8;0;5
Samba De Quena;Dutch Swing College Band;spotify:track:4FpwjjHcT2IzU3ceycdFHk;0,64;0,648;4;-8,93;0;0,0413;0,582;0,459;0,119;0,931;105,167;136333;4;27,11508;7;0;5
Samson And Delilah;Rev. Gary Davis;spotify:track:1v4OqleXWTeORpLcPtAxyH;0,725;0,221;7;-14,156;1;0,0896;0,842;0,212;0,0773;0,686;122,577;233440;4;22,72701;11;0;5
Sanctuary;Béla Fleck;spotify:track:3DwlNfiCQSdj0GOxYkR9Rq;0,36;0,542;5;-13,885;1;0,0339;0,368;0,165;0,116;0,803;116,831;444907;4;30,34574;17;0;5
Save Me;Brighton Rock;spotify:track:4ojfhSnJLfTss9CYG8yNXV;0,497;0,812;7;-14,401;1;0,0464;0,0272;0,00115;0,278;0,305;136,373;210373;4;30,69333;10;0;5
Se La;Lionel Richie;spotify:track:2UsHiSLRO9JlmGvfiNyHbY;0,82;0,412;2;-10,178;0;0,0588;0,244;6,05E-06;0,0681;0,691;130,97;353653;4;37,51955;15;1;5
Seasons;Charles Fox;spotify:track:2gRwQOZW4UyS8OqhDXscAo;0,433;0,407;2;-11,816;1;0,0298;0,212;0,879;0,12;0,24;143,88;186853;4;81,77841;6;1;5
See A Little Light;Bob Mould;spotify:track:7LdKMBKthcdBnAqlAIGqCB;0,552;0,774;2;-9,106;1;0,0292;0,0168;0;0,0701;0,783;110,906;212067;4;24,02275;13;0;5
See-Through;Arthur Russell;spotify:track:75PUZF77gfPywWVp6C5DhW;0,312;0,334;2;-17,203;0;0,0989;0,78;0,128;0,121;0,306;75,879;130000;3;38,1283;8;0;5
Send One Your Love;Stevie Wonder;spotify:track:3GcHkmz4horYIEPYvdB0xF;0,624;0,358;0;-17,456;0;0,0814;0,715;1,25E-05;0,0862;0,418;72,841;242333;4;53,71651;9;1;5
Sequel;Harry Chapin;spotify:track:0HFW81AR9sO7FiCBy75O5b;0,57;0,368;9;-13,054;1;0,0334;0,56;0;0,155;0,445;129,421;398267;4;41,61067;16;1;5
Seria Fantastic - En Directo;Joan Manuel Serrat;spotify:track:6icfNbSCHCEFCCD1ln01Lc;0,413;0,419;9;-9,678;1;0,0576;0,885;0;0,929;0,192;82,555;336347;5;34,33664;12;0;5
Seven Year Ache;Rosanne Cash;spotify:track:2bYp7DYfjXULM24FUh9Z3Q;0,747;0,568;9;-8,651;0;0,0319;0,475;0,000165;0,127;0,684;121,615;194853;4;47,3396;9;1;5
Shake For The Sheik;The Escape Club;spotify:track:3No58kMPkXye4EP4iPOiOZ;0,643;0,524;4;-11,841;0;0,172;0,00701;0,000202;0,309;0,551;200,348;242893;4;19,70932;14;1;5
Shanghai Breezes;John Denver;spotify:track:5Dx2QCUDNoi398TKr3YwAv;0,359;0,248;4;-15,745;1;0,0743;0,838;9,80E-06;0,815;0,436;133,787;177693;5;40,84326;9;1;5
Shattered Badge;White Flag;spotify:track:3XNGFvUXgERxNoypbROtNg;0,378;0,834;2;-11,377;0;0,0863;0,0175;0;0,0917;0,627;140,159;123627;4;41,229;3;0;5
She Said Destroy;Death In June;spotify:track:3xzFovJIze9M90Ya5rCXVV;0,487;0,801;4;-8,892;0;0,109;0,273;0,769;0,122;0,281;125,648;213307;4;30,34321;8;0;5
Shenandoah Breakdown;David Grisman;spotify:track:52tInKOmbjmNU6V7yqXD77;0,307;0,864;9;-9,79;1;0,0558;0,57;0,967;0,754;0,962;177,677;76040;4;44,19649;5;0;5
Sherry;Robert John;spotify:track:2QoIfpUVljDNuRedj6NJY0;0,75;0,905;7;-4,064;1;0,0407;0,108;0,0106;0,36;0,826;117,372;191240;4;50,33046;9;1;5
She's In Love With You;Suzi Quatro;spotify:track:045XVlFh8JdF93BYLOlLD8;0,657;0,857;11;-7,02;1;0,0456;0,0716;1,52E-05;0,0774;0,624;125,858;212987;4;26,56719;9;1;5
She's Playing Hell Trying To Get Me To Heaven;George Strait;spotify:track:21DmKjz0VgREmDbM9S2wf6;0,703;0,35;2;-17,997;1;0,0294;0,212;5,55E-06;0,108;0,734;130,49;161867;4;25,02284;9;0;5
Shop;Nobuo Uematsu;spotify:track:76ZsDxPf4pWvHkItP5mjEU;0,279;0,224;0;-13,159;1;0,043;0,62;0,024;0,0892;0,964;197,962;81693;3;48,90032;4;0;5
Should I Stay Or Should I Go;The Clash;spotify:track:39shmbIHICJ2Wxnk1fPSdz;0,742;0,833;2;-6,463;1;0,115;0,079;0;0,384;0,816;113,375;188987;4;38,80167;8;1;5
Should've Known Better;Richard Marx;spotify:track:5j1zOOvkxxe4uZZ2Jgl8r4;0,548;0,704;8;-13,061;1;0,0402;0,0751;0,00051;0,0463;0,682;169,119;250240;4;35,5022;10;1;5
Si Alguien Lo Quiere Saber;Gualberto Ibarreto;spotify:track:4iWCmzc1V61nHbyDmXBbpt;0,519;0,435;6;-8,844;0;0,0322;0,882;6,55E-06;0,172;0,485;97,437;274560;4;28,36608;17;0;5
Si Amanece;Rocío Jurado;spotify:track:1mMopnnGzfAHuZXn8M34gD;0,335;0,0945;11;-19,937;1;0,0441;0,672;0;0,129;0,161;71,17;221200;3;63,24384;10;0;5
Si j'étais président;Gerard Lenorman;spotify:track:00YGCgT3I93nmiipWK0zMw;0,543;0,683;11;-8,068;1;0,23;0,444;0;0,176;0,891;106,531;227120;4;32,71072;15;0;5
Sign 'O' The Times;Prince;spotify:track:4Yenz5JZZOUiZSeyKY8bDz;0,701;0,515;10;-6,551;1;0,0988;0,00843;0,025;0,0772;0,549;197,768;302760;4;30,98756;13;1;5
Sin Tu Latido;Luis Eduardo Aute;spotify:track:5c6OaqhGZq0thRc56z5nAn;0,658;0,368;9;-14,14;1;0,0424;0,641;1,76E-06;0,0806;0,663;119,651;301027;4;41,0449;16;0;5
Sirigaita - Remasterizado;Lulu Santos;spotify:track:6vthM6KafJlozTMezimrnA;0,778;0,509;4;-10,388;1;0,0407;0,478;0,0025;0,0736;0,858;83,318;203640;4;50,80882;11;0;5
Sisters Of The Moon;Fleetwood Mac;spotify:track:7Gjj6NxSsVwXfOXUjvjCXv;0,685;0,526;9;-8,849;0;0,03;0,0313;0,395;0,11;0,455;114,992;283013;4;44,69315;8;1;5
Sitting At The Wheel;The Moody Blues;spotify:track:43raN5DVWdhYxSZ16aF5Ap;0,484;0,929;9;-7,407;1;0,129;0,0702;0;0,627;0,443;141,422;339440;4;74,76047;12;1;5
Situation;Yaz;spotify:track:1QlogZxaAT35c3HqjJt1JH;0,761;0,413;6;-16,138;1;0,0595;0,0107;0,479;0,0442;0,428;118,727;346800;4;40,67695;15;1;5
Skateaway;Dire Straits;spotify:track:7dRrGFypClyo0iNxSyxpnD;0,523;0,707;7;-12,19;1;0,0318;0,119;0,00409;0,0794;0,609;116,196;378960;4;21,12216;11;1;5
Skin Deep;Cher;spotify:track:2dP49Fdo10UBDjn1YIYbpS;0,688;0,714;5;-11,541;1;0,0355;0,085;1,06E-05;0,318;0,956;125,754;257040;4;25,6655;11;1;5
Sleep. Sleep. Sleep;Duke Ellington;spotify:track:6LEIAoV2DISjdjJpNGwwYK;0,585;0,252;5;-11,672;0;0,0336;0,575;0,0828;0,134;0,453;107,943;166933;4;32,96129;7;0;5
Slow Hand;The Pointer Sisters;spotify:track:3fvDLsiTHPQNgzuMd3Mpb5;0,826;0,558;6;-7,766;1;0,0322;0,403;1,94E-05;0,0631;0,359;110,77;231960;4;45,15193;10;1;5
Slow Kill;Fields Of The Nephilim;spotify:track:3AKzRH32S4Jc5Ge4RFp5WG;0,296;0,547;4;-15,115;0;0,0327;0,000291;0,0136;0,372;0,49;148,775;224360;4;53,02555;11;0;5
Small Man. Big Mouth;Minor Threat;spotify:track:4mvVR2d9B1Q2LpPoGSNtno;0,462;0,883;0;-7,607;1;0,051;0,0085;0,00122;0,285;0,857;99,227;57573;4;8,27712;3;0;5
Small World;Huey Lewis & The News;spotify:track:0P7BhaKFxCj5Axs3xB0eiw;0,565;0,725;9;-5,7;1;0,0336;0,0985;0,000546;0,4;0,57;113,198;520813;4;67,791;21;1;5
So Bad;Paul McCartney;spotify:track:1yowkq0tE6X1U3ybjc4q9V;0,675;0,306;7;-14,007;1;0,0269;0,404;3,69E-06;0,125;0,564;87,945;202053;4;27,88777;9;1;5
Sofro de Amor;Jovelina Perola Negra;spotify:track:7jhc1VlPFylXCgeyMQXwQb;0,726;0,887;6;-3,097;1;0,0914;0,52;0;0,288;0,897;112,993;196733;4;82,40742;7;0;5
Soldiers Of Metal - Live;Anthrax;spotify:track:5P2gaHzOliyhO1hgWtmftp;0,365;0,987;2;-4,428;1;0,159;3,13E-05;0,00732;0,336;0,0534;105,667;177907;4;50,51727;9;0;5
Some Kind Of Stranger;Sisters of Mercy;spotify:track:4VyJfVwSaW1cGwWsCxu6eu;0,414;0,516;2;-11,418;0;0,0377;0,0103;0,0286;0,0907;0,189;127,904;440280;4;37,39742;13;0;5
Somebody;Bryan Adams;spotify:track:3KTxIOIZIE7UM6vwCX4Ofv;0,545;0,749;9;-5,485;0;0,0273;0,00245;5,17E-06;0,0516;0,457;97,605;283387;4;33,37022;10;1;5
Somebody Like You;Robbie Nevil;spotify:track:53KuOowV8lWnFhMO4DFSuL;0,77;0,498;11;-14,117;0;0,0345;0,196;0,000972;0,0432;0,949;116,304;256707;4;22,21006;10;1;5
Sons of Europe;Death In June;spotify:track:3EhRFcl9O0IW3Vf0dUuGvJ;0,353;0,812;5;-6,207;0;0,0624;0,0476;0,814;0,195;0,139;129,928;168747;4;78,79159;5;0;5
Soul Provider;Michael Bolton;spotify:track:05M64X8usrSHqWTLHm48ff;0,609;0,42;0;-10,875;1;0,0249;0,08;0;0,347;0,448;83,552;267293;4;27,46371;11;1;5
Sounds Of Your Voice;Jon Butcher Axis;spotify:track:2Q9xhqp2utmGh99BYdmYnN;0,68;0,594;11;-9,808;1;0,0296;0,293;0;0,165;0,78;115,413;217973;4;31,19334;9;1;5
Spc;Zeca Pagodinho;spotify:track:0IEbtavzyWh3EHchvR5Jjt;0,77;0,732;2;-9,981;1;0,0681;0,157;0;0,101;0,951;107,308;203000;4;57,35139;9;0;5
Special Way;Kool & The Gang;spotify:track:0i74hCilU2AmXjYSbr2N6B;0,617;0,186;6;-19,603;1;0,0347;0,0287;0,000467;0,0742;0,161;76,015;327800;4;52,27847;14;1;5
Spread Love;Take 6;spotify:track:48uC1UPHBwlnEP2Hzt2vzj;0,636;0,19;2;-14,298;0;0,0423;0,853;0;0,0698;0,531;89,487;210140;4;48,35598;11;0;5
St Louis Blues - Instrumental;W.C. Handy;spotify:track:09lVDT0711GAJ2wqUNavZ7;0,414;0,125;7;-18,279;1;0,0374;0,971;0,944;0,0824;0,251;94,13;295893;4;58,45972;12;0;5
St. Lita Ford Blues;Redd Kross;spotify:track:0fDPRsAnQsyyAn9iFyp0dt;0,184;0,994;8;-7,874;1;0,173;0,0786;0,367;0,132;0,187;214,121;207667;4;58,14708;7;0;5
Stand By Me;Ben E. King;spotify:track:3SdTKo2uVsxFblQjpScoHy;0,65;0,306;9;-9,443;1;0,0393;0,57;7,07E-06;0,0707;0,605;118,068;180056;4;31,96861;10;1;5
Stand Up;Minor Threat;spotify:track:3bjUpyeq4l3Tvw3mHyycS1;0,277;0,975;4;-6,416;1;0,162;0,00279;4,64E-05;0,0882;0,731;184,308;52747;4;0;2;0;5
Starting Over Again;Dolly Parton;spotify:track:3IdA23oYoX5zI7JGK8hV6P;0,447;0,171;10;-12,771;1;0,0322;0,808;4,81E-05;0,12;0,294;137,141;238200;4;38,63688;10;1;5
Sternschnuppen;Ton Steine Scherben;spotify:track:0jGyFG0gSq1KFvBXCnL9ob;0,749;0,734;0;-9,133;1;0,0339;0,0735;0,413;0,0949;0,813;127,599;171720;4;19,63373;11;0;5
Still A Thrill;Jody Watley;spotify:track:6qMrM4U5bf8n06PgX0qkB0;0,84;0,458;2;-13,245;1;0,062;0,151;0,25;0,148;0,968;109,924;281827;4;18,43257;13;1;5
Stone Cold Bush - Remastered;Red Hot Chili Peppers;spotify:track:6vmvgfFCAUFyAiFLkg6FXr;0,384;0,968;8;-3,601;1;0,124;0,000187;1,07E-05;0,308;0,449;134,502;185880;4;25,23704;9;0;5
Stone Love;Kool & The Gang;spotify:track:79rKHltKL1T8rS98lOv3yF;0,693;0,575;1;-17,068;1;0,0313;0,068;0,000704;0,249;0,916;109,99;275040;4;36,76431;13;1;5
Storms in Africa - Pt. II;Enya;spotify:track:1uQVrfQXsCDaGvjt6qDOWv;0,475;0,463;1;-18,689;1;0,0444;0,762;0,93;0,174;0,528;104,05;180837;4;46,80989;9;0;5
Straight From The Heart;Bryan Adams;spotify:track:5eaK7PLGwyDXmHfTdWZZuE;0,587;0,237;0;-18,466;1;0,0272;0,0766;0;0,139;0,366;84,764;211933;4;28,57773;8;1;5
Stranger (Remix);Clan of Xymox;spotify:track:0AE61MNzWxBHm5e8HC1qkH;0,602;0,67;10;-13,292;0;0,0472;0,0048;0,732;0,134;0,426;129,455;321507;4;28,00788;13;0;5
Stranger In Town;Toto;spotify:track:4wcrWfOjVNYoznqCKfu9d1;0,599;0,667;2;-16,013;0;0,0329;0,0957;0,479;0,101;0,762;154,915;287067;4;40,46467;12;1;5
Stranglehold;Paul McCartney;spotify:track:7oJLxq4WVOjtHDB4War58k;0,51;0,626;11;-11,14;0;0,056;0,285;0,000264;0,378;0,679;123,808;217600;4;39,88517;11;1;5
Strictly Business;EPMD;spotify:track:1xZdjsAGrY4BUIbIlYy3EX;0,712;0,895;10;-4,212;0;0,254;0,181;1,80E-05;0,108;0,727;96,338;285413;4;33,47963;11;0;5
Stuck On You;Lionel Richie;spotify:track:0ROwoz82DIW4tOzkxYnSjf;0,522;0,346;5;-15,462;1;0,0297;0,258;0;0,114;0,27;131,692;195133;4;37,07713;6;1;5
Stumble and Fall;Clan of Xymox;spotify:track:0uQOVaoGR8XIDVu7ju9INB;0,514;0,365;8;-17,118;1;0,0325;0,0131;0,0118;0,0961;0,482;131,019;305000;4;37,7691;12;0;5
Subjugator;Anthrax;spotify:track:2V8YBVce5f81HaZSo9XtDO;0,223;0,967;7;-10,784;1;0,0864;1,19E-05;0,669;0,0748;0,229;148,727;282640;4;42,28699;12;0;5
Suddenly;Billy Ocean;spotify:track:65h7Qhxl2WfW31Bl6sjWAI;0,496;0,339;10;-9,512;0;0,0317;0,735;0;0,115;0,201;129,486;234707;4;27,17331;12;1;5
Suddenly Last Summer;The Motels;spotify:track:4fLIM0B1WwrLux9RdnMvze;0,716;0,753;2;-5,682;1;0,0286;0,162;0,0306;0,0831;0,561;120,141;222000;4;57,71583;11;1;5
Suite 1922 for Piano. Op. 26: I. Marsch;Paul Hindemith;spotify:track:5pYG0huOWjkAYhMJnkgsht;0,641;0,337;4;-15,972;1;0,0376;0,973;0,891;0,0694;0,255;104,228;88133;4;40,20207;5;0;5
Summer Nights;Survivor;spotify:track:25hAoXMgrKg0c6c8DuXls1;0,501;0,382;2;-13,743;1;0,0316;0,127;0;0,301;0,601;132,145;248093;4;35,35666;10;1;5
Summertime. Summertime;Nocera;spotify:track:4tSteFXglCBaG6sFvYCBVX;0,74;0,911;10;-4,146;0;0,0866;0,014;0,46;0,122;0,876;115,828;206613;4;47,87075;10;1;5
Sumpf Schlock;Ton Steine Scherben;spotify:track:3r1gItjWVVTSmbSPorycmS;0,622;0,623;4;-9,627;1;0,0449;0,0685;0,0577;0,169;0,48;118,796;307187;4;15,84231;14;0;5
Sun Sun Sun Didi;Asha Bhosle;spotify:track:28MLTaQDLh2PySpzbzCkOK;0,57;0,585;9;-6,703;1;0,15;0,86;0,005;0,225;0,927;183,046;222467;4;43,83157;11;0;5
Sunglasses At Night;Corey Hart;spotify:track:1QbQL5m30YNvukitIqAnFG;0,686;0,609;10;-11,469;0;0,0444;0,258;0,00015;0,113;0,719;127,736;320573;4;61,03764;13;1;5
Sunset Grill;Don Henley;spotify:track:4I9AA9H57ySNSv1ZPinL4D;0,557;0,577;8;-12,175;1;0,027;0,0796;2,31E-05;0,0604;0,445;91,877;379000;4;27,20155;15;1;5
Super Trouper;ABBA;spotify:track:2nMghZvtLx6DDgTEHEsb4w;0,764;0,626;0;-8,274;1;0,0288;0,457;6,35E-06;0,172;0,961;118,324;254600;4;33,90507;13;1;5
Superstar/Until You Come Back To Me;Luther Vandross;spotify:track:6ykYnj6kpUsaUur53jMnhN;0,37;0,283;11;-12,562;1;0,0303;0,746;0,0868;0,22;0,0702;117,199;558773;4;49,83775;18;1;5
Superstitious;Europe;spotify:track:4Mq8m1rgMittyGnP5ty36Q;0,356;0,634;5;-11,372;1;0,0371;0,237;3,00E-06;0,304;0,679;176,516;274960;4;38,87443;13;1;5
Surrender;Suicide;spotify:track:4QRO73C82pI3OCHo0njVlS;0,437;0,521;6;-9,69;0;0,0275;0,134;0,142;0,104;0,278;74,916;228427;4;35,14919;11;0;5
Sweet Misery Blues;Violent Femmes;spotify:track:1nzQBGkevWbUKsNXdI7kyU;0,512;0,475;7;-13,688;1;0,0405;0,316;0;0,0543;0,409;111,107;166573;4;64,30955;6;0;5
Swirling Waters;Nataural;spotify:track:3CzevDrL9EBcvI8HqWXygm;0,195;0,966;1;-14,067;1;0,163;0,301;0,908;0,974;0,019;75,986;120210;5;24,22182;6;0;5
Symphonic Metamorphoses on Themes by Carl Maria von Weber: 2. Turandot (Scherzo);Paul Hindemith;spotify:track:658QrrMQRSsljkYwyZkmCB;0,386;0,222;9;-20,602;0;0,0446;0,909;0,795;0,12;0,112;92,302;440640;4;29,52951;19;0;5
Symphonic Suite For Chorus And Orchestra - Part II - Version Seven;Georges Delerue;spotify:track:3rFQo9X0Lkp9f9jedJ3KrN;0,1;0,26;4;-13,414;0;0,0367;0,971;0,973;0,173;0,0377;85,479;210173;4;17,5957;9;0;5
Symphony No. 6. Op. 95: I. Energico;Malcolm Arnold;spotify:track:3iiGNOb1vgGTCVphmYELtH;0,16;0,0949;7;-22,658;1;0,0392;0,842;0,876;0,0897;0,0915;83;545267;4;28,39684;20;0;5
Symphony No. 9 op. 128.1: IV. Lento;Malcolm Arnold;spotify:track:1s92mkwX8VJDE0kgZZdbXO;0,15;0,00716;4;-29,165;0;0,053;0,844;0,661;0,102;0,0301;65,93;1428827;3;64,40893;62;0;5
Take Me Home;Phil Collins;spotify:track:2s6wCS3vDZFPY9NOTlPXJZ;0,62;0,807;8;-7,753;1;0,0548;0,471;0,108;0,0477;0,579;118,796;353573;4;24,43093;13;1;5
Take The Long Way Home;Supertramp;spotify:track:0v0XYK0pLgsPiq5u4FKHaw;0,414;0,7;5;-8,838;1;0,0301;0,22;0,000721;0,114;0,37;76,79;308853;4;41,58238;11;1;5
Take The Time;Michael Stanley Band;spotify:track:00drgzklCYUPHnEDRi7ROJ;0,49;0,719;9;-7,87;1;0,0355;0,0961;0,000175;0,12;0,864;181,448;333560;4;36,02529;16;1;5
Takin' It Back;Breathless;spotify:track:6VpWx1LPR1oxuRMfdxtPNA;0,652;0,881;1;-6,795;0;0,0414;0,009;0,00422;0,0575;0,964;117,452;202427;4;24,86611;10;1;5
Tal Coat - Remastered 2004;Brian Eno;spotify:track:33xP7dQigSmT5apPCcDVBE;0,26;0,176;5;-21,547;1;0,0551;0,752;0,857;0,0749;0,0386;120,418;327907;5;42,6312;19;0;5
Talk To Me;Fiona;spotify:track:0uFQ4gsufjxCbyoQ532xmk;0,639;0,745;4;-9,399;0;0,0319;0,32;0,00011;0,059;0,779;103,679;230640;4;39,99994;10;1;5
Talking Back To The Night;Steve Winwood;spotify:track:09rPMrDjbJw8RUef9TXh7N;0,735;0,65;7;-10,736;0;0,0289;0,654;0,0742;0,0831;0,937;126,37;343000;4;30,90418;13;1;5
Taxi Dancing;Rick Springfield With Randy Crawford;spotify:track:4nyBHnSEaO40W3ij7a92xi;0,68;0,504;0;-10,025;1;0,0276;0,0963;0;0,0801;0,407;114,212;219733;4;32,42525;11;1;5
Teenage Confidential;Flamin' Groovies;spotify:track:7hfdnJotPCpvdzkcTvwuZ3;0,494;0,615;2;-11,786;0;0,0244;0,246;0,904;0,117;0,49;92,032;164626;4;62,18425;8;0;5
Tell Her;Kenny Loggins;spotify:track:6Mhu6K1SnJdCtn63Y98Pg5;0,601;0,781;7;-10,652;1;0,0686;0,155;0;0,0964;0,882;177,277;215333;4;41,8179;9;1;5
Tell It Like It Is;Heart;spotify:track:2F1tiSvwwzEpMyEEfVGyaA;0,306;0,422;0;-13,578;1;0,0345;0,0387;1,10E-06;0,0809;0,671;201,042;269707;3;33,61802;12;1;5
Tequila - Remasterizado;Los Rebeldes;spotify:track:3exj52r0QKc524ycmwSdHV;0,591;0,943;7;-4,268;1;0,0377;0,0484;1,29E-06;0,886;0,96;93,536;203160;4;32,51648;12;0;5
That Was Then. This Is Now;The Monkees;spotify:track:0B5p7iilmyCCn9aUzx7NQL;0,611;0,811;11;-7,216;1;0,0265;0,0644;1,91E-05;0,0985;0,962;142,067;242813;4;49,68417;13;1;5
That's All;Genesis;spotify:track:0UckGUU35gJ8dy6Be8CGyV;0,729;0,389;3;-8,603;1;0,0468;0,385;0;0,128;0,467;121,307;199653;4;23,5093;10;1;5
That's How I Escaped My Certain Fate;Mission Of Burma;spotify:track:7EoK0FmkAsEdVejoPSOFRk;0,346;0,864;9;-5,28;1;0,0467;1,37E-06;0,322;0,207;0,662;98,481;125827;4;59,01822;4;0;5
That's What Love Is All About;Michael Bolton;spotify:track:3jfNEa2KqRxycjfmsocEih;0,527;0,273;5;-15,253;1;0,0378;0,792;2,45E-05;0,124;0,17;121,79;237627;4;45,83677;12;1;5
The Autumn Cornfield;The Cleaners From Venus;spotify:track:00TUc6bfdtDvc0lsVY4ydt;0,682;0,291;3;-18,453;0;0,136;0,282;0,00138;0,247;0,319;102,981;213173;4;103,74114;7;0;5
The Bird;The Time;spotify:track:7o8UELQiECaSiVBztJTRij;0,675;0,548;6;-15,277;1;0,0907;0,0529;0,0216;0,784;0,453;128,837;464333;4;31,97952;14;1;5
The Boatman;Harvey Reid;spotify:track:56z5AAOYKvvmq69zNWVBaA;0,401;0,187;10;-12,306;0;0,0343;0,733;0,00416;0,106;0,196;83,03;228733;4;44,9973;12;0;5
The Borderlines;Jeffrey Osborne;spotify:track:4Wgm7YH6nP1LdOfQOAcnS7;0,848;0,89;7;-10,604;1;0,0394;0,181;0,00138;0,0826;0,968;133,614;327467;4;16,30569;12;1;5
The Bradley;Further Seems Forever;spotify:track:47EHN1TGilFGpkXhbxOIDE;0,36;0,946;10;-5,332;0;0,128;3,45E-05;0,153;0,494;0,429;74,996;184627;4;141,75912;3;0;5
The Cape;Trevor Rabin;spotify:track:4IZpkXmAz6TPyr4bp4ALbR;0,413;0,462;2;-18,108;0;0,0349;0,0763;0,888;0,0683;0,622;165,073;176467;3;22,4929;9;0;5
The Celtic Soul Brothers;Dexys Midnight Runners;spotify:track:0r3ddDyhuW6bI94JwASYtF;0,465;0,744;4;-8,74;0;0,067;0,292;2,32E-06;0,345;0,728;192,286;167600;4;26,62964;9;1;5
The Centre Bullet;Skinny Puppy;spotify:track:0uj5OrtgziGmPRax0ZrIYr;0,507;0,418;5;-19,978;0;0,0436;0,186;0,0476;0,584;0,285;112,544;582240;4;26,69712;21;0;5
The Crusher;The Cramps;spotify:track:0KKDGZ25sxLzSIX1wyQt17;0,436;0,977;9;-6,021;0;0,0746;0,000976;0,33;0,329;0,464;148,001;108867;4;59,07061;6;0;5
The Elvis Medley;Elvis Presley;spotify:track:4VNDgHEHoQGcUrIxBusqDf;0,609;0,889;2;-7,318;1;0,0528;0,546;2,45E-06;0,699;0,786;100,282;132107;4;22,3382;6;1;5
The Fool's Waltz;Brighton Rock;spotify:track:0Jq6chX5y4osQdZIpNPPVl;0,399;0,949;7;-7,04;0;0,0656;0,0853;0,000216;0,122;0,326;136,952;204453;4;128,58938;3;0;5
The Gauntlet;Daryl Runswick;spotify:track:1b6HWg90P0ORFK8NvCZecd;0,264;0,25;5;-15,114;1;0,0632;0,959;0,647;0,177;0,575;59,376;76512;4;33,15909;4;0;5
The Heart Is Not So Smart;El DeBarge With DeBarge;spotify:track:7Kw7xGrqVluke6Jd3JgKeT;0,702;0,491;0;-13,677;1;0,0332;0,542;5,92E-05;0,0646;0,687;95,288;275627;4;39,12552;14;1;5
The Honeythief;Hipsway;spotify:track:1bkSzATaKPaDglvqKMw3QE;0,8;0,604;11;-12,282;1;0,0353;0,25;1,36E-06;0,0808;0,932;111,145;190973;4;35,63978;9;1;5
The Imperial Army;Nobuo Uematsu;spotify:track:5lale0KvAE3mNNcv5PCWM9;0,34;0,202;2;-11,969;1;0,0374;0,581;0,903;0,188;0,258;93,068;89360;3;31,26216;6;0;5
The Last Beat Of My Heart - Live;Siouxsie and the Banshees;spotify:track:3bpA8kzflSlrXsJpdubN30;0,143;0,527;0;-8,669;1;0,0334;0,178;0,000846;0,763;0,0396;69,395;332707;4;32,42952;13;0;5
The Limerick Rake;The Pogues;spotify:track:4CWQo9R3eNXy5h4ppT2I9W;0,484;0,555;9;-12,995;0;0,0583;0,191;0,0333;0,0528;0,731;118,19;192653;4;38,01042;7;0;5
The Lochs Of Dread;Strength In Numbers;spotify:track:78Ow18WdhGq074qNhTbkQR;0,547;0,284;7;-17,762;1;0,111;0,7;0,831;0,0952;0,768;96,511;287560;1;58,49974;14;0;5
The Loco-Motion;Kylie Minogue;spotify:track:2pX5qSgxQFwlrkjxph8fxb;0,748;0,915;3;-5,23;1;0,0376;0,385;0,0585;0,0235;0,763;129;193920;4;38,54833;10;1;5
The Man Of My Dreams - Somewhere In Time/Soundtrack Version;John Barry;spotify:track:7wlY6UQ3pzwOfahoWnvpwV;0,193;0,189;5;-19,938;1;0,0424;0,279;0,787;0,104;0,0908;82,201;101893;3;22,06227;5;0;5
The Message;Grandmaster Flash;spotify:track:32X0tTPXoWYNld9y1RRbFI;0,932;0,786;1;-8,025;1;0,196;0,0397;2,87E-06;0,132;0,755;100,365;433467;4;20,30212;24;1;5
The Monastery Of Amorgos;Éric Serra;spotify:track:0zhh0vDYBpFQFHHAEYeLhQ;0,584;0,422;10;-13,383;1;0,0307;0,0577;0,96;0,113;0,155;122,032;76933;4;15,973;3;0;5
The Night Is Still Young;Billy Joel;spotify:track:0G1UfvnMvLyypameCwVWYi;0,54;0,585;0;-9,955;1;0,0312;0,111;1,30E-05;0,0993;0,478;82,451;326307;4;45,59395;14;1;5
The Old Country;Keith Jarrett Trio;spotify:track:0hAqwMq3LTBjhP9uaNT5Wy;0,365;0,443;5;-20,555;1;0,0863;0,38;0,0562;0,694;0,346;85,285;396307;4;46,96926;11;0;5
The Old Man Smiled - Live (Remastered);Throbbing Gristle;spotify:track:0OWFGcIXOBaEkTZaSDgqWB;0,49;0,386;11;-18,271;0;0,0543;1,23E-05;0,953;0,255;0,462;143,792;399324;4;28,08043;16;0;5
The Orchids;Psychic TV;spotify:track:00c2vsoZuubtGkLFQCdT1p;0,29;0,0862;4;-22,686;1;0,0613;0,988;0,558;0,088;0,559;204,443;177878;3;32,41603;10;0;5
The Peoples Message Take Two;Terry Lewis and Wild Flower;spotify:track:2hZMr26l6SGTe7x0Ol1KVU;0,69;0,745;0;-12,131;1;0,0679;0,135;0;0,503;0,927;109,526;787467;4;28,34963;26;0;5
The Point;Hal Singer;spotify:track:6kxblbCP2UpENhjact81lx;0,551;0,129;1;-19,657;1;0,0384;0,869;0,882;0,152;0,421;93,927;363067;4;50,27911;14;0;5
The Politics Of Dancing;Re-flex;spotify:track:6edIZ76uLiHDkW64VVxGk8;0,685;0,957;11;-8,214;1;0,0445;0,0611;0,00025;0,317;0,809;127,27;237333;4;21,3913;10;1;5
The Pursuit of Power (A);Keith Mansfield;spotify:track:27xvFhrc5ybj4JS3fPlqFy;0,535;0,222;5;-17,628;0;0,0415;0,921;0,865;0,0981;0,0673;80,976;164035;4;34,99102;9;0;5
The R;Eric B. & Rakim;spotify:track:78TUbKW92ks9VOnB623s9d;0,845;0,69;1;-7,982;1;0,105;0,0214;1,30E-06;0,0705;0,906;99,62;233907;4;29,81214;11;0;5
The Second Time Around;Shalamar;spotify:track:6yh8yf1jpPrTMA5cezYpbi;0,801;0,388;1;-12,135;1;0,0505;0,0123;7,16E-05;0,0924;0,577;112,367;223293;4;55,80989;9;1;5
The Silver Ball - 2005 Digital Remaster;Harold Budd;spotify:track:2FA6ZLzJ2f5ZhX1qzoGfWA;0,0802;0,0176;6;-29,853;0;0,0434;0,939;0,814;0,0812;0,0489;81,378;211253;4;36,0528;10;0;5
The Sound;Further Seems Forever;spotify:track:3Ryn0JEFAbfiswNxG4rikd;0,285;0,959;8;-4,654;1;0,177;0,000286;0,356;0,223;0,451;151,539;221280;4;19,8125;7;0;5
The Spirit Of Radio;Rush;spotify:track:4e9hUiLsN4mx61ARosFi7p;0,365;0,924;4;-7,066;1;0,0488;0,0144;0,000254;0,423;0,632;135,811;296467;4;85,19892;11;1;5
The Terminator (Main Title);Brad Fiedel;spotify:track:6vIZTOdX8TPTRBqcloIsUz;0,156;0,429;3;-19,091;1;0,0609;0,868;0,87;0,107;0,0676;69,282;160925;5;13,6446;8;0;5
The Torture Garden;Death In June;spotify:track:6fL8R4ESyfV3dnhk2GOYNS;0,158;0,431;10;-11,109;1;0,0347;0,925;0,166;0,115;0,106;179,446;371293;4;33,69942;17;0;5
The Truth Is Lyin' Next to You;Randy Travis;spotify:track:3UUWpF7ACm6GiG9Wb9etlk;0,454;0,228;3;-17,555;1;0,0295;0,402;0;0,083;0,484;173,603;208600;4;33,7753;11;0;5
The Valley Road;Bruce Hornsby & The Range;spotify:track:15Hgsooff9mLjxUhg2uXZz;0,619;0,55;2;-9,682;1;0,0291;0,411;0,00637;0,0835;0,529;126,163;282293;4;27,1829;14;1;5
The Way He Makes Me Feel;Barbra Streisand;spotify:track:6WpvSZEayPZvQSHEghFEp8;0,202;0,197;11;-15,961;0;0,0398;0,829;4,80E-05;0,371;0,0894;89,19;225960;3;40,29257;11;1;5
The Wild Rover;The Pogues;spotify:track:6JyYNPLalPgGa7XnclF5FO;0,656;0,512;7;-11,872;1;0,029;0,585;0;0,072;0,88;97,5;157893;3;50,97022;7;0;5
The Woman In You;Bee Gees;spotify:track:7EcsJXtKtUkzTa8mgjJKiE;0,809;0,491;9;-16,846;0;0,035;0,114;5,82E-06;0,0546;0,976;131,134;243933;4;42,8073;12;1;5
The Word - Alternative Orchestral version;Magnum;spotify:track:4LIfLlJ4wE5IEV27n2wURS;0,347;0,633;4;-6,26;1;0,0339;0,00193;0;0,111;0,458;124,741;298853;4;46,72206;11;0;5
Theme from The Fog;John Carpenter;spotify:track:1LR0PqiTFtdLsDSsApZwNH;0,542;0,464;7;-14,39;1;0,0379;0,174;0,886;0,15;0,0353;123,05;307240;4;57,14776;12;0;5
There'll Be Sad Songs (To Make You Cry);Billy Ocean;spotify:track:1mP8BJQBRZWjSQLVmxQEyG;0,563;0,458;0;-7,673;1;0,0305;0,748;0;0,103;0,259;79,738;292680;4;25,65248;10;1;5
Third Time Lucky (First Time I Was A Fool);Foghat;spotify:track:2GrXeR0yhjkyXTp0alMF2u;0,666;0,664;0;-8,061;1;0,0272;0,286;1,60E-05;0,547;0,82;116,319;252169;4;55,67455;10;1;5
Third World Child;Johnny Clegg;spotify:track:1IKxsYYvT4kxZ99EM4NU60;0,801;0,272;0;-22,855;1;0,0356;0,368;3,70E-06;0,0636;0,812;130,609;256040;4;30,1731;12;0;5
This Is My Night;Chaka Khan;spotify:track:1EZmeztCbpOM1vqDlGyJLQ;0,735;0,893;4;-11,104;0;0,0718;0,0136;0,033;0,048;0,693;108,901;280627;4;40,39623;13;1;5
This Is The Time;Billy Joel;spotify:track:4nG6Z6MNbLksf2YeEHQ5Kw;0,694;0,477;10;-10,524;1;0,0268;0,586;2,99E-05;0,0812;0,369;128,26;301920;4;59,35967;11;1;5
This Is the Way You Do the Breakdance;Super Coper & Clarence Breakers;spotify:track:7FK0iMV6Acl0LLmArIkYTZ;0,841;0,993;11;-3,884;1;0,375;0,478;7,84E-05;0,231;0,738;98;523147;4;21,02589;20;0;5
This Must Be The Place (Naive Melody);Talking Heads;spotify:track:6aBUnkXuCEQQHAlTokv9or;0,942;0,641;7;-10,15;1;0,0333;0,331;0,179;0,028;0,966;114,443;296147;4;23,55215;13;1;5
This Time;Bryan Adams;spotify:track:27RJqlzy0TXZloJIuEYEbG;0,565;0,531;2;-16,233;1;0,0329;0,0033;0,000564;0,472;0,697;126,715;200560;4;32,9383;12;1;5
This Time;INXS;spotify:track:4EsEfzagJPOdu15YRmptIi;0,568;0,896;7;-7,441;1;0,0382;0,00359;0,245;0,0972;0,577;133,094;189933;4;23,03372;10;1;5
This Time I Know It's For Real;Donna Summer;spotify:track:47XPUkAsZjZ96UzaYO7sEC;0,614;0,866;4;-10,922;0;0,036;0,00812;0,00984;0,051;0,846;116,054;218960;4;22,97547;9;1;5
Thumpin';Brother's Disco;spotify:track:35ByEhD0Tf5Yvo3yAzlzBf;0,865;0,751;11;-8,979;0;0,239;0,651;0;0,181;0,805;119,058;212046;4;107,42812;8;0;5
Thunder In Rock;Fist;spotify:track:32fLtzn34nBD96MVTbPkEG;0,462;0,788;4;-5,705;1;0,0335;0,0112;5,62E-05;0,225;0,688;90,229;199533;4;30,4214;8;0;5
Tippin In;Doc Severinsen;spotify:track:57elHG1SmE0RNI6XFhjwgy;0,588;0,267;1;-15,836;1;0,0402;0,403;0,00434;0,0925;0,658;135,116;168973;4;35,71474;9;0;5
To The Listeners;Eric B. & Rakim;spotify:track:4tmglNddmUXilhbDrwsKQR;0,759;0,516;1;-10,791;1;0,322;0,132;1,03E-05;0,326;0,828;93,435;269773;4;42,37321;12;0;5
Tollkühn;Moebius;spotify:track:1rGoNUz5YGPcpxD5LAP5H6;0,182;0,786;0;-12,628;0;0,0852;0,00147;0,696;0,0767;0,452;74,1;371467;4;14,33702;17;0;5
Tonight;The Whispers;spotify:track:5BmmCEPNTFmmJ8hsIByMGb;0,802;0,672;10;-9,419;0;0,0562;0,00185;0,0508;0,281;0,686;114,358;370027;4;33,78861;15;1;5
Tonight I'm Yours (Don't Hurt Me);Rod Stewart;spotify:track:5sgVguJJlA7thC8ybAFOo5;0,68;0,826;9;-4,958;1;0,0671;0,0683;0,444;0,0861;0,963;158,314;251867;4;25,10607;10;1;5
Too Hot;Kool & The Gang;spotify:track:1S3RMWe23mYX6h3fevsgDq;0,719;0,515;7;-11,168;0;0,113;0,362;1,95E-06;0,11;0,697;104,935;226827;4;42,64507;11;1;5
Too Late;Journey;spotify:track:0nbr2E39JgYENQujVgryDG;0,507;0,52;11;-7,39;0;0,0294;0,0519;1,17E-06;0,0842;0,294;126,655;178267;4;19,36379;9;1;5
Tough All Over;John Cafferty & The Beaver Brown Band;spotify:track:5u9hEzSlbzmZpwopPn1j9G;0,609;0,799;9;-10,352;1;0,0349;0,0188;1,01E-05;0,0779;0,505;132,961;277533;4;29,90857;14;1;5
Toy Soldiers;Martika;spotify:track:4jh9olf0OKCokpzxSyLeJx;0,514;0,59;1;-6,405;0;0,0274;0,403;0;0,126;0,173;130,167;287600;4;67,3578;8;1;5
Train. Train;Blackfoot;spotify:track:5bSpsKGoGKXOOfg7F3ZtKz;0,609;0,807;9;-8,286;1;0,0559;0,015;0,00123;0,37;0,754;121,768;216693;4;43,40353;7;1;5
True;Spandau Ballet;spotify:track:0CsM8VGDi38kusMv3pxyj1;0,744;0,545;0;-9,361;1;0,0297;0,506;0,0977;0,0649;0,346;97,409;328293;4;35,42109;12;1;5
True Love;Glenn Frey;spotify:track:0fMlhe66IZtHbCSe5EGBlX;0,561;0,534;0;-12,483;1;0,0645;0,418;6,59E-05;0,194;0,453;204,079;279693;4;44,30597;12;1;5
Tu Presa Fácil;Los Yonic's;spotify:track:61Q38L4Tg7oqocmFEtSuWU;0,754;0,474;5;-11,132;1;0,0286;0,72;0;0,0603;0,78;115,555;242040;4;32,45799;12;0;5
Tukani (Monday Is Grey);The Cleaners From Venus;spotify:track:1pyWBXRp3yxygdYW4nnyzj;0,626;0,653;9;-7,346;1;0,116;0,0308;0,0915;0,103;0,283;139,551;329173;4;57,37968;16;0;5
Tum Itna Jo Muskura Rahe Ho;Jagjit Singh;spotify:track:4SVLJYv9gJQgFhtJdW3TEX;0,374;0,331;4;-12,652;1;0,0322;0,352;1,46E-05;0,178;0,594;171,381;321311;4;42,72148;18;0;5
Turned Away;Chuckii Booker;spotify:track:7Akh21WwTaO2rlyH9xxCFg;0,434;0,833;6;-9,018;1;0,048;0,0865;0,0486;0,117;0,786;189,645;343933;4;50,44176;13;1;5
Two Oldtimers;Moebius;spotify:track:0NYaLgPnKX2lalajAa8JMW;0,34;0,28;11;-14,929;1;0,0355;0,774;0,669;0,123;0,0711;174,065;422747;4;30,94812;17;0;5
Two Steps Ahead (A);Andy Clark;spotify:track:2LYBF1nICLPilqmyUPHC3w;0,766;0,689;0;-13,28;0;0,0449;0,124;0,853;0,148;0,703;118,206;199600;4;81,38216;8;0;5
Two To Make It Right;Seduction;spotify:track:6GS6uE1vDmtzxO8GztAR2O;0,772;0,598;7;-10,857;0;0,0429;0,204;0,00345;0,513;0,717;114,419;282267;4;35,55838;13;1;5
Two Tribes;Frankie Goes To Hollywood;spotify:track:5NN5MQyE3Lo91zAEHpGa7S;0,54;0,621;7;-13,165;1;0,0369;0,00292;0,00287;0,367;0,195;130,202;208133;4;70,48362;7;1;5
Un petit poisson un petit oiseau;Juliette Gréco;spotify:track:7wBt4gAavPWOalhZTk2YsF;0,696;0,39;4;-12,687;1;0,0309;0,486;0;0,0951;0,933;107,595;105800;4;39,57251;5;0;5
Uncle Pen;Ricky Skaggs;spotify:track:5YdIA3pW3ayKXjI8HoXdnR;0,584;0,618;9;-12,342;1;0,0287;0,099;0,00728;0,232;0,95;129,956;143533;4;63,51001;5;0;5
Uncle Pen;Ricky Skaggs;spotify:track:7sZwVnLb72LGkX9vqDas9H;0,571;0,803;9;-8,056;1;0,0312;0,138;0,00404;0,165;0,928;129,57;146027;4;42,8782;6;0;5
Underneath The Radar;Underworld;spotify:track:1UPJoPSCpOzYcRBq5nc586;0,628;0,66;2;-12,262;1;0,0437;0,00994;0,51;0,398;0,437;144,635;367453;4;39,97567;15;1;5
Untitled;Sisters of Mercy;spotify:track:1NVRVG1fSWaRXUmDtmaczA;0,52;0,426;0;-15,947;1;0,0351;0,000515;0,289;0,2;0,206;157,903;216370;4;49,07765;10;0;5
Upside Down;Diana Ross;spotify:track:3pbtBomO4Zt5gGiqsYeiBH;0,873;0,855;5;-8,559;0;0,0615;0,178;0,0282;0,0377;0,884;107,868;245600;4;41,60987;11;1;5
Vente Pa Madrid;Ketama;spotify:track:5KMChmQt6Wrk72v4eMERAZ;0,693;0,541;9;-15,112;0;0,0388;0,715;3,72E-05;0,234;0,788;117,957;276907;4;27,22065;15;0;5
Very Friendly;Throbbing Gristle;spotify:track:04t6Z4SIXmoIkYewe9iGug;0,436;0,692;1;-11,006;1;0,0379;0,205;0,772;0,691;0,0659;78,51;459253;4;20,89678;23;0;5
Victory Chant;Bob Fitts;spotify:track:2YApUzXNR0C9ima9aqElDe;0,455;0,77;0;-12,376;0;0,089;0,502;0;0,574;0,471;182,748;136707;4;34,18479;6;0;5
Video Killed The Radio Star;The Buggles;spotify:track:6t1FIJlZWTQfIZhsGjaulM;0,675;0,61;1;-13,811;1;0,085;0,0852;0,0188;0,159;0,344;131,037;253800;4;50,65732;13;1;5
Viertes Reich - Bonus Track;Slime;spotify:track:1LsjMJZYabxK9WFrINEJEI;0,281;0,942;9;-4,831;0;0,0769;3,02E-05;2,86E-05;0,0946;0,81;142,455;131093;4;29,15583;7;0;5
Vivo Sonhando;Stan Getz;spotify:track:1Zfs685ci0kxKAym9WMuxi;0,464;0,272;7;-12,569;1;0,0338;0,901;1,35E-05;0,153;0,385;140,946;173507;3;27,18952;9;0;5
Você Me Abandonou;Pedrinho Da Flor;spotify:track:40UZVtoe4ANxDwdR36Lw4U;0,676;0,618;2;-8,316;1;0,0457;0,136;0;0,245;0,791;108,119;194293;4;42,72934;9;0;5
Voices Of Babylon;The Outfield;spotify:track:3qBed3GRu5DCMIfSS4N2Dl;0,618;0,79;3;-8,802;1;0,0308;0,0564;0,238;0,253;0,688;121,114;210160;4;43,76829;9;1;5
Volcano;Jimmy Buffett;spotify:track:0s4jINkD2RoxH96zpy2i0D;0,652;0,474;5;-14,436;1;0,204;0,332;1,03E-06;0,0993;0,88;176,966;219893;4;43,46763;10;1;5
Voyeur;Kim Carnes;spotify:track:2biWZ2wYVEW5c3bhA7FMMY;0,616;0,894;9;-8,045;1;0,0373;0,0504;0,000166;0,333;0,624;138,459;234853;4;21,30117;10;1;5
VX Gas Attack;Skinny Puppy;spotify:track:5tLJ4v1nhjcXqHpIy1qYhi;0,634;0,779;7;-11,818;1;0,0664;0,00859;0,0339;0,357;0,19;118,115;336133;4;37,86467;12;0;5
Wait On Love;Michael Bolton;spotify:track:0MSsPwiZj71s8grwMb6WOK;0,625;0,684;8;-11,439;1;0,043;0,0338;0,0011;0,113;0,606;110,516;266827;4;37,65127;10;1;5
Wake Me Up Before You Go-Go;Wham!;spotify:track:0ikz6tENMONtK6qGkOrU3c;0,62;0,574;0;-11,893;1;0,0421;0,272;0;0,0607;0,9;81,548;231333;4;36,1681;8;1;5
Walkin' Shoes;Tora Tora;spotify:track:08voj9TLULmsz8cOzFzYT8;0,372;0,686;2;-12,209;1;0,0442;0,000712;0,279;0,0731;0,526;145,514;228040;4;79,92093;9;1;5
Walking Blues;Big Joe Williams;spotify:track:1ZjN5X8LmUB67pWPgimW3B;0,509;0,277;6;-14,323;1;0,0495;0,827;0,00206;0,0756;0,64;101,157;161893;4;68,4653;7;0;5
Walks Like A Lady;Journey;spotify:track:2ec2PuewSVcTL0TvBpfqav;0,719;0,405;5;-14,065;1;0,0733;0,139;0;0,0447;0,654;131,634;196267;4;75,00111;8;1;5
Walpurgis Night;Stormwitch;spotify:track:4vgArmqdEZeTmsth6kklpw;0,313;0,692;9;-8,089;1;0,0683;0,00035;0,00904;0,172;0,585;133,058;181693;4;46,34468;8;0;5
Walpurgis Night (The Sign of Women's Fight);Running Wild;spotify:track:26kevKHN7pC4i41k0dzN3B;0,187;0,644;7;-16,353;1;0,085;0,000828;0,198;0,214;0,215;187,157;281080;4;73,16456;9;0;5
War In the Gutter;Running Wild;spotify:track:5BBcYqS7QosFAIpnnMY3zV;0,376;0,987;4;-8,23;0;0,0988;1,83E-05;0,000315;0,334;0,152;116,474;199187;4;37,26454;10;0;5
Way Cool Jr.;Ratt;spotify:track:5ezpnSlzlQaZfyZc8Wn2dV;0,541;0,948;9;-4,863;1;0,0696;0,0433;0,000518;0,341;0,257;89,605;267333;4;128,30022;7;1;5
Ways To Be Wicked;Lone Justice;spotify:track:2Oxrq0oQaQb5dtswjYMwmm;0,608;0,653;2;-11,662;1;0,0276;0,0418;1,63E-06;0,962;0,956;124,665;205333;4;61,3237;8;1;5
We Got To Come Together;Brooklyn Funk Essentials;spotify:track:1NNYIjUV4JO2pB5gVTTFC1;0,77;0,99;6;-8,135;1;0,0503;0,00298;0,788;0,317;0,798;122,883;277760;4;41,924;12;0;5
We Want Some Pussy ('89 House Mix);2 LIVE CREW;spotify:track:72jLOYSjdDrimlrOmnHlby;0,764;0,81;0;-11,231;1;0,0445;0,00154;0,0263;0,352;0,923;124,748;400587;4;18,42667;18;0;5
We Will Meet Again - Remastered;Bill Evans;spotify:track:1buxobgVjB9TMzODGU9MIv;0,442;0,2;0;-18,981;0;0,0396;0,924;0,896;0,257;0,228;78,834;244786;3;40,63976;10;0;5
Welcome To The Jungle;Guns N' Roses;spotify:track:0G21yYKMZoHa30cYVi1iA8;0,453;0,987;8;-4,485;1;0,0889;0,0195;0,283;0,268;0,316;123,544;273480;4;26,37764;13;1;5
Wenn der Himmel brennt;Slime;spotify:track:1LtIsXAWaWIs1ZTadauJHv;0,368;0,992;9;-3,185;0;0,189;0,0351;0,00197;0,133;0,0744;110,027;177600;4;25,20706;9;0;5
What I Like About You;Michael Morales;spotify:track:5RBdhB9q70XvaGK2ai2bNp;0,548;0,945;9;-10,207;1;0,0429;0,0254;4,34E-05;0,0576;0,918;76,292;184600;4;37,0895;6;1;5
What Kind Of Fool Am I;Rick Springfield;spotify:track:3C7HthJQqYH5me3Gx2HrGb;0,611;0,453;2;-11,383;1;0,0434;0,483;0;0,0774;0,321;118,921;200640;4;36,73739;8;1;5
What People Do For Money - Dollar Bill Dub;Divine Sounds;spotify:track:3iLJAlVRgyQZ8Syc3aKydi;0,913;0,494;11;-7,249;0;0,0918;0,00956;0,517;0,0564;0,786;124,017;506953;4;31,64937;17;0;5
What The Fuck (Can I Do) - Instrumental Mix;Jonathan Ulysses;spotify:track:4HMigYSBb6wDw86oQagasL;0,675;0,862;7;-5,624;1;0,145;0,00281;0,926;0,0574;0,425;128,005;345000;4;25,32558;12;0;5
What You Need;INXS;spotify:track:04EnF5C2HvYZfGu64Bng7I;0,685;0,827;11;-6,045;1;0,0546;0,0238;0,0159;0,328;0,477;116,085;214000;4;28,70342;10;1;5
Whatever Happened To Old Fashioned Love;B.J. Thomas;spotify:track:5FUG7FHEX0lPsXCaDD0k9J;0,578;0,392;2;-15,551;1;0,0298;0,138;0;0,231;0,62;108,03;206400;4;32,30098;9;1;5
What's Love Got To Do With It;Tina Turner;spotify:track:4kOfxxnW1ukZdsNbCKY9br;0,851;0,406;1;-11,631;1;0,0661;0,219;6,41E-06;0,0853;0,792;97,84;226880;4;38,47106;13;1;5
Wheels of Fire;Manowar;spotify:track:3SQlNgbmy6GQ1lq5yDUchx;0,342;0,897;2;-11,221;1;0,103;1,08E-05;0,643;0,358;0,129;94,596;250373;4;34,64995;12;0;5
When He Shines;Sheena Easton;spotify:track:1jUu3iBZ1lCZSpnvbe0udo;0,346;0,0677;10;-15,864;1;0,0341;0,922;3,44E-06;0,112;0,0855;110,559;236347;4;34,93229;12;1;5
When I get home;Elizabeth Cotten;spotify:track:5yeB8FGoeS4EkDcnsRN8vP;0,496;0,124;5;-16,657;1;0,0368;0,975;0,011;0,119;0,318;175,921;143000;4;48,46319;6;0;5
When I'm With You;Sheriff;spotify:track:3RJof5CojqlbgZ5adHw50O;0,248;0,324;9;-10,878;1;0,03;0,274;0,00946;0,113;0,122;135,786;238040;4;38,38571;10;1;5
When It Feels Good;The Darling Buds;spotify:track:2E7noXDRCk9Ns85kcvImCv;0,462;0,723;4;-10,801;1;0,0307;0,0559;0,0744;0,0901;0,573;130,171;224027;4;47,0424;10;0;5
When She Dances;Joey Scarbury;spotify:track:2sGlc4yHQBoCD9xeKV7nr0;0,628;0,328;8;-15,834;1;0,0383;0,358;0;0,0841;0,547;78,305;204440;4;40,42137;9;1;5
When She Was My Girl;Four Tops;spotify:track:3FPaQv0qldYuF0XD0ziwT8;0,696;0,593;5;-10,283;1;0,0399;0,203;0,00219;0,0767;0,778;100,346;206053;4;18,01532;9;1;5
When The Feeling Comes Around;Jennifer Warnes;spotify:track:2YLmGC20C23WHlU1hNPeRA;0,618;0,487;2;-11,592;1;0,0827;0,508;0;0,0595;0,857;118,16;197067;4;36,63264;9;1;5
When The Lights Go Out;Naked Eyes;spotify:track:16BBr5OO2J6M3OqKCy20m3;0,637;0,842;9;-4,492;0;0,0273;0,225;0;0,352;0,924;98,092;182560;4;36,52868;7;1;5
When Your Heart Is Weak;Cock Robin;spotify:track:7eaPCOybgKSjvX7ptXLZNO;0,635;0,498;11;-9,62;1;0,0268;0,0583;0,0103;0,117;0,576;106,984;346467;4;84,05764;12;1;5
Where Did Your Heart Go?;Wham!;spotify:track:0G5fazgowlpnpAuiQ019Ur;0,561;0,611;10;-11,981;0;0,0328;0,2;0,00305;0,11;0,621;96,491;342667;4;41,28543;15;1;5
Where Do Broken Hearts Go;Whitney Houston;spotify:track:7tLtIZclwLWk54PFAyDv5T;0,464;0,386;2;-12,174;1;0,0292;0,632;0;0,0682;0,251;61,868;277600;4;49,23549;9;1;5
Where Does The Lovin' Go;David Gates;spotify:track:0FIWbmMoNPBCRHpp9e9lNz;0,465;0,324;4;-13,774;1;0,0286;0,0424;0;0,137;0,358;85,456;187280;4;35,15211;8;1;5
Where Dragon's Rule;Crimson Glory;spotify:track:72RSFJdtj70wRfgCZTI3fY;0,531;0,955;1;-3,566;1;0,077;0,000187;0,074;0,166;0,378;100,059;303507;4;37,52088;17;0;5
While You See A Chance;Steve Winwood;spotify:track:4JAFyW6oZV6DIADeV619QG;0,602;0,732;2;-8,29;1;0,0282;0,36;0,000314;0,0755;0,411;129,355;312773;4;32,55373;14;1;5
White Noise Waves;Nataural;spotify:track:7fOGOaXp8caHZey7IYR1ZT;0,13;0,951;1;-13,412;1;0,193;0,577;0,891;0,877;0,0304;160,053;128662;3;28,94568;9;0;5
White Wedding;Billy Idol;spotify:track:1gzIbdFnGJ226LTl0Cn2SX;0,673;0,814;9;-5,411;1;0,0367;0,0133;0,00293;0,343;0,728;147,193;252200;4;25,79702;13;1;5
Who Checked In? (Freak-A-Deak Theme) - Live;Junkyard Band;spotify:track:1FBcg826UglT6KFtopSYAb;0,763;0,624;10;-9,061;0;0,364;0,535;6,93E-06;0,196;0,655;91,538;422667;4;31,40287;22;0;5
Who's Behind The Door?;Zebra;spotify:track:7EucoxqiQUYeftPwee0PGR;0,19;0,641;7;-13,813;1;0,0573;0,0282;0,0581;0,323;0,207;90,045;316333;4;62,29854;14;1;5
Who's That Girl;Eurythmics;spotify:track:6P8kyob4SPq2Z0TBEHzgZy;0,777;0,504;0;-10,824;0;0,044;0,0661;1,55E-06;0,0752;0,357;119,542;286733;4;41,01991;13;1;5
Why Can't I Have You;The Cars;spotify:track:3hPljMlsrP2S4j2WQdhZo0;0,586;0,503;4;-10,001;0;0,0322;0,358;1,41E-05;0,0426;0,895;206,208;245507;4;58,48987;11;1;5
Why Do Fools Fall In Love;Diana Ross;spotify:track:618K2eozL0nM4nf0d8Q5r6;0,652;0,8;4;-5,463;1;0,0738;0,52;7,56E-05;0,566;0,961;160,105;173413;4;33,68122;8;1;5
Wiedersehn;Ton Steine Scherben;spotify:track:4iafuhW9ePYvdHEggZ8J4c;0,694;0,587;7;-8,941;1;0,157;0,0715;0;0,165;0,677;126,294;211360;4;37,21186;9;0;5
Windows;Missing Persons;spotify:track:1xBl90mVMPL3XyEa2RLgkW;0,664;0,689;6;-10,063;1;0,0305;0,142;2,82E-06;0,115;0,605;132,15;302373;4;52,99255;12;1;5
Wise Up;Amy Grant;spotify:track:5sOTZX5LqMQ0Y1U4631cY5;0,739;0,886;2;-6,128;1;0,036;0,0764;0,000133;0,683;0,788;107,367;232107;4;22,47915;9;1;5
Wishing (If I Had A Photograph Of You);A Flock Of Seagulls;spotify:track:2mwdSJZlzXOJqTQ37rpIbv;0,507;0,803;1;-5,176;1;0,0388;0,104;0,678;0,054;0,682;120,23;330427;4;39,11572;18;1;5
With You I'm Born Again;Billy Preston & Syreeta;spotify:track:7wlPnBfcywEctiVWwCdxvn;0,348;0,313;10;-11,379;1;0,0324;0,866;0,000257;0,13;0,356;82,004;220600;3;33,66676;9;1;5
Without A Song - Remastered;Bill Evans;spotify:track:0SCuGFxB74I7WlFWlQGZDJ;0,429;0,366;10;-16,006;1;0,0365;0,953;0,916;0,115;0,258;92,073;485827;4;30,30666;24;0;5
Without You (Not Another Lonely Night);Franke & The Knockouts;spotify:track:3hzzv1JDlYAOBaT6eW2fSx;0,534;0,607;2;-7,072;1;0,0419;0,162;0;0,209;0,309;73,564;227040;4;38,21463;10;1;5
Witness (Main Title) / Journey To Baltimore;Maurice Jarre;spotify:track:71G0G8id5H7Y0CyxdPW89v;0,0744;0,0825;9;-21,207;0;0,0443;0,97;0,963;0,0965;0,0337;78,257;383000;3;28,86833;22;0;5
Word Up;Cameo;spotify:track:7LoGfKBAaOl0nxhodJ1240;0,878;0,84;6;-13,105;0;0,064;0,0421;0,0035;0,053;0,882;116,222;260000;4;56,07821;13;1;5
World Where You Live;Crowded House;spotify:track:6aInKHoFNCD7DPWUhFRfUE;0,572;0,455;2;-15,244;1;0,035;0,102;3,38E-06;0,172;0,905;110,422;184640;4;31,09251;12;1;5
Worlock;Skinny Puppy;spotify:track:1OY3V4AB64zZanzBQ4b8Z1;0,618;0,902;0;-6,175;1;0,0676;0,00489;0,00445;0,126;0,452;91,393;330240;4;28,31056;10;0;5
X Communication;My Life With The Thrill Kill Kult;spotify:track:0RMC7FMCn5u77QLUZI4q9U;0,55;0,92;11;-6,392;1;0,0904;0,00827;3,42E-05;0,5;0,471;103,431;311167;4;34,57905;17;0;5
Ye Zamin Gaa Rahi Hai - Teri Kasam / Soundtrack Version;Amit Kumar;spotify:track:7AmDrDeMUjMOr1ZbhRABEw;0,519;0,529;6;-10,816;0;0,0307;0,62;4,85E-06;0,132;0,862;136,711;323987;4;34,69032;12;0;5
Yeah Buddy (Extended Mix);Royal House;spotify:track:4E1AdopjTJSO1N52LaVsvC;0,815;0,92;8;-3,358;0;0,141;0,102;0,00112;0,342;0,953;123,032;421293;4;32,64899;17;0;5
Yearning For Your Love;The Gap Band;spotify:track:5qM925z83TMCtj6h0qooVi;0,586;0,377;2;-12,638;1;0,0271;0,0996;3,15E-06;0,0859;0,438;90,716;343400;4;38,53602;9;1;5
Yellow Panties;Dr. Jeckyll & Mr. Hyde;spotify:track:6LdpgyYQxwvnw3DaE7Xkov;0,959;0,386;9;-14,406;0;0,175;0,0239;1,72E-05;0,0638;0,529;116,842;279747;4;40,35363;11;0;5
Yes He Ran;Skinny Puppy;spotify:track:603DGYWkVfeS5HPWilHu7T;0,58;0,754;7;-12,562;1;0,0466;0,000415;0,626;0,341;0,373;99,748;388160;4;29,75349;19;0;5
Yo Te Necesito;Los Bukis;spotify:track:7yMWuJ6JOZ8Joo5gQrNaYA;0,432;0,643;9;-9,168;1;0,0533;0,281;0;0,08;0,773;181,519;178240;3;48,23935;8;0;5
You Are My Heaven;Roberta Flack With Donny Hathaway;spotify:track:36Lo6DYzqyGLVFoPQSspmF;0,593;0,579;1;-10,692;1;0,0521;0,171;0,000203;0,611;0,705;101,649;254453;4;18,52286;10;1;5
You Better Run;Pat Benatar;spotify:track:5qwdIO55XtliaaSs9ccptC;0,605;0,621;9;-10,495;1;0,0532;0,102;0,000744;0,22;0,696;125,701;185027;4;33,31274;10;1;5
You Came;Kim Wilde;spotify:track:2mXvx5UORysNIFVnsuo3kc;0,655;0,99;4;-5,204;1;0,0565;0,329;0,000177;0,0625;0,62;119,046;208520;4;29,62747;10;1;5
You Don't Believe;The Alan Parsons Project;spotify:track:5vhDFOTm51TGtGaPTtcTKY;0,667;0,633;0;-10,836;0;0,0313;0,0683;4,12E-05;0,0725;0,574;122,827;266893;4;28,35616;9;1;5
You Don't Know Me;Mickey Gilley;spotify:track:1JkEmkfi0wzOpmf55or7AC;0,519;0,324;0;-9,03;1;0,0282;0,551;2,99E-06;0,133;0,289;72,723;184600;4;34,24392;9;1;5
You Know I Love You ... Don't You?;Howard Jones;spotify:track:1ZfIg69PCKg7IHxA43R4NS;0,669;0,948;10;-5,092;1;0,0429;0,15;0,00714;0,195;0,961;144,092;240626;4;48,01091;11;1;5
You Leave Me Breathless - Rudy Van Gelder Remaster;John Coltrane;spotify:track:0X2rAKNhB12m9zKAEBYbu4;0,506;0,0704;5;-19,089;1;0,0357;0,959;0,789;0,0806;0,269;110,676;441000;4;26,1382;18;0;5
You Make Me Feel Like A Man;Ricky Skaggs;spotify:track:3TIMbjD86wxWup2QntiJgT;0,584;0,346;5;-9,216;1;0,026;0,114;2,03E-06;0,687;0,52;104,493;253533;4;28,13033;11;0;5
You May See Me Walkin';Ricky Skaggs;spotify:track:5HvGySl3kOL2QnlhkAu9Sl;0,713;0,456;9;-9,483;1;0,029;0,12;0,000177;0,262;0,941;129,913;147973;4;36,89555;6;0;5
You Should Be Mine (The Woo Woo Song);Jeffrey Osborne;spotify:track:2SfuAy85nKuB71LCLZFDPk;0,725;0,648;0;-10,968;1;0,0384;0,675;0,000463;0,0943;0,853;88,907;266507;4;25,36936;15;1;5
Young Thing. Wild Dreams (Rock Me);Red Rider;spotify:track:529PsUjf4jXDWHk957tarb;0,751;0,683;9;-7,463;1;0,0366;0,0405;8,64E-06;0,0813;0,892;111,072;212533;4;27,95498;10;1;5
Young Wild And Free;Brighton Rock;spotify:track:7EBpncUwlHjLhQTetSLb9O;0,454;0,734;2;-15,559;1;0,041;0,124;1,36E-05;0,099;0,46;135,527;225560;4;36,52688;11;0;5
Your Love Is King;Sade;spotify:track:2DcSehEocZhDogCJKCnXb3;0,742;0,422;9;-6,797;1;0,0309;0,559;4,14E-05;0,0402;0,592;134,624;219427;3;35,96118;12;1;5
You're A Friend Of Mine;Clarence Clemons & Jackson Browne;spotify:track:4aqCPPCnEQCuI4bC18wm1W;0,595;0,919;11;-6,154;1;0,038;0,0707;7,14E-05;0,212;0,74;92,703;290933;4;25,3315;15;1;5
You're Driving Me Out Of My Mind;Little River Band;spotify:track:4LfWMwJSjyVj0kPJHecc69;0,633;0,727;0;-7,69;1;0,0265;0,0207;0,000111;0,265;0,918;110,867;313160;4;32,5634;15;1;5
You're My Blessing;Lou Rawls;spotify:track:3av8222ArMb8u8dXMtXAFV;0,808;0,616;10;-10,995;0;0,0454;0,316;0,0024;0,0648;0,804;112,56;261333;4;86,76976;9;1;5
You're So Easy To Love;Tommy James;spotify:track:4NC681EQijAxBzBIxjkOxZ;0,576;0,53;10;-11,317;1;0,0372;0,0389;0;0,0517;0,933;120,277;241227;4;26,02731;12;1;5
Zindagi Jab Bhi;Talat Aziz;spotify:track:0y3b4ssMVGVAYnVd231Tff;0,604;0,497;2;-6,933;1;0,0267;0,748;0;0,358;0,549;95,008;296760;4;16,58908;14;0;5
Zombie Dance - Remastered;The Cramps;spotify:track:1OcDvY7VSrlB5wa5zQoBzb;0,524;0,883;11;-8,274;0;0,0919;6,60E-05;0,885;0,0849;0,594;108,284;115440;4;23,62863;7;0;5
אלינור;Zohar Argov;spotify:track:5DrKHIoKhGgqJCvHChRwbo;0,497;0,671;5;-14,335;1;0,0699;0,235;0,0791;0,172;0,467;103,147;301667;3;70,76963;14;0;5
היה זה ערב סגריר;Zohar Argov;spotify:track:3Oz8KXLNK26rYhCd3wlYPD;0,552;0,652;2;-13,998;0;0,0356;0,544;0,000277;0,101;0,928;110,159;368853;4;26,64764;18;0;5
הפרח בגני;Zohar Argov;spotify:track:65SBc367d0Wra0HTW9eNqj;0,275;0,49;0;-16,252;0;0,0364;0,227;9,09E-06;0,0685;0,734;174,184;222133;4;31,26596;8;0;5
להלה יזיד אקטר;Zohar Argov;spotify:track:6hiUDxFtitzC1K2GgjxnRI;0,456;0,558;9;-12,763;0;0,0877;0,45;9,02E-05;0,175;0,389;109,509;338627;4;33,24057;14;0;5
לשיר איתך;Boaz Sharabi;spotify:track:0rlIsdv5bdnAdhC69rpXAn;0,477;0,429;0;-10,286;1;0,0328;0,714;0;0,0437;0,208;76,591;267440;4;53,74987;13;0;5
נשבע;Haim Moshe;spotify:track:7bxlXnh1YMHQZHQm04oNrk;0,406;0,24;11;-14,13;0;0,032;0,861;2,58E-06;0,11;0,136;83,168;254333;4;48,15516;11;0;5
עוד דקה את נעלמת;Zohar Argov;spotify:track:2bTXTDIF3KTrhGyvO8OTXG;0,448;0,34;7;-14,618;0;0,0283;0,321;0,000374;0,105;0,299;98,406;245600;4;28,99532;13;0;5
dataset_of_track;dataset_of_artist;dataset_of_uri;dataset_of_danceability;dataset_of_energy;dataset_of_key;dataset_of_loudness;dataset_of_mode;dataset_of_speechiness;dataset_of_acousticness;dataset_of_instrumentalness;dataset_of_liveness;dataset_of_valence;dataset_of_tempo;dataset_of_duration_ms;dataset_of_time_signature;dataset_of_chorus_hit;dataset_of_sections;dataset_of_target;dataset_of_id_ano
"Don't Cry For Me Argentina (From ""Evita"")";Madonna;spotify:track:0XzS20zTg74EyoM1dDORlE;0,297;0,148;11;-13,898;1;0,0337;0,897;4,03E-06;0,099;0,082;104,458;335733;5;44,7754;17;1;6
"I Love Music (From ""Carlito's Way"")";Rozalla;spotify:track:7bf3WkBlgMvE2n0F96LQja;0,714;0,686;2;-8,428;0;0,0294;0,0376;0,0043;0,0853;0,842;125,982;290000;4;26,85643;13;1;6
"Let It Go (From ""Set It Off"")";Ray J;spotify:track:6igXETl1zKir06CA7NWYo2;0,853;0,515;0;-5,081;1;0,0453;0,0547;7,79E-05;0,0519;0,859;93,026;293129;4;32,89598;11;1;6
"Oscar's ""B"" Sandwich";Oscar the Grouch;spotify:track:32WQuOyYBxZW1Q8tmL7amK;0,778;0,573;0;-9,285;1;0,355;0,795;0;0,753;0,966;107,087;64773;3;11,3163;3;0;6
"Piano Concerto No. 21 in C Major. K. 467 ""Elvira Madigan"": II. Andante";Wolfgang Amadeus Mozart;spotify:track:2YarjDYjBJuH63dUIh9OWv;0,194;0,0324;5;-28,215;1;0,0382;0,982;0,961;0,0916;0,0596;144,13;433800;4;44,69069;19;0;6
"Piano Concerto No.5 in E flat major Op.73 -""Emperor"": 2. Adagio un poco mosso";Ludwig van Beethoven;spotify:track:2a6EP73QVZxj0NSVEta4Ad;0,227;0,0227;11;-29,761;1;0,0432;0,988;0,909;0,103;0,04;84,99;498867;4;53,77873;23;0;6
"Regreso al amor. from Solana's movie ""Sur""";Yo-Yo Ma;spotify:track:6NVHnUrSPVAcN3ezheg5HP;0,365;0,281;2;-11,878;0;0,0316;0,719;0,173;0,0899;0,428;95,079;362400;4;69,18476;17;0;6
"Someday (From ""The Hunchback Of Notre Dame"")";All-4-One;spotify:track:0LY1DGU1xAWJOFHTMLYBMS;0,22;0,174;6;-20,329;0;0,0307;0,378;0;0,0944;0,106;167,178;260493;3;27,05795;12;1;6
"Soul To Squeeze (From ""Coneheads"")";Red Hot Chili Peppers;spotify:track:6pkzrU2RKoPcQJHT7dwlbP;0,663;0,546;5;-5,234;1;0,0269;0,0322;0,000572;0,107;0,656;88,171;289533;4;110,3566;9;1;6
"The Perfect Drug (From ""Lost Highway"")";Nine Inch Nails;spotify:track:4N9jdraFn9ejQPijbgzZzv;0,627;0,883;5;-8,988;0;0,0947;0,0207;0,00346;0,323;0,252;149,024;315440;4;37,21339;12;1;6
"The Riddler (From ""Batman Forever"")";Method Man;spotify:track:0GzXo2jahyCJbyTEo5fqCB;0,798;0,668;10;-4,824;1;0,091;0,0571;0,00987;0,204;0,438;168,039;213733;4;34,91878;14;1;6
"Violin Concerto ""To The Memory Of An Angel"": 2. Allegro - Adagio";Alban Berg;spotify:track:60P4tyxMGLVOoTNnH8874U;0,118;0,0688;5;-22,729;0;0,041;0,92;0,182;0,109;0,0346;92,353;972000;4;44,8779;49;0;6
"When I Fall In Love (From ""Sleepless In Seattle"")";Celine Dion And Clive Griffin;spotify:track:5kqmgfPEUWtDGWOvop4sP2;0,19;0,241;8;-13,251;1;0,0322;0,577;0;0,0952;0,107;68,353;260827;4;68,96294;11;1;6
"When You Wish Upon A Star (From Walt Disney's ""Pinocchio"") - Instrumental";Dave Brubeck;spotify:track:2fjpDEiMe9eYDYmk1W2j3O;0,617;0,149;0;-14,349;0;0,049;0,948;0,17;0,0947;0,431;112,84;288973;4;56,55171;14;0;6
#3;Aphex Twin;spotify:track:2Bc4llhjJBW77I552RgA3L;0,167;0,071;6;-27,108;0;0,041;0,911;0,855;0,107;0,0613;143,315;464293;5;43,83132;18;0;6
(Everything I Do) I Do It For You;Bryan Adams;spotify:track:6eBK3edMW7bEzecF1eCezc;0,526;0,365;1;-12,605;1;0,028;0,0775;1,35E-05;0,0618;0,253;131,253;394133;4;27,3344;16;1;6
(Friday Afternoon) In a Galaxy Far Away;Mattias IA Eklundh;spotify:track:4ndZWKvlUvabWlLPTp2px2;0,218;0,972;3;-6,097;1;0,228;0,113;0,32;0,355;0,167;138,859;47400;3;23,95958;4;0;6
(I Could Only) Whisper Your Name;Harry Connick, Jr.;spotify:track:68EKUNtzGVapUS30PJDVKs;0,682;0,572;5;-7,067;0;0,045;0,191;0,204;0,0504;0,844;89,083;290333;4;31,29211;12;1;6
(We Ain't Got) Nothin' Yet;The Blues Magoos;spotify:track:7sKCwyhhdzrb9nx6gmTsFE;0,409;0,857;10;-9,709;1;0,0442;0,208;8,93E-05;0,0493;0,881;148,739;138867;4;38,63422;6;0;6
...Baby One More Time;Britney Spears;spotify:track:3MjUtNVVq3C8Fn0MP3zhXa;0,759;0,699;0;-5,745;0;0,0307;0,202;0,000131;0,443;0,907;92,96;211067;4;31,62785;9;1;6
¿Y Todo Para Qué?;Intocable;spotify:track:53IpyJOqUIcCzCUtMjP9oy;0,694;0,637;0;-7,786;1;0,0274;0,336;5,40E-05;0,322;0,782;102,833;190533;4;28,39795;11;0;6
12;Jeffries Fan Club;spotify:track:6GN4Dciom4zOzftIS5YkDH;0,436;0,936;7;-8,156;1;0,0836;0,00136;0,196;0,118;0,749;116,929;176013;4;53,51022;7;0;6
01/02/2003;The Chimes;spotify:track:59SxsQ3e2bQ9U65GelEMqV;0,826;0,611;6;-12,571;1;0,0648;0,0336;0,0224;0,0498;0,919;109,801;203360;4;36,84838;9;1;6
1969;Sisters of Mercy;spotify:track:5t3w2oRxvGqkzrz5m4fMMm;0,463;0,762;7;-7,587;1;0,033;8,95E-06;0,896;0,0748;0,849;98,556;165433;4;42,54899;6;0;6
1-Luv;E-40 (Featuring Leviti);spotify:track:2yJCZ4b5v5vT0iqAs9LuS5;0,806;0,746;2;-5,473;1;0,151;0,0657;6,43E-05;0,127;0,417;90,038;308307;4;47,24649;12;1;6
1st Of Tha Month;Bone Thugs-N-Harmony;spotify:track:1dF5Y2dd7Wm4wZKvVjWBpr;0,729;0,581;5;-8,235;0;0,18;0,0777;3,81E-06;0,696;0,508;74,038;314680;4;46,15646;11;1;6
3 Gymnopédies: Gymnopedie No. 1;Erik Satie;spotify:track:1jQUjKDjWsVPIYyLANEThG;0,527;0,0291;7;-31,347;1;0,0741;0,994;0,917;0,0959;0,28;99,331;159333;3;41,14856;8;0;6
5 Miles To Empty;Brownstone;spotify:track:2kJxVNGxZSENlLGCdV8AIV;0,671;0,733;3;-10,884;0;0,0283;5,01E-05;0,858;0,0745;0,803;123,577;225933;4;31,81401;10;1;6
57 Channels (And Nothin' On);Bruce Springsteen;spotify:track:42eWzCqHuCD5QRwzq3I24e;0,894;0,316;7;-18,975;1;0,0978;0,608;0,0153;0,111;0,64;132,061;145467;4;37,11863;7;1;6
808;Blaque;spotify:track:1Pqv7l6vxjBxd5fx4bWchC;0,867;0,42;1;-9,478;1;0,167;0,00328;3,18E-06;0,0887;0,367;121,66;306693;4;22,84136;15;1;6
A Life of Possibilities;Dismemberment Plan;spotify:track:3TKWCQMU7xYEEslFXsj51i;0,709;0,837;7;-7,273;1;0,0779;0,101;0,511;0,114;0,502;125,485;274720;4;40,24415;9;0;6
A Little Love;Corey Hart;spotify:track:7rYipZC5OPXEdhK69Lc8JJ;0,644;0,856;0;-10,663;1;0,0526;0,0766;0;0,0813;0,542;121,055;252667;4;38,41666;10;1;6
A Little Past Little Rock;Lee Ann Womack;spotify:track:3Xl5apC8UhqZ1FZ7u3HHfO;0,439;0,539;4;-8,035;1;0,0329;0,602;1,31E-05;0,155;0,319;171,888;256027;4;34,90149;11;1;6
A Message For The Saints;Donald Lawrence & The Tri-City Singers;spotify:track:4tSkWw6LaQm9hSw5KbYCAY;0,579;0,921;5;-7,195;0;0,0454;0,142;0;0,977;0,552;80,84;322707;4;48,84223;12;0;6
A Minha Vingança;Jose Roberto;spotify:track:42zBTWx2BnvoGgwZ2YRudM;0,634;0,621;9;-9,795;1;0,0351;0,0727;1,66E-06;0,286;0,784;120,06;161939;4;31,72636;8;0;6
A New Dawn - Gujarat Prabhatiyu;Rakesh Chaurasia;spotify:track:0BFwipUuYDILoHZ2GezTKF;0,347;0,54;4;-6,839;1;0,0305;0,364;0,0565;0,124;0,449;141,814;412720;4;25,2752;19;0;6
A Promise I Make;Dakota Moon;spotify:track:6dWbvrb0xygIlstvZxDhDJ;0,711;0,481;0;-8,135;0;0,0242;0,273;0;0,0952;0,392;90,118;267280;4;30,26556;11;1;6
Abigor;Cryptopsy;spotify:track:4kfpbmx9zcQeZLPKNLCO2A;0,232;0,961;9;-14,036;1;0,0503;0,000263;0,929;0,363;0,161;102,172;231427;4;38,40962;9;0;6
Action;Terror Fabulous Featuring Nadine Sutherland;spotify:track:42F0eI7tFI8Xez4iqXObBt;0,62;0,477;6;-12,277;0;0,169;0,187;0;0,0522;0,757;123,876;201747;5;73,90144;9;1;6
Action & Action;The Get Up Kids;spotify:track:3rNRmQETcPHauTPFqS7z3T;0,422;0,92;1;-4,874;0;0,0884;0,000137;0,0172;0,241;0,393;76,196;245840;4;163,09262;4;0;6
Adrenochrome;Sisters of Mercy;spotify:track:5k0fGRvLPypAvcQ4h1nXLl;0,624;0,814;9;-9,07;0;0,0426;0,00016;0,869;0,0626;0,52;160,911;177450;4;53,32418;8;0;6
Advice For The Young At Heart;Tears For Fears;spotify:track:3BjD16l0CBQxUvcRI7vLWN;0,665;0,787;5;-8,393;1;0,0328;0,0736;0,000132;0,143;0,358;122,478;290640;4;32,4051;14;1;6
After the Call;Tangerine Dream;spotify:track:0VJY6Yj43VBfkwxKEDWdez;0,563;0,585;10;-15,352;0;0,0444;0,00251;0,912;0,0795;0,742;144,5;314907;4;42,28513;13;0;6
After The Rain;Nelson;spotify:track:3VWGHiQO7fArciqoKB2DSx;0,461;0,867;3;-5,879;1;0,0684;0,0109;0,000164;0,33;0,611;125,441;245862;4;38,8424;11;1;6
Afternoons & Coffeespoons;Crash Test Dummies;spotify:track:21qfURxhcUJeeKKzB132ze;0,604;0,866;5;-6,742;1;0,0335;0,0151;0,00138;0,357;0,752;122,917;235933;4;28,55207;10;1;6
Ain't Nobody's Business;Dejan's Olympia Brass Band;spotify:track:7uon99ZWt3I6nWVaxkw8m2;0,447;0,325;5;-17,777;0;0,174;0,752;0,000617;0,148;0,431;68,634;415867;4;29,60479;17;0;6
Alamode;Art Blakey & The Jazz Messengers;spotify:track:3Wglt4wIgeXIBp8nDTh7mQ;0,459;0,428;1;-13,654;1;0,038;0,714;0,0155;0,279;0,801;132,199;410867;4;17,18954;17;0;6
Album for the Young. Op. 39 (arr. R. Dubinsky): No. 15. Italian Song (Chanson italienne);Pyotr Ilyich Tchaikovsky;spotify:track:4fKI7bOWTI3ajBiG8EYIVm;0,2;0,0527;2;-28,133;1;0,0436;0,977;0,904;0,133;0,252;68,62;75600;3;41,23525;4;0;6
Album for the Young. Op. 39 (arr. R. Dubinsky): No. 18. Neapolitan Song (Chanson napolitaine);Pyotr Ilyich Tchaikovsky;spotify:track:2a82gVYG5ygFPJV9aPvEQA;0,524;0,124;3;-23,955;1;0,0533;0,935;0,943;0,102;0,478;87,248;70560;4;39,34938;4;0;6
Alice;Sisters of Mercy;spotify:track:37XVpHmFM8P42ghW4Swczc;0,501;0,67;11;-7,683;0;0,0589;0,000509;0,869;0,0928;0,504;146,204;214936;4;28,20807;11;0;6
Aline;João Mineiro & Marciano;spotify:track:2gvrSeHgJaiczOt102ou2U;0,248;0,449;11;-9,502;1;0,0366;0,422;0;0,123;0,39;180,161;181600;3;28,06798;8;0;6
All Along;Blessid Union Of Souls;spotify:track:4BWAfHcuiNeOW2DrtP6RbD;0,537;0,291;1;-9,619;1;0,0266;0,343;0;0,11;0,0643;76,086;234707;4;26,38504;13;1;6
All I'm Missing Is You;Glenn Medeiros Featuring Ray Parker, Jr.;spotify:track:161VLuQ9BzasINJUoX0sNZ;0,742;0,745;5;-9,132;0;0,0296;0,12;0;0,0998;0,844;102,996;259733;4;30,90012;12;1;6
All Lips N' Hips;Electric Boys;spotify:track:0x2lW60JnKE0oLkUP8kq8C;0,561;0,927;7;-9,808;1;0,0586;0,0886;0,0133;0,343;0,11;93,209;264827;4;44,58498;7;1;6
All My Life;K-Ci & JoJo;spotify:track:5GorFaKkP2mLREQvhSblIg;0,629;0,511;1;-8,651;1;0,0326;0,114;3,91E-06;0,0588;0,181;128,038;331240;4;24,89624;12;1;6
All of Us;Abhinanda;spotify:track:12WMi9UxilKXQnkyvDGxeo;0,416;0,697;10;-10,317;0;0,0546;0,000121;0,65;0,0862;0,734;99,734;113067;4;24,10136;6;0;6
All Sons Of Bitches;George Clinton & The P-Funk All Stars;spotify:track:2PBTUAk1eOAodmkIeb59xT;0,817;0,815;6;-6,433;1;0,0377;0,0188;0,00235;0,239;0,852;110,054;284107;4;25,73506;12;0;6
All That Glitters Isn't Gold;The Cover Girls;spotify:track:6HoFcVqhRM3JXfByq0t5go;0,665;0,822;8;-9,869;1;0,0383;0,189;0,00673;0,162;0,795;117,34;350040;4;34,83423;14;1;6
All That She Wants;Ace Of Base;spotify:track:6kWJvPfC4DgUpRsXKNa9z9;0,798;0,625;11;-9,689;1;0,0548;0,00547;7,98E-05;0,103;0,858;93,764;211213;4;29,04853;10;1;6
All The Man That I Need;Whitney Houston;spotify:track:07M76e7IXxYdnC1BBiJxEX;0,496;0,571;5;-9,958;0;0,0335;0,43;0;0,0332;0,25;150,944;251427;4;57,65932;10;1;6
All Through The Night;Tone-Loc;spotify:track:5XlgIjaIwqD5q5dVjdVo9V;0,699;0,577;6;-12,375;1;0,172;0,00243;0,0268;0,0581;0,802;177,213;295067;4;31,77604;15;1;6
All You've Got;RTZ;spotify:track:3WPPoxtp863Y3NdyjuT5Vj;0,684;0,655;9;-10,417;1;0,0335;0,215;0;0,0676;0,682;110,33;244267;4;18,1694;11;1;6
Alma Gêmea;Fábio Jr.;spotify:track:7LZ4votCOvxFLTUz65AjCB;0,456;0,348;11;-14,131;1;0,0314;0,664;0;0,2;0,222;97,837;289667;3;14,77668;8;0;6
Along Came Betty;Art Blakey;spotify:track:541oWN6KqLAPSVKlsk8wHP;0,483;0,49;9;-10,647;1;0,0312;0,784;0,00153;0,116;0,512;135,074;367133;4;71,93953;16;0;6
Alright - Demo;Osker;spotify:track:18t3mlQ0qPky2J1MEByC2i;0,319;0,967;3;-6,067;1;0,122;0,124;0;0,124;0,714;108,664;113827;4;82,77861;3;0;6
Always In My Heart;Tevin Campbell;spotify:track:2CD8UvBi01dwnriCM8TivL;0,713;0,677;6;-6,761;1;0,0253;0,0282;5,99E-05;0,144;0,522;124,152;338732;4;59,83312;13;1;6
Always On My Mind;SWV;spotify:track:4zAxfkmJqsaHqFu1YPMS5a;0,621;0,583;1;-10,127;0;0,0345;0,0116;0;0,115;0,452;137,534;317360;4;59,03463;12;1;6
Amor De Escuela;Luis Miguel;spotify:track:1SKCQnKAuduNb0tOSTpRG9;0,541;0,726;0;-5,582;1;0,0406;0,277;0;0,219;0,763;114,092;194809;3;29,23983;10;0;6
An Eagle In Your Mind;Boards of Canada;spotify:track:03zv0Znm7bA7XzWMZ1lEKO;0,825;0,467;6;-14,055;1;0,0753;0,371;0,845;0,0594;0,249;96,012;385520;4;24,28685;14;0;6
Analogue Rock;Stereolab;spotify:track:5wBY03eJvpy0OqYP6MK5oL;0,324;0,603;8;-8,014;0;0,0361;4,06E-06;0,102;0,1;0,353;140,697;278348;4;29,92023;11;0;6
And Our Feelings;Babyface;spotify:track:27sYHmgfRvHFyQ5vrm5nQp;0,741;0,592;4;-7,819;1;0,0298;0,138;0;0,224;0,27;128,137;342360;4;77,6191;9;1;6
And the Birds Are Singing;Sebastian Lightfoot;spotify:track:71Y0TBv5vNzliOX8dFIJD7;0,158;0,376;2;-15,459;1;0,0347;0,0346;0,712;0,291;0,252;64,993;439800;4;41,63315;25;0;6
Angel;Jon Secada;spotify:track:543d68hZ4dzVePFfdVc0Ki;0,485;0,477;0;-8,948;1;0,0262;0,295;3,35E-05;0,202;0,134;151,704;275040;4;38,21205;15;1;6
Angels From the Realms of Glory;Discovery Singers;spotify:track:5biFDVTSs0GCP67Dz44eep;0,513;0,258;9;-13,636;1;0,0392;0,976;0;0,173;0,495;75,045;136867;4;20,93505;3;0;6
Angels Would Fall;Melissa Etheridge;spotify:track:5vuLPGz5irIX7TAHsFKQcQ;0,472;0,714;7;-7,546;0;0,0248;0,102;2,91E-06;0,0485;0,7;92,874;279573;4;37,51236;11;1;6
Angelus ad pastores - Transc. Denis Arnold/Edited for performance John Eliot Gardiner;Giovanni Gabrieli;spotify:track:2PLNtjT3VLjdOwEgOaK0Qa;0,252;0,158;9;-17,906;0;0,0339;0,995;0,0368;0,0791;0,26;80,878;129267;4;47,73662;5;0;6
Anti-Manifesto;Propagandhi;spotify:track:5pC1EmGL0mLkqZblnEe1hH;0,349;0,969;7;-4,621;1;0,114;0,000793;0,00344;0,117;0,629;114,994;214920;4;29,72272;8;0;6
Anything Is Possible;Debbie Gibson;spotify:track:5igzD9gFG7lwqfNjiKyV0m;0,696;0,861;8;-7,298;0;0,0342;0,253;0;0,287;0,904;110,069;223453;4;33,53568;10;1;6
April Kisses;Eddie Lang;spotify:track:3XrVpk9SxBzkw9zfvYsH7R;0,572;0,233;0;-19,258;0;0,0526;0,935;0,779;0,117;0,711;83,681;188667;4;38,51682;11;0;6
Aqui Llego;Dj Joe;spotify:track:1grkqs0ePeh1EBKMo4wRK0;0,875;0,884;6;-5,141;1;0,219;0,0789;0;0,325;0,741;107,976;189675;4;26,40794;11;0;6
Arcana;Edgard Varèse;spotify:track:1Pgw7E5CIs8aZGJ9pqRBak;0,264;0,365;3;-16,909;0;0,0749;0,694;0,651;0,169;0,0547;140,266;1110240;4;17,87218;47;0;6
Are You That Somebody?;Aaliyah;spotify:track:3FY7setkwqNLtNyS4se0jd;0,848;0,663;9;-7,078;0;0,159;0,124;0,0293;0,0737;0,833;137,953;265667;4;57,2324;10;1;6
Arena Of Concealment;Caliban;spotify:track:7ytyhHGmO2mRJGn8VW5hSc;0,28;0,957;7;-6,707;1;0,0908;6,06E-06;0,712;0,398;0,365;95,099;169680;4;23,47645;7;0;6
Ash Tray Blues;Papa Charlie Jackson;spotify:track:2oods8nOG6bB6ZUFHEumbx;0,85;0,212;7;-16,888;1;0,0948;0,987;0,0298;0,114;0,781;121,146;178730;4;53,3255;8;0;6
At The Atlantis;Bad Brains;spotify:track:5jRP1M1h9cx4O1thbg2HmZ;0,339;0,927;3;-8,474;1;0,093;4,87E-06;0,813;0,353;0,711;135,266;118000;4;49,01178;6;0;6
Atom & His Package - Rock Version;Atom And His Package;spotify:track:4nFHAWXFCLoGZUeb1glVyX;0,337;0,765;0;-7,323;1;0,128;0,000768;0,000108;0,701;0,727;147,041;147387;4;32,27974;6;0;6
Augenblick - Richard Bartz Techno Soul Mix;Sven Väth;spotify:track:5lYH9pIqXOu0mIgOBzYhi7;0,657;0,648;0;-11,238;1;0,0366;0,0214;0,77;0,35;0,311;133,317;326173;4;36,85613;13;0;6
Automatic Lover (Call For Love);Real McCoy;spotify:track:7CEPvXcCMeCSBrMI72ayLm;0,688;0,98;5;-4,862;0;0,034;0,0693;0,462;0,16;0,538;132,992;227933;4;45,0153;11;1;6
B.B.D. (I Thought It Was Me)?;Bell Biv DeVoe;spotify:track:4oRDt0qQeY4XQOQWYOQUmt;0,748;0,799;1;-9,322;1;0,0438;0,00348;1,59E-06;0,103;0,795;105,569;275107;4;20,53487;11;1;6
Baby;Brandy;spotify:track:5DXZEyRABIakjsRJYApURz;0,807;0,651;5;-6,714;0;0,0477;0,0236;6,65E-06;0,174;0,829;91,028;313293;4;32,50135;11;1;6
Baby I'm Yours;Shai;spotify:track:3xSu3S8v206qwhob9N2LGJ;0,705;0,575;2;-9,518;1;0,0381;0,215;2,09E-05;0,12;0,596;143,8;274667;4;77,05561;12;1;6
Baby-Baby-Baby;TLC;spotify:track:1zTuB57LYZa7xu7KUH8kF0;0,679;0,597;11;-8,601;0;0,0439;0,0913;0,000673;0,0487;0,9;184,174;315040;4;20,93007;15;1;6
Babymaker;Pale Saints;spotify:track:1En7mRsz1SzSb6TTTsjVA6;0,332;0,572;0;-13,904;1;0,0329;0,000701;0,732;0,112;0,287;146,809;205907;4;103,25433;8;0;6
Back To The Bullet;Saraya;spotify:track:0vFOxSmQ2DvSlqeicQFGZO;0,406;0,779;1;-8,454;0;0,0337;0,0261;2,71E-06;0,115;0,47;106,018;229840;4;25,29697;11;1;6
Bad Girl;Madonna;spotify:track:2tySjBBWqam7oaBUZ26oNL;0,645;0,484;11;-11,233;0;0,0396;0,0211;3,88E-06;0,0495;0,52;146,897;323333;4;44,29664;12;1;6
Bad Reputation;Freedy Johnston;spotify:track:5aNAOwr2QoRbvyRG7ZVrhf;0,608;0,677;4;-9,951;0;0,0246;0,0058;0,000537;0,266;0,787;114,046;248560;4;42,90858;11;1;6
Ballade;Igor Stravinsky;spotify:track:5ZzJiOMozFewsEN9wsN1DL;0,306;0,0687;7;-21,095;0;0,0468;0,986;0,234;0,0698;0,147;137,235;199440;4;40,67931;8;0;6
Bang And Blame;R.E.M.;spotify:track:4FCn9LuUy6unyPSnXVwLq1;0,694;0,584;7;-9,855;1;0,0404;0,141;0,545;0,112;0,444;120,949;330933;4;103,17266;10;1;6
Bang Bang;David Sanborn;spotify:track:1TUtUzVjXu1zA4U9nNv3Pw;0,716;0,915;10;-8,153;1;0,0343;0,589;0,000871;0,351;0,96;127,074;277432;4;36,1592;8;1;6
Barracudas (General Assembly);Wayne Shorter;spotify:track:4f1PnJJDsLa1AHmvuBtZtW;0,338;0,519;2;-14,728;1;0,0418;0,571;4,03E-05;0,0925;0,386;66,043;667933;4;36,58139;30;0;6
Barrel Of A Gun;Depeche Mode;spotify:track:5COH2h5ncTVFfAUhBM2J7k;0,522;0,949;4;-5,216;1;0,073;0,0221;0,00286;0,0615;0,707;165,872;336293;4;18,89752;14;1;6
Be My Baby Tonight;John Michael Montgomery;spotify:track:2P9Cn8LEt0mK0WD6iCYokP;0,634;0,774;9;-7,651;1;0,0384;0,226;2,16E-05;0,397;0,927;156,828;170533;4;37,1246;6;1;6
Beautiful Life;Ace Of Base;spotify:track:74jTexO94dFGyXGyeu8krd;0,749;0,988;0;-5,266;0;0,0387;0,202;0,00631;0,17;0,749;135,015;221187;4;51,38483;9;1;6
Beautiful Stranger;Madonna;spotify:track:3DlRZM6zKSlAZigHbJQ3cp;0,52;0,756;11;-3,909;1;0,0288;0,122;3,53E-05;0,389;0,286;122,448;260760;4;45,10632;10;1;6
Bébé rock;Jeanne Mas;spotify:track:0n4rHqrodQ15v9tYZhVWLW;0,584;0,337;7;-15,206;0;0,0277;0,738;0,00256;0,0936;0,224;127,966;320573;4;30,85216;17;0;6
Because The Night;10,000 Maniacs;spotify:track:5VzvK7YiwWbRePA2JOzhYq;0,408;0,79;11;-8,138;0;0,103;0,26;0,00027;0,765;0,347;122,624;223373;4;25,14097;8;1;6
Bed Of Roses;Bon Jovi;spotify:track:1zng9uqqXoPkmU05nsAlsw;0,309;0,596;5;-5,599;1;0,0293;0,101;0;0,21;0,161;164,587;394400;3;53,08901;17;1;6
Besa Me Mucho;Limpopo;spotify:track:4ywrxU7nx1ohP6bd4q2gu8;0,517;0,462;4;-8,597;0;0,0331;0,866;0,315;0,161;0,616;122,838;189840;4;27,26668;9;0;6
Better Days;Strung Out;spotify:track:4KIfIaa0Ugup84PGCG8L3L;0,426;0,963;5;-5,355;0;0,0662;0,0028;0;0,164;0,546;111,399;146107;4;19,11929;6;0;6
Better Than You;Lisa Keith;spotify:track:1qDOcORGMV1sThFhunLwjF;0,706;0,933;8;-4,442;1;0,0467;0,0339;0,000323;0,138;0,762;99,451;253667;4;23,3467;11;1;6
Beyond the Realms of Death;Agent Steel;spotify:track:45MGbaQoGrlXsnbmbrJXg2;0,245;0,819;6;-8,1;1;0,0524;0,00541;0,00772;0,423;0,381;91,605;403840;4;32,94822;13;0;6
Big Calm;Morcheeba;spotify:track:2z6WRrNKmMHgiFJnwsdGEi;0,549;0,805;0;-6,779;1;0,0917;0,0506;0,649;0,0762;0,289;150,234;360907;4;43,94957;12;0;6
Bills. Bills. Bills;Destiny's Child;spotify:track:1Oi2zpmL81Q0yScF1zxaC0;0,845;0,576;11;-5,15;0;0,153;0,139;0;0,0764;0,461;127,641;256027;4;51,35445;10;1;6
Bittersweet Me;R.E.M.;spotify:track:7aYzsNdBnwgHtB5QftgYRW;0,417;0,856;4;-5,939;0;0,0443;0,00743;0,00079;0,186;0,441;120,038;245760;4;41,00081;10;1;6
Bizarre Love Triangle;FRENTE!;spotify:track:7sgi66biRYpAXuRZJBDuli;0,738;0,198;1;-10,919;1;0,0625;0,906;0;0,105;0,682;123,158;119813;4;53,20653;5;1;6
Black Cat;Janet Jackson;spotify:track:4tYpYYoOI7WDxbCnPninwE;0,705;0,913;4;-7,253;0;0,0484;0,103;0,00111;0,216;0,665;114,959;290573;4;44,28293;12;1;6
Black Organ;Jackie Mittoo;spotify:track:7LCMli8kAt35cwwZATzR9r;0,836;0,593;1;-9,744;0;0,19;0,335;0,569;0,0482;0,973;145,215;192000;4;49,14418;8;0;6
Black Velvet;Alannah Myles;spotify:track:1KU5EHSz04JhGg3rReGJ0N;0,754;0,366;8;-10,07;1;0,0312;0,273;9,04E-05;0,106;0,469;91,147;287440;4;49,43096;10;1;6
Blame It On The Blues;Sidney Bechet;spotify:track:674ipFex3IwwIeQRgraTQJ;0,696;0,501;5;-9,861;0;0,0828;0,77;0,885;0,156;0,937;98,83;179067;4;55,71328;6;0;6
Blazing Fire;Derrick Morgan;spotify:track:36vwZIzXhoNJL3hdfhoCIG;0,825;0,785;5;-6,342;1;0,0727;0,0546;0;0,199;0,961;114,589;174080;4;33,4578;8;0;6
Blessed Assurance - Old Time Gospel Hymns Version;Craig Duncan;spotify:track:0XlC9DQdznivjcNjgIZFLM;0,523;0,287;9;-13,719;1;0,0333;0,815;0,405;0,138;0,439;146,532;234000;3;48,72576;9;0;6
Blue;LeAnn Rimes;spotify:track:1g5EcKDECPxeI7kgkvcbxm;0,545;0,452;4;-8,604;1;0,0248;0,595;1,29E-06;0,161;0,297;91,294;169547;4;38,50964;9;1;6
Blue Fields;Nobuo Uematsu;spotify:track:07xgdexrFrCURBXZkmfs2G;0,456;0,29;0;-13,232;0;0,0428;0,895;0,94;0,106;0,512;158,908;174133;5;38,86235;7;0;6
Blue Lunar Ska;New York Ska-Jazz Ensemble;spotify:track:18aUlfSsqnHlicKzV0Tqa9;0,615;0,582;11;-9,225;1;0,0295;0,0117;0,896;0,154;0,724;120,044;258667;4;28,40083;10;0;6
Blue Sky Mine;Midnight Oil;spotify:track:6z9ehfxE973fOlKJKNJL2x;0,631;0,852;1;-3,181;1;0,029;0,0601;0,000102;0,144;0,834;132,018;255600;4;29,66725;14;1;6
Blues X Man;The Jon Spencer Blues Explosion;spotify:track:3jdKHCmYhTEpypRotNqFs3;0,633;0,647;9;-3,691;1;0,122;0,281;0,285;0,311;0,63;94,824;213147;4;39,46883;11;0;6
Body and Soul;"""Richard """"Groove"""" Holmes""";spotify:track:2KQp3rQtnuN9eDeIWJo6sr;0,487;0,112;1;-20,653;1;0,0408;0,935;0,691;0,279;0,244;97,312;563160;4;33,33574;21;0;6
Body And Soul;Barry Harris;spotify:track:3nkrx5hB7oH3mqcmT7mdpu;0,315;0,091;10;-22,02;0;0,0483;0,995;0,914;0,122;0,161;81,928;241800;4;28,53627;12;0;6
Body and Soul;Rick Braun;spotify:track:7c3ZDUu5L5wJj1gunlWY7f;0,69;0,411;10;-10,617;0;0,0432;0,851;0,095;0,136;0,373;77,031;271488;4;69,46005;11;0;6
Boom Boom Boom;The Outhere Brothers;spotify:track:3zg4stPJlbNSBPA8HJzLZA;0,723;0,857;7;-9,989;1;0,241;0,0523;2,66E-05;0,149;0,642;129,87;201893;4;30,67783;10;1;6
Born with a Broken Heart;Kenny Wayne Shepherd;spotify:track:76lRuankApOCvZwYrdKhqE;0,325;0,828;1;-9,636;1;0,0344;4,28E-05;0,0933;0,0858;0,824;111,289;356067;4;28,17179;15;0;6
Both Sides Of The Story;Phil Collins;spotify:track:4cf7GM8kOiqc0KwDn3GxRa;0,524;0,706;8;-6,91;1;0,0427;0,0383;0,000111;0,0737;0,425;127,645;403920;4;68,16121;15;1;6
Breaking Bells - Take Me to the Mardi Gras;Crash Crew;spotify:track:7dB6Up1HBi5PDP7aiLsUMe;0,803;0,711;7;-7,217;1;0,3;0,0157;0,000372;0,0461;0,735;199,283;442240;4;42,90586;19;0;6
Bring The Pain;Method Man;spotify:track:3F3R4uyTMkX9jRCEVVmdz6;0,835;0,456;6;-10,195;0;0,266;0,38;0,00359;0,16;0,224;101,889;189760;4;42,58583;9;1;6
Broken Heart;Spiritualized;spotify:track:2EW4Wu7bZhEyHd8LzJR1DU;0,132;0,302;8;-12,36;0;0,0397;0,583;0,639;0,188;0,0368;144,69;398307;4;31,56984;26;0;6
Brokenhearted;Brandy;spotify:track:6AzzMupvtP4u4B8d5OWVUi;0,329;0,517;6;-7,178;1;0,0353;0,488;0;0,0985;0,408;149,758;286493;4;123,44564;7;1;6
Brooklyn Zoo;Ol' Dirty Bastard;spotify:track:2FWmKZ3kNbVsKGhuNHsltW;0,704;0,701;2;-8,031;1;0,46;0,549;0;0,664;0,618;92,032;217507;4;52,70197;9;1;6
Bug A Boo;Destiny's Child;spotify:track:3iZizHVmWHdaJbvcU65S6x;0,76;0,718;6;-3,087;1;0,147;0,00413;7,63E-06;0,18;0,927;104,42;212440;4;36,33562;13;1;6
Bullet With Butterfly Wings;The Smashing Pumpkins;spotify:track:6GtX0jaNL8IjVQfrDBx81z;0,404;0,72;10;-9,18;0;0,0626;5,59E-05;0,836;0,0466;0,475;121,649;258467;4;49,99463;9;1;6
Bunnies;Pansy Division;spotify:track:5qneRJwocbutMZIoM0FdCV;0,567;0,951;9;-5,982;1;0,0363;0,00104;0;0,23;0,855;100,85;123402;4;33,24526;6;0;6
Butta Love;Next;spotify:track:6fRLVZ4jKzuqyDPlIdbq9q;0,735;0,441;1;-8,412;0;0,0407;0,0972;0;0,0967;0,591;108,015;296400;4;59,51177;13;1;6
Butterfly's Day Out;Mark O'Connor;spotify:track:5I4vGFmdKrwpiKw26VVk0m;0,393;0,0967;7;-21,738;1;0,0387;0,966;0,613;0,0662;0,354;111,92;282893;4;37,93064;14;0;6
Butterfly's Day Out;Mark O'Connor;spotify:track:5XLk9yZZbOalRk7VtdTptk;0,379;0,0567;7;-26,099;1;0,04;0,962;0,444;0,0613;0,297;112,366;282667;4;37,3197;14;0;6
C.R.E.A.M. (Cash Rules Everything Around Me);Wu-Tang Clan;spotify:track:61QU5MPwOReHIAfnY4vh54;0,675;0,659;9;-8,787;0;0,95;0,706;0;0,113;0,172;79,457;158427;1;77,85195;5;1;6
Cabin On The Hill;Lester Flatt;spotify:track:4bE74H48cdweWrLXX5DGpG;0,728;0,3;8;-12,441;1;0,0333;0,829;0;0,0931;0,722;119,144;150000;4;21,10495;8;0;6
Can I Touch You...There?;Michael Bolton;spotify:track:0DTpV2HP75LNhCEkvq1FhV;0,555;0,841;0;-6,704;1;0,351;0,281;0;0,244;0,802;82,871;315893;4;21,82731;15;1;6
Candle In The Wind 1997/Something About The Way You Look Tonight;Elton John;spotify:track:5LjSxAIKwyZvQqJ04ZQ0Da;0,48;0,628;6;-7,643;1;0,0262;0,174;3,28E-05;0,0753;0,541;143,412;240547;4;22,73478;11;1;6
Candlelight;Imogen Heap;spotify:track:1Plpn3qFBcnQpyfOMKYfdD;0,421;0,359;0;-11,508;1;0,0358;0,928;1,98E-05;0,0699;0,228;131,263;277093;4;52,1606;9;0;6
Can't Get Enuff;Winger;spotify:track:1dkVHFWmHSkbVmc5MG6shA;0,638;0,83;11;-8,616;0;0,0289;0,000847;0,00453;0,224;0,861;100,05;226345;4;77,81072;9;1;6
Can't Get You Off My Mind;Lenny Kravitz;spotify:track:7bk6iZ5dsrMySXB0aVFYXO;0,567;0,52;7;-10,247;1;0,0283;0,0147;3,91E-06;0,25;0,393;124,708;274000;4;31,38353;16;1;6
Can't Let Go;Mariah Carey;spotify:track:0ikbcCJIJaY9sKEivAXJ4I;0,477;0,533;10;-11,049;1;0,0408;0,591;0,00685;0,139;0,18;162,368;266560;4;26,49111;12;1;6
Can't Nobody Hold Me Down;Puff Daddy (Featuring Mase);spotify:track:1EM23A621Z0QyTlWKu7T1l;0,928;0,771;3;-5,935;0;0,251;0,102;1,07E-05;0,338;0,679;93,987;231160;4;31,5471;13;1;6
Can't Stop This Thing We Started;Bryan Adams;spotify:track:753VOnELPOptUFMm7H10Vc;0,497;0,93;9;-3,902;1;0,0444;0,0112;0;0,354;0,47;113,086;195933;4;21,81515;10;1;6
Capsized;Samiam;spotify:track:4x7patzyHOgtwhiRJtWs9K;0,372;0,757;11;-7,758;0;0,0642;0,00851;6,55E-05;0,122;0,572;82,386;251960;4;65,31176;9;0;6
Captain Save A Hoe;E-40;spotify:track:4ixD6bSwnSlzuBrd2c80vI;0,8;0,336;7;-19,552;1;0,252;0,0579;0;0,223;0,538;82,996;288298;4;54,28599;12;1;6
Carnival;Natalie Merchant;spotify:track:4QXhRjZacZ1gZUeL7Ukktw;0,601;0,48;6;-11,41;0;0,0732;0,2;0,0955;0,0297;0,802;188,214;361107;4;29,83122;13;1;6
Carol Of The Bells;Steve Morse;spotify:track:6INlQWycZSqmEApYBX8l58;0,544;0,185;0;-23,025;1;0,042;0,957;0,938;0,0681;0,755;160,017;234213;3;60,73291;11;0;6
Chatterbox;New York Dolls;spotify:track:6XxQdKcpWMJmP8tgkqnR9O;0,378;0,762;4;-12,571;1;0,0844;0,426;0,238;0,121;0,372;139,802;145773;4;29,85589;9;0;6
Cheio de Dedos;Guinga;spotify:track:5TtgbW5qEaLSJ8ZOTePEBk;0,553;0,336;7;-15,422;1;0,0394;0,934;0,908;0,111;0,526;105,401;141333;4;41,05606;7;0;6
Chhammak Chhallo (Hip Hop) - Ajay / Soundtrack Version;Kumar Sanu;spotify:track:7pUfaIrMil5GIn2AbLBwci;0,721;0,871;6;-6,638;1;0,057;0,531;1,92E-05;0,281;0,961;102,073;280067;4;64,79503;10;0;6
Chicken An' Dumplings - Live;Art Blakey & The Jazz Messengers;spotify:track:2o3RFI66zFE8cffHn6uvtU;0,525;0,452;7;-12,175;1;0,222;0,755;0,00192;0,868;0,666;90,611;446360;4;42,46058;17;0;6
Children;Robert Miles;spotify:track:4wtR6HB3XekEengMX17cpc;0,604;0,755;0;-10,761;1;0,0337;0,000295;0,812;0,0625;0,388;137,064;243267;4;35,42465;8;1;6
Church Of Your Heart;Roxette;spotify:track:6broBHB7ObAA2BhzLT2nlX;0,581;0,637;7;-6,039;1;0,0273;0,0146;1,15E-05;0,103;0,608;112,437;195987;4;34,71079;10;1;6
Church Street Sobbin' Blues;Eddie Lang;spotify:track:0WnIzeXMjluZYPWC3d6ox9;0,606;0,149;5;-15,582;1;0,0809;0,948;0,836;0,103;0,527;128,121;182867;4;36,74188;9;0;6
Clarinet Marmalade;Muggsy Spanier;spotify:track:0hUJeKsRkzbIY243toePCA;0,56;0,681;1;-8,703;0;0,0716;0,861;0,798;0,13;0,764;117,748;205333;4;36,87489;7;0;6
Clarinet Marmalade - Live;Alton Purnell;spotify:track:5FOXuiLI6knVtgMUjWKj6x;0,565;0,594;5;-13,086;1;0,0646;0,655;0,926;0,675;0,763;114,219;375933;4;80,99693;10;0;6
Cliffs Of Dover - Instrumental;Eric Johnson;spotify:track:5qm0KiVKMXW1kq6VrnIhz5;0,449;0,775;7;-12,029;1;0,0405;0,162;0,149;0,248;0,313;94,907;249768;4;16,52584;14;0;6
Closer To Me;The Outfield;spotify:track:7aoVXo6QZxoDM4fyXJpCDz;0,675;0,61;9;-12,398;1;0,0355;0,152;0,00135;0,124;0,821;120,979;197333;4;32,63712;9;1;6
Coal Mine;InsideOut A Cappella;spotify:track:170eTTZS7yPeqXsDoPYf1f;0,579;0,526;2;-8,964;1;0,281;0,739;0;0,125;0,895;149,336;225093;4;22,02222;15;0;6
Coco Jamboo;Mr. President;spotify:track:5fRvePkRGdpn2nKacG7I6d;0,832;0,838;1;-5,414;0;0,0421;0,0791;0;0,152;0,965;100,021;218733;4;37,38921;11;1;6
Cofio Dy Wyneb;Bryn Fôn;spotify:track:4GDN47aEli9Bf1IYTQNrrE;0,522;0,22;4;-13,997;1;0,0312;0,935;0,000281;0,131;0,0722;144,078;272267;4;73,29039;10;0;6
Color Me Once;Violent Femmes;spotify:track:2kyjRBPLjeFn3JMzMtykxf;0,689;0,512;2;-8,782;0;0,0354;0,636;0,00255;0,103;0,365;118,843;251707;4;35,27758;15;0;6
Come Again;Damn Yankees;spotify:track:6Hfvn9qguufsmHp0uk3y3r;0,222;0,681;9;-10,832;0;0,0469;0,126;8,03E-05;0,128;0,388;130,689;339560;4;48,53608;17;1;6
Come Baby Come;K7;spotify:track:0Y6z0WSMQpTpj4kQArPnmK;0,832;0,726;11;-7,739;0;0,191;0,0283;0;0,0468;0,548;106,118;239733;4;19,46116;10;1;6
Come Undone;Duran Duran;spotify:track:0yfNXxlyXdmP0ue1iJijx1;0,542;0,793;8;-8,203;1;0,053;0,0423;3,95E-06;0,0814;0,708;173,931;256520;4;33,0209;14;1;6
Communist Daughter;Neutral Milk Hotel;spotify:track:72iYfBDEF6dNVeekA8ppyB;0,192;0,377;7;-9,157;1;0,0352;0,285;0,813;0,173;0,0976;84,772;117307;4;32,368;5;0;6
Con Te Partirò;Andrea Bocelli;spotify:track:7zrpoAJte9o12TzawqgdD0;0,241;0,367;7;-7,95;1;0,0311;0,844;0,00279;0,0873;0,302;135,267;250984;5;43,76625;11;0;6
Condon Nacional;Sexual Democracia;spotify:track:0lbIwYtlabSZqq3QJyERNL;0,631;0,458;7;-12,136;0;0,0441;0,275;0;0,19;0,627;90,96;300427;4;38,83737;16;0;6
Confidente de Secundaria;Los Superclasicos;spotify:track:30D4KlCqNcdIckd2AzGleo;0,682;0,616;7;-10,232;1;0,0339;0,299;8,23E-06;0,0995;0,963;105,015;136640;4;42,39167;6;0;6
Congo - D Max Mix;The Boss;spotify:track:3FZhMhyawbtrDbQl4Z90pm;0,739;0,864;10;-9,323;0;0,0693;0,0277;0,897;0,333;0,402;123,684;584133;4;79,12952;23;0;6
Connected;Stereo MC's;spotify:track:5t09SnxOR2AelOghumKkXO;0,647;0,798;1;-12,144;0;0,0365;0,0498;0,00221;0,0722;0,706;100,631;314133;4;58,00848;8;1;6
Cool Waves;Spiritualized;spotify:track:2x6fjgPBbXcwWUvv38QjUN;0,264;0,373;9;-9,735;1;0,0298;0,404;0,141;0,0997;0,0383;140,275;306027;3;37,66348;10;0;6
Coração Vagabundo;Gal Costa;spotify:track:4JsvZ2mfept92T8G1EHIQ6;0,497;0,13;0;-21,208;0;0,0538;0,879;0,0811;0,0965;0,277;80,442;144667;1;32,85328;8;0;6
Count Me Out;Kickback;spotify:track:4KyJErKfJ8LueosXfAozmF;0,487;0,88;9;-7,357;1;0,12;0,000277;0,00309;0,138;0,31;127,712;234907;4;35,81291;10;0;6
Cover Girl;New Kids On The Block;spotify:track:6CCYX0JVy5qYqUvWpCvHXh;0,721;0,765;6;-13,036;1;0,0345;0,0344;2,83E-06;0,322;0,948;119,948;241840;4;50,45903;12;1;6
Crazy;Aerosmith;spotify:track:3swOo7nMm8zgAlV1NKPnka;0,37;0,866;6;-3,879;0;0,0384;0,0868;0;0,137;0,427;162,086;316693;3;58,51492;13;1;6
Crazy;Seal;spotify:track:7C37C3t2RfJ3XL1KaYzUT1;0,633;0,858;11;-7,42;0;0,0473;0,208;0,0114;0,0655;0,725;102,559;356520;4;28,63587;13;1;6
Creep With Me;South Park Mexican;spotify:track:1qSMPxxsXOqTiAqWrnnVlg;0,847;0,529;4;-7,339;0;0,261;0,229;0;0,256;0,945;160,033;253467;4;32,06404;14;0;6
Cruisin';D'Angelo;spotify:track:2voXNGgRrosxCJA6foTVau;0,407;0,525;11;-12,725;0;0,166;0,381;0,000452;0,0816;0,329;74,34;384667;4;29,09254;17;1;6
Crush;Dave Matthews Band;spotify:track:6AKSrodq9kU9hmTLEeWFFr;0,564;0,745;0;-6,933;1;0,0411;0,262;2,78E-05;0,108;0,672;94,044;488734;4;28,32058;20;1;6
Crusin';Sound Advice;spotify:track:4BH000nstwl38nNaCHbhkD;0,643;0,556;8;-15,448;1;0,0451;0,449;0,929;0,249;0,572;99,002;330667;4;42,33225;10;0;6
Cumdumpster;Jack Off Jill;spotify:track:4CmtpAfwwVLpJTzKigHuXT;0,298;0,793;4;-6,228;1;0,157;0,000342;0,164;0,161;0,648;150,454;146657;4;28,39506;9;0;6
Cupido;El Gran Combo De Puerto Rico;spotify:track:6Bpo4npCY8nGEI9EFfqI9c;0,727;0,716;8;-5,474;1;0,0346;0,592;1,19E-06;0,187;0,928;93,184;258973;4;26,69858;13;0;6
Cuspa Cerveja...;Os Pedrero;spotify:track:6IYGvJanVieBEtJaO4IGfc;0,166;0,985;2;-4,529;1;0,119;0,147;0,179;0,54;0,609;170,045;65667;4;28,13311;4;0;6
Cuts Both Ways;Gloria Estefan;spotify:track:12DC0GskYSH3T4NX4FCgE3;0,38;0,309;11;-12,6;1;0,0329;0,649;0;0,0693;0,299;83,717;194333;4;49,55852;8;1;6
Cyclone;Jan Cyrka;spotify:track:37aC08L4smXN1L0gDYWXtj;0,495;0,926;2;-7,278;1;0,0594;0,0615;0,908;0,222;0,446;119,791;188040;4;24,24762;8;0;6
Damn I Wish I Was Your Lover;Sophie B. Hawkins;spotify:track:0RmEn2jcbyrLV4em3bnDZJ;0,563;0,806;2;-6,826;1;0,0496;0,281;1,49E-05;0,363;0,42;95,188;323400;4;53,70697;11;1;6
Dangerous;Busta Rhymes;spotify:track:2cZuNzaAGNFozlZTxSDU1g;0,913;0,6;11;-8,446;0;0,202;0,0096;0;0,117;0,764;103,268;217640;4;21,75141;9;1;6
Danny Boy;The King's Singers;spotify:track:0pSU2FXTmbfKh2wEVSOeg6;0,245;0,0284;3;-24,309;1;0,0383;0,953;3,77E-05;0,136;0,0709;106,958;190667;4;48,29487;9;0;6
Darn That Dream;Dexter Gordon;spotify:track:1r1JtYz4XhvIIU1bIMQ0cn;0,526;0,0921;4;-14,569;0;0,0386;0,918;0,329;0,116;0,292;115,388;452333;4;37,63463;19;0;6
Days And Nights In St. Ignace;Funk Inc.;spotify:track:5BfI84f26Wkp4crWYPRpgJ;0,689;0,579;10;-11,258;1;0,0316;0,442;0,765;0,152;0,63;111,98;314400;4;54,0351;17;0;6
Days of the Broken Arrows;The Idle Race;spotify:track:7ja7aQuGPAxk9jW4hlOTfI;0,469;0,72;4;-8,02;1;0,0494;0,533;1,31E-06;0,233;0,655;128,685;231347;4;31,64781;9;0;6
December;Collective Soul;spotify:track:3yi27cGUFPTQUdWZV9nV67;0,684;0,645;0;-5,707;1;0,0272;0,589;0,00432;0,18;0,366;121,995;285000;4;47,447;12;1;6
Decidete;Luis Miguel;spotify:track:49d9r0dPy455AM3VGxB7z4;0,614;0,904;9;-4,811;1;0,0375;0,63;0;0,336;0,772;135,606;183223;4;26,73278;11;0;6
Deeper Shade Of Soul;Urban Dance Squad;spotify:track:4KRMoo8vKWavy5f6dFpFmS;0,76;0,767;7;-6,155;1;0,0313;0,11;0,000718;0,0314;0,821;113,425;272907;4;43,40602;11;1;6
Deepwood;Avail;spotify:track:7vqTCxdmdtbC9kCmeuefWs;0,177;0,936;2;-4,992;1;0,0644;9,63E-06;0;0,0359;0,555;158,166;120493;4;40,51433;6;0;6
Deja Vu [Uptown Baby];Lord Tariq & Peter Gunz;spotify:track:6dLujFTBvLRnr8zPMMVUJg;0,861;0,622;1;-7,493;1;0,379;0,0816;0;0,123;0,664;96,911;284800;4;39,87754;13;1;6
Deliver Us - The Prince Of Egypt/Soundtrack Version;Ofra Haza;spotify:track:2q3X0uc2XpGruqitKOm3xa;0,229;0,178;4;-16,679;0;0,0402;0,728;0,0115;0,133;0,0937;137,681;435200;4;69,06485;19;0;6
Depois do Prazer;Só Pra Contrariar;spotify:track:3R0fWjRyx1GN4rFDirZZlC;0,579;0,385;9;-14,643;1;0,0431;0,636;0;0,0478;0,769;108,793;269400;4;59,84825;12;0;6
Dernier souffle;Ozymandias;spotify:track:7EoQiDcFAiE2KGl1Uru4GJ;0,577;0,0603;1;-22,612;1;0,0615;0,994;0,878;0,131;0,159;114,666;155520;4;59,61029;4;0;6
Desafinado;João Gilberto;spotify:track:2JKUGcwfYhen8D1TE5LtAg;0,556;0,0472;2;-24,544;1;0,0804;0,949;0,108;0,114;0,37;83,622;207560;4;19,47325;12;0;6
Desperately Wanting;Better Than Ezra;spotify:track:7GuLQiPvQbfzP0kqcvgIQQ;0,494;0,913;0;-5,289;1;0,0378;0,000165;0,00898;0,247;0,478;99,92;277493;4;55,50686;12;1;6
Destiny;Myron;spotify:track:20I5QpXHxNEUVS9owFhcXE;0,614;0,419;1;-10,433;1;0,308;0,0226;0;0,0835;0,523;116,056;216493;4;41,32123;9;1;6
Deutschmaschine;And One;spotify:track:56CIvdVMe5ihDFJcZroQoH;0,661;0,766;6;-9,585;1;0,0339;0,0825;0,0027;0,606;0,511;134,997;196280;4;42,69367;7;0;6
Devil Town;Daniel Johnston;spotify:track:2zc3Txxn5cL4gdXRmZOj07;0,582;0,0774;8;-13,6;1;0,423;0,967;0;0,286;0,314;122,725;64680;1;20,15825;3;0;6
Dichter Bij Ow;Rowwen Hèze;spotify:track:4C55WMbMkPoBrGCLXodSuP;0,402;0,292;7;-14,147;1;0,0285;0,287;0;0,0616;0,376;135,978;181267;4;27,13866;12;0;6
Discotheque;U2;spotify:track:3IrhUrZKAkJ8LsFtH71fOT;0,581;0,825;4;-9,689;0;0,0373;0,000859;0,095;0,11;0,663;120,362;318667;4;43,01562;11;1;6
Do For Love;2Pac Featuring Eric Williams;spotify:track:4AE7Lj39VnSZNOmGH2iZaq;0,874;0,63;1;-3,585;1;0,298;0,0578;0,00479;0,0582;0,717;95;281600;4;65,26743;10;1;6
Do You Know (What It Takes);Robyn;spotify:track:0idCpkJ2pspfAILbanmERu;0,635;0,74;3;-4,439;0;0,0355;0,00465;0,0152;0,129;0,857;200,102;221293;4;16,14569;11;1;6
Do You See;Warren G;spotify:track:2e3YoddL43UkaSqhYGqfKz;0,769;0,624;1;-10,558;0;0,197;0,169;0;0,378;0,556;95,24;239067;4;47,99295;7;1;6
Doctor Jazz;Jelly Roll Morton;spotify:track:5nLKblcZMpBLHZMSuemb48;0,752;0,481;3;-15,201;1;0,549;0,759;0;0,475;0,545;116,485;161333;4;63,83178;7;0;6
Doin It;LL Cool J;spotify:track:4WMBl2wiGUSGa5C7tfQEAo;0,801;0,55;10;-11,044;0;0,209;0,365;0,0234;0,117;0,609;94,993;293933;4;53,7761;13;1;6
Don't Ask Me to Explain;of Montreal;spotify:track:1ImiJ7LNgKiJKAhVMExQDm;0,456;0,752;6;-6,714;1;0,0302;0,672;0;0,329;0,689;143,877;166040;4;51,4643;7;0;6
Don't Cry for Me Argentina;Acker Bilk;spotify:track:2sTW3ndOfl5MnITIV6ueTC;0,321;0,246;0;-13,383;1;0,0316;0,968;0,837;0,135;0,25;85,161;226507;4;46,28706;11;0;6
Don't Go Breaking My Heart;Elton John & RuPaul;spotify:track:5pKJtX4wBeby9qIfFhyOJj;0,742;0,863;5;-7,823;1;0,038;0,177;5,59E-06;0,0699;0,776;131,196;271133;4;24,82981;12;1;6
Don't Let It Go To Your Head;Brand Nubian;spotify:track:5wwLfjdiSHsgKyEO6V5rDe;0,849;0,495;6;-10,399;0;0,204;0,00243;3,53E-06;0,0722;0,666;99,872;244640;4;65,58327;8;1;6
Don't Lose The Magic;Shawn Christopher;spotify:track:0KnWFe8LmBjEMbmvBjqXi1;0,72;0,532;8;-17,31;1;0,0471;0,0003;0,00142;0,0507;0,526;120,271;226013;4;64,79065;12;1;6
Don't Stop;ATB;spotify:track:0ygoI3HcoGScxt879A23Uk;0,711;0,937;10;-5,314;1;0,0351;0,146;0,763;0,324;0,57;134,21;221160;4;30,67944;9;0;6
Don't Take The Girl;Tim McGraw;spotify:track:2wmEryA2YLaFwFvA63n3O2;0,439;0,454;0;-8,669;1;0,0308;0,279;0;0,123;0,354;204,263;249360;4;30,27683;15;1;6
Don't Treat Me Bad;Firehouse;spotify:track:4lbhQdbiTpNP7GowZG8KsM;0,616;0,807;8;-11,4;1;0,0348;0,000303;2,37E-05;0,193;0,637;111,054;235360;4;39,61848;10;1;6
Don't Trust The Humanoids;The Lillingtons;spotify:track:5KbPieCEjLJ6RjShuqKQAc;0,247;0,917;2;-5,752;1;0,0404;4,13E-05;0,00146;0,123;0,886;195,216;103240;4;51,54197;4;0;6
Don't Worship Me;Matt Nathanson;spotify:track:7JpnnwxybmCGO0p3pLJPJR;0,42;0,593;11;-15,406;1;0,0475;0,135;0,000168;0,0559;0,395;138,485;145227;4;36,35566;7;0;6
Down;Kickback;spotify:track:1ui2xK5upI5Is8AoRCZ25h;0,405;0,821;6;-9,42;0;0,0977;0,000373;7,30E-05;0,497;0,446;91,999;223267;4;22,137;10;0;6
Down Home Girl;Taj Mahal;spotify:track:4o0rTn32s1mOOdi6t1z8Bv;0,801;0,617;5;-8,031;0;0,0287;0,0645;0;0,177;0,961;106,642;223040;4;38,19674;10;0;6
Downtown Train;Rod Stewart;spotify:track:5XJzh2c0roCc6GDs8PrILx;0,527;0,584;10;-7,965;1;0,0314;0,0878;0,000103;0,117;0,271;114,941;279413;4;29,41867;15;1;6
Dr. Greenthumb;Cypress Hill;spotify:track:6pNPthJtweLWioQeGtwJe5;0,804;0,549;10;-8,779;0;0,286;0,0467;0,102;0,0751;0,15;103,856;189253;4;54,36768;9;1;6
Dreamlover;Mariah Carey;spotify:track:6HcQZfMrw3KwGyzrKw1Pjy;0,701;0,705;5;-6,18;1;0,0357;0,18;0;0,141;0,71;100,669;232960;4;35,79226;12;1;6
Dreams;The Cranberries;spotify:track:4JGKZS7h4Qa16gOU3oNETV;0,551;0,643;4;-13,091;1;0,0353;0,00313;0,00385;0,421;0,514;128,661;271560;4;33,38657;15;1;6
Dreams of Space and Time;John Rea;spotify:track:4IB7kqhr0OgwzrAJYP7xo9;0,262;0,304;0;-25,125;1;0,0614;0,911;0,715;0,174;0,17;67,648;157800;3;23,98723;7;0;6
Drink. Swear. Steal & Lie;Michael Peterson;spotify:track:3ZdAwMX7Lku81KGiqsjDeA;0,672;0,697;11;-7,223;1;0,0251;0,427;0;0,131;0,757;103,358;182307;4;25,28072;10;1;6
Drop;The Pharcyde;spotify:track:7sT3O2PXs1o12XnCKlv204;0,849;0,744;10;-6,993;0;0,274;0,301;4,79E-06;0,234;0,695;95,098;334467;4;39,23464;13;1;6
Due tramonti;Ludovico Einaudi;spotify:track:2f47H0NpgJCGgORmweUJhs;0,186;0,0597;2;-22,294;1;0,0453;0,969;0,91;0,113;0,0716;131,32;292627;4;22,88668;14;0;6
Eau D' Bedroom Dancing;Le Tigre;spotify:track:0MRylncmeKOjDF14R8r6eK;0,61;0,65;6;-5,873;1;0,0413;0,00598;0,222;0,0934;0,886;116,724;175533;4;52,25852;7;0;6
Echos Myron;Guided By Voices;spotify:track:0kSxRxxiI1Vaiispzszvf0;0,443;0,889;1;-11,578;1;0,0426;0,0801;1,04E-05;0,146;0,359;132,162;162293;4;60,75874;7;0;6
Ecstacy - Sindh Mast Qallandar;Rakesh Chaurasia;spotify:track:79tn5JO88mzIhDFBa5k7Ch;0,393;0,825;9;-4,958;1;0,0467;0,173;0,0133;0,135;0,245;83,61;456520;4;22,95901;13;0;6
El Día Que Me Quieras;Luis Miguel;spotify:track:3NKIbFFAioTfznWbnjAMXX;0,215;0,666;8;-6,442;1;0,0364;0,368;1,88E-06;0,0891;0,244;159,234;241693;4;39,54298;13;0;6
El Rock de la Carcel - En Directo;Miguel Rios;spotify:track:2lAeLDyzoJqbT760ixRq0O;0,364;0,813;0;-8,072;1;0,075;0,542;0;0,723;0,454;81,244;115507;4;61,837;4;0;6
El Último Rock;Marta Sánchez;spotify:track:5NLn1bSQIpxbD7XitGR4Ge;0,741;0,838;1;-5,567;1;0,0399;0,00558;0,000771;0,0458;0,857;123,339;199493;4;48,48309;8;0;6
E-Lectric - Live;S.P.O.C.K;spotify:track:7fKRSn8ItJAkDQn1NHlwkg;0,826;0,993;1;-8,976;1;0,105;0,159;5,08E-05;0,953;0,739;119,922;253467;4;37,11638;12;0;6
Electric Eye;Judas Priest;spotify:track:647rXxhh0GKJRjyuSLkqYh;0,422;0,952;4;-6,033;0;0,0817;0,000902;0,000231;0,372;0,335;96,856;218547;4;21,31382;10;0;6
Emperor Jones;Joe Lovano;spotify:track:5wRlH3diPDfn9jv91hxkUy;0,336;0,328;7;-15,005;0;0,0386;0,93;0,732;0,111;0,222;184,007;314493;3;171,06546;10;0;6
Empty Promises;Hatebreed;spotify:track:18KlaxNHpQCDSVVqYLZyPU;0,369;0,935;0;-6,477;1;0,153;1,87E-05;5,59E-05;0,174;0,133;113,912;78893;3;34,16273;4;0;6
Encadenados;Nelson Ned;spotify:track:1mJHK3AjLwBiL2bMXcNTlP;0,471;0,47;9;-10,136;0;0,03;0,697;0;0,107;0,359;82,834;201627;4;46,04383;9;0;6
Entrega De Amor;Los Angeles Azules;spotify:track:2SNP0sm56HwUvZh7bL66pi;0,654;0,545;3;-7,322;1;0,0433;0,218;5,08E-05;0,147;0,834;85,795;176560;4;32,1884;7;0;6
Er Indoors;Johnny Hawksworth;spotify:track:2GCS9jBrWwpaxlkVhhUisc;0,657;0,45;0;-9,56;1;0,0616;0,702;0,487;0,0597;0,956;176,542;142760;4;64,2193;6;0;6
Era um Garoto. Que Como Eu. Amava os Beatles e os Rolling Stones;Engenheiros Do Hawaii;spotify:track:5HDlh6UhT3AMQs935wE1qr;0,568;0,7;6;-5,42;1;0,0258;0,0409;7,11E-06;0,0838;0,571;131,885;265040;4;28,05646;14;0;6
Eriskay Love Lilt;The King's Singers;spotify:track:5hpz5qWByZBWqNVZ8m6WCO;0,259;0,0259;4;-28,279;1;0,0354;0,971;0,158;0,12;0,181;76,561;186733;3;47,99073;10;0;6
Every Heartbeat;Amy Grant;spotify:track:55lX3vm1G35mUpawXHK5Te;0,648;0,89;2;-3,834;1;0,0429;0,288;0;0,119;0,808;126,956;213733;4;31,93258;12;1;6
Everybodies Girl;Dwarves;spotify:track:0luiEdjsPs2uXKEEXRmZlc;0,381;0,968;4;-5,287;1;0,0992;0,00532;0;0,607;0,433;143,099;162333;4;41,28468;9;0;6
Everyone Falls In Love;Tanto Metro & Devonte;spotify:track:6nGwWIh0ATJqK9cXbLqDw8;0,754;0,702;10;-8,033;0;0,0429;0,0275;0;0,0619;0,736;95,998;228360;4;40,4018;13;1;6
Everything Changes;Pokémon;spotify:track:6tBCoAInhv2sbKgYXuWLJ5;0,704;0,731;11;-8,294;0;0,0384;0,0401;0,000143;0,0805;0,554;110,023;280867;4;27,36969;13;0;6
Evil Shower;Mattias IA Eklundh;spotify:track:16yXBl3KfEglejxqIEpOAr;0,283;0,814;9;-8,358;1;0,0337;0,00562;0,776;0,0836;0,528;109,625;188293;4;126,03181;5;0;6
Evil Ways;Willie Bobo;spotify:track:6LoiJXXZuZejbG6VjmjzA4;0,811;0,447;2;-11,298;0;0,0433;0,546;0;0,0615;0,92;111,435;160827;4;42,1345;7;0;6
F - Four Furry Friends;Cookie Monster;spotify:track:6TkE2GZ9JAY7ESFQofbU9Q;0,46;0,416;5;-13,121;1;0,0902;0,891;0;0,247;0,377;96,098;119307;3;24,50067;7;0;6
Face The Music;RTZ;spotify:track:2F3ENbneNRsFZ0wpbpXLZF;0,666;0,909;4;-11,076;1;0,0955;0,341;0;0,246;0,535;118,137;245907;4;47,93171;10;1;6
Faded Pictures;Case & Joe;spotify:track:1CAw3ethNuSDPf3E7luSFF;0,705;0,511;6;-7,422;0;0,202;0,125;1,72E-06;0,153;0,581;82,011;229773;4;48,31709;10;1;6
Fall At Your Feet;Crowded House;spotify:track:1Yc2k9b9PNZSB6P5S53SPC;0,65;0,371;0;-13,623;0;0,026;0,457;0,0116;0,102;0,561;102,583;198800;4;40,63717;9;1;6
Fall Children;AFI;spotify:track:6KTXHrliiM0il8gq7AkQPC;0,213;0,988;4;-6,651;0;0,203;0,000187;1,19E-05;0,294;0,0572;159,071;192627;4;29,82099;7;0;6
Fall Down;Toad The Wet Sprocket;spotify:track:2tJlASUdstRCCecAN9rThS;0,472;0,856;0;-6,881;1;0,0326;0,146;0,000672;0,175;0,774;151,972;202427;4;34,29431;10;1;6
Fall In Love Again;Eddie Money;spotify:track:3kVsdeo86jZLNvZBoVLgNk;0,596;0,521;4;-8,357;1;0,0298;0,605;5,48E-06;0,0981;0,519;146,951;262333;4;39,71521;10;1;6
Far Behind;Candlebox;spotify:track:3mhOmh4tRKsMfnRmgZfeBm;0,552;0,645;7;-6,595;1;0,0268;0,00187;1,38E-06;0,0424;0,588;89,518;299733;4;97,57176;7;1;6
Fastlove;George Michael;spotify:track:6SaeXxdt0Id6ZzmX0ZGTQK;0,735;0,64;10;-7,522;0;0,072;0,052;0,00102;0,345;0,551;104,444;324667;4;40,88241;17;1;6
Fat Boy;Max-A-Million;spotify:track:2hXk6pi1tWdp1eEx20rJLA;0,832;0,953;5;-6,351;0;0,0367;0,0105;0,00607;0,0293;0,981;126,947;214000;4;31,4878;11;1;6
Feel So Good;Mase;spotify:track:7hfRrdFJgFKK3cJ4rmkecE;0,821;0,703;11;-8,464;0;0,24;0,192;0;0,0816;0,536;105,154;203627;4;48,2157;9;1;6
Few And Far Between;10,000 Maniacs;spotify:track:5KqINh56tApMe4LDMfLwOp;0,614;0,928;6;-6,827;1;0,032;0,0081;0,00051;0,025;0,878;133,629;194373;4;29,19663;8;1;6
Finale - Dragonheart/Soundtrack Version;Randy Edelman;spotify:track:0BGWQK9e3R0dEM4pZpRfIE;0,173;0,238;0;-13,977;1;0,0349;0,906;0,827;0,296;0,0573;64,403;330693;4;73,6223;10;0;6
Find A Way;A Tribe Called Quest;spotify:track:2MAaiV0bbeq4FpSwPe2rR8;0,773;0,581;8;-8,466;1;0,432;0,0352;0;0,485;0,711;94,093;203067;4;40,59162;10;1;6
Fire Escape;Fastball;spotify:track:2jqua17r7DJuqRXl1uJwJM;0,576;0,813;6;-5,69;1;0,0297;0,00354;0,143;0,0712;0,857;125,686;201133;4;52,60202;8;1;6
Fire Woman;Psychic TV;spotify:track:3WUEnxaZfLYV0vO4r5YKIb;0,686;0,822;7;-12,094;1;0,0764;0,00325;0,27;0,732;0,444;119,987;291933;4;84,08633;8;0;6
First Time;Matt Nathanson;spotify:track:2EZFzm4VZtbxJXBDhHRmwu;0,54;0,456;6;-6,133;1;0,0274;0,201;0;0,12;0,355;92,988;239947;4;38,41405;12;0;6
Five Lessons Learned;Swingin' Utters;spotify:track:23RuCuUzVU8KMJOjJqH424;0,316;0,981;4;-4,369;0;0,0685;0,000781;0,0148;0,458;0,68;152,922;115907;4;63,98437;4;0;6
Flowers;Cibo Matto;spotify:track:3SkXogdDdL4e3h2IbJF9Kt;0,737;0,754;9;-6,611;0;0,0337;0,297;0,000294;0,046;0,909;132,468;179133;4;37,04308;8;0;6
Fly Away;Lenny Kravitz;spotify:track:1OxcIUqVmVYxT6427tbhDW;0,586;0,872;7;-5,066;1;0,0483;0,018;0;0,622;0,729;159,925;221333;4;25,0524;8;1;6
Foe Life;Mack 10;spotify:track:28SF0lKRqso9SSTDpbv991;0,917;0,665;8;-6,053;1;0,0924;0,0816;0;0,196;0,808;91,082;253800;4;63,50453;9;1;6
Foe Tha Love Of $;Bone Thugs-N-Harmony Featuring Eazy-E;spotify:track:1muLq1kBLWIT3pmNC2xl0g;0,772;0,695;7;-8,013;1;0,0735;0,00295;0;0,427;0,643;137,868;272440;1;17,03593;14;1;6
Foolin' Around;Changing Faces;spotify:track:1jkAxE1qKoy9BsrOlTpIke;0,591;0,574;5;-8,276;0;0,0269;0,228;1,43E-05;0,0794;0,229;131,495;268160;4;34,02821;11;1;6
Foolish Heart;Sharon Bryant;spotify:track:7JR5s8DtDZxhVHAqawvo20;0,642;0,419;1;-12,609;1;0,0316;0,481;0;0,0523;0,755;95,6;279840;4;46,68056;10;1;6
For A Little While;Tim McGraw;spotify:track:6SvT6aiC3gfSZsNZBpPH4c;0,554;0,815;7;-7,954;1;0,0256;0,133;0;0,0778;0,618;99,333;213893;4;22,05685;11;1;6
For Every Mountain - Live;Kurt Carr & The Kurt Carr Singers;spotify:track:0pbg96qmU9zxBEqrQCLAoz;0,333;0,826;2;-5,02;0;0,14;0,794;5,94E-05;0,973;0,161;106,299;445347;4;30,39479;16;0;6
For the Love of God;Steve Vai;spotify:track:5m5I3KcV83zf2p2qbsnr3y;0,152;0,842;9;-5,783;0;0,0418;0,00347;0,912;0,115;0,283;95,49;363333;4;73,27519;19;0;6
For Whom The Bell Tolls;Apocalyptica;spotify:track:1BgxJFxLi5Qt9cwB5Enefq;0,552;0,501;9;-6,868;1;0,0275;0,1;0,854;0,113;0,441;118,037;191400;4;33,78685;7;0;6
For You;Kenny Lattimore;spotify:track:4fgQMbN9r8d9V2exSTsLFs;0,633;0,42;4;-11,784;1;0,0352;0,737;0;0,0727;0,482;137,693;236147;4;60,41379;9;1;6
Forked Deer;Jeff Autry;spotify:track:4cK5rFaJiG5tXGrEAi6Ij2;0,57;0,653;2;-10,459;1;0,0374;0,778;0,147;0,223;0,736;126,532;211747;4;30,79731;13;0;6
Fort Battle;Trevor Jones;spotify:track:5nnMbozXiRKqbTJnEb4Sv8;0,297;0,432;2;-15,449;1;0,0403;0,000224;0,955;0,152;0,178;150,392;261733;3;31,23263;12;0;6
Four Leaf Clover;Abra Moore;spotify:track:69Icug2F3NaW6jiCrhHPMf;0,672;0,776;2;-6,351;1;0,0323;0,12;4,10E-05;0,102;0,973;127,992;213840;4;16,08955;10;1;6
Freakit;Das EFX;spotify:track:1A4DjgWzJ839VdFCKE5hBD;0,801;0,518;1;-12,054;1;0,314;0,0286;3,65E-06;0,309;0,598;97,302;199493;4;55,7187;7;1;6
Friends;Joe Satriani;spotify:track:3ELd4WXLe2ZDQb0ExOvJgX;0,422;0,842;1;-4,629;1;0,0339;1,74E-05;0,922;0,0835;0,768;86,142;208600;4;76,09562;7;0;6
Funkorama;Redman;spotify:track:7DRLt7ciofFgZp4m8b8Z4z;0,603;0,845;1;-6,589;1;0,495;0,0106;1,90E-05;0,0482;0,824;178,377;183307;4;27,90154;8;1;6
Gangsta;Bell Biv DeVoe;spotify:track:1XgiaKAh3lzjaABhHUB0IX;0,724;0,778;1;-8,924;1;0,0618;0,00151;0,112;0,387;0,768;112,518;269067;4;22,44643;10;1;6
Georgia On My Mind;Michael Bolton;spotify:track:49kdc9KAqm4N28Y01g8SuS;0,321;0,435;11;-10,942;1;0,0341;0,256;1,06E-05;0,086;0,174;158,465;298133;3;45,70894;18;1;6
Get Down On Your Knees And Pray - Live;The Kentucky Colonels;spotify:track:6MdOgv6q4kFo9KAFFDm8E3;0,414;0,291;6;-13,433;1;0,0476;0,787;0,000118;0,849;0,693;168,029;160000;4;38,5726;7;0;6
Get It On Tonite;Montell Jordan;spotify:track:0AcLrSfAEBQcUnHOTm5pXg;0,807;0,498;10;-9,91;0;0,0755;0,259;3,04E-05;0,0618;0,857;99,001;277413;4;29,42822;14;1;6
Get On Up;Jodeci;spotify:track:1SyR0qHmGNRZQ49Z0rFU4A;0,717;0,561;11;-7,898;1;0,245;0,567;0;0,439;0,673;93,116;225933;4;29,23132;11;1;6
Get Up! (Before The Night Is Over);Technotronic;spotify:track:2MOOJh1xUgND4rLjB6h4jY;0,79;0,727;6;-11,84;0;0,105;0,00418;0,000162;0,0628;0,67;123,958;337093;4;24,12279;14;1;6
Gett Off;Prince And The N.P.G.;spotify:track:0wFkjAM4VVoepQdYB6kl4U;0,655;0,628;10;-11,407;0;0,0946;0,00448;0,000732;0,29;0,603;99,841;271667;4;22,58898;10;1;6
Gettin' Jiggy Wit It;Will Smith;spotify:track:0weAUscowxeqDtpCgtbpgp;0,881;0,874;6;-4,505;1;0,139;0,0175;1,19E-06;0,154;0,858;107,891;227933;4;21,25823;10;1;6
Gimme Shelter;Sisters of Mercy;spotify:track:0hysrmGwswmVtf7BlBPmxC;0,574;0,846;1;-9,392;1;0,04;0,00223;0,0123;0,0829;0,497;109,539;357068;4;27,34772;13;0;6
Gimme Some Love;Gina G;spotify:track:2ugmMZ7FKTSLfcZy6pKeMW;0,726;0,918;10;-6,94;0;0,0363;0,0303;0,000532;0,0691;0,861;134,009;214227;4;31,64481;9;1;6
Girlfriend/Boyfriend;BLACKstreet With Janet;spotify:track:4m8ABsMkJCzhdIaWVQvIHD;0,892;0,768;10;-2,345;0;0,181;0,0156;0,00906;0,34;0,566;103,003;243440;4;31,4051;12;1;6
Give It Up;ZZ Top;spotify:track:470PZEQc7PUnvhp73hSrJc;0,664;0,665;10;-9,881;1;0,0282;0,00812;0,000114;0,149;0,53;123,95;209427;4;54,72306;9;1;6
Given To Fly;Pearl Jam;spotify:track:3vL9lPWBuv0ZR3c5YmdhDl;0,317;0,764;7;-7,076;1;0,0282;0,000294;0,099;0,0996;0,341;101,173;238867;4;53,29529;11;1;6
God Blessed Texas;Little Texas;spotify:track:4qkshp4FWe0msInDWTbBlR;0,648;0,766;9;-8,514;1;0,0326;0,232;1,54E-05;0,121;0,971;128,798;208733;4;16,33881;9;1;6
God Rock;Nik Turner;spotify:track:4BKvPgQ42H9AXuhG2XFdz4;0,335;0,357;7;-15,456;1;0,0306;0,278;0,815;0,114;0,105;165,332;354467;4;63,01382;18;0;6
Gog Ska;Maroon Town;spotify:track:3hPptR0LJ4iaf8gewxumlk;0,726;0,545;9;-10,84;0;0,0285;0,0121;0,879;0,0811;0,844;133,045;288507;4;17,21223;15;0;6
Going Back To Cali;The Notorious B.I.G.;spotify:track:53duuSwaLOZuIrELvZXqLH;0,851;0,647;9;-5,847;1;0,339;0,207;0;0,0447;0,596;99,17;307427;4;23,71337;13;1;6
Going Great;Keith Mansfield;spotify:track:1jdSaAKgKJWqKfCG27uYis;0,595;0,729;10;-13,383;0;0,0387;0,00262;0,928;0,0705;0,75;108,028;147707;4;37,89875;8;0;6
Gold Diggin' Girls;MC Nas-D & DJ Fred;spotify:track:1Dg3sxXoz7q1MxjbhngnUT;0,899;0,667;11;-4,603;0;0,201;0,00276;4,05E-06;0,112;0,754;138,031;261600;4;32,90832;11;1;6
Golden Brown;Drive Like Jehu;spotify:track:74qgrn0YAo3cgRcH4xQBsA;0,335;0,996;11;-6,017;0;0,0808;1,98E-05;0,771;0,384;0,167;100,718;194533;4;97,67894;5;0;6
Gone Crazy;Alan Jackson;spotify:track:5FF1zkuNs0xEiXj9RaZeo0;0,538;0,34;5;-12,064;1;0,0244;0,43;5,82E-05;0,0936;0,165;76,344;230440;4;38,91877;10;1;6
Good Enough;Sarah McLachlan;spotify:track:0iSMAOr4EWdHJFOPi1xfiT;0,515;0,445;9;-7,674;1;0,0273;0,458;0,000528;0,106;0,464;175,915;303933;4;36,02439;12;1;6
Good King Joy;Trans-Siberian Orchestra;spotify:track:2loFWUmMHXnCBO6Ays3c8Y;0,363;0,449;4;-10,442;1;0,0324;0,359;0,279;0,0741;0,085;141,233;395600;4;43,46291;18;0;6
Good Things;Sebadoh;spotify:track:3YyFQvSUMuv2r31rG0qkX4;0,394;0,859;1;-9,25;1;0,0536;0,000597;0,00468;0,0609;0,685;111,196;85800;4;17,84327;7;0;6
Good Vibrations;Marky Mark & The Funky Bunch Featuring Loleatta Holloway;spotify:track:5hWdgGVcfTeLPAiHM6EZG9;0,711;0,951;1;-8,406;1;0,0537;0,00189;0,366;0,0229;0,903;121,656;269307;4;32,15875;12;1;6
Goodbye;Spice Girls;spotify:track:6ZNw9Cnc85OeHZrjMAZJfY;0,552;0,694;4;-4,489;1;0,026;0,0846;0;0,117;0,359;136,019;275427;4;51,38794;15;1;6
Goodbye;Tevin Campbell;spotify:track:2rVXKUyHxMoWk7vTyOcYIH;0,607;0,714;5;-9,776;0;0,0536;0,00805;1,24E-05;0,213;0,573;165,939;270652;4;31,80039;11;1;6
Got Your Money;Ol' Dirty Bastard Featuring Kelis;spotify:track:6YYd5MLpu45J0uLrMdivF7;0,934;0,459;1;-7,654;1;0,189;0,0516;0;0,222;0,697;103,04;239547;4;38,01367;12;1;6
Gotta Be;Jagged Edge;spotify:track:5nS5mDWAyce9gjD8crHcZX;0,719;0,362;9;-11,547;1;0,0276;0,651;0;0,114;0,58;109,915;215267;4;62,32287;9;1;6
Grandma Got Run Over By A Reindeer;Elmo & Patsy;spotify:track:49iHYFjT5yO6WEw6KerX9o;0,781;0,53;4;-14,848;1;0,0685;0,227;0;0,106;0,817;110,157;206360;4;21,57383;11;1;6
Grapevyne;Brownstone;spotify:track:69sIrKE4gd2NdIdstf9Ebh;0,723;0,647;11;-9,178;0;0,0317;0,0768;0,000237;0,131;0,653;137,336;336550;4;28,56052;14;1;6
Groovin';UB40;spotify:track:3hy7Mc96hdAA2eXGDCs7zW;0,817;0,561;2;-13,311;1;0,0539;0,00204;0,00879;0,0421;0,904;99,02;229973;4;40,30897;12;1;6
Groovin' In The Midnight;Maxi Priest;spotify:track:6BD0vChKASpviIQeCTd7Yy;0,652;0,645;10;-8,482;0;0,0414;0,0401;2,29E-05;0,0739;0,555;92,945;303533;4;37,70245;11;1;6
Groovy Train;The Farm;spotify:track:1ysmnwsl0Z1xwokMMx0LLL;0,663;0,663;7;-16,943;1;0,0351;0,00286;1,78E-05;0,0233;0,782;115,858;244467;4;18,89316;10;1;6
Guitar Solo (Trilogy Suite Opus 5 / Spasebo Blues);Yngwie Malmsteen;spotify:track:78CvSqeR1RS3jCPkSyaI6g;0,2;0,944;8;-11,924;1;0,173;0,0702;0,892;0,975;0,0747;119,548;620560;3;108,04803;22;0;6
Gutter Glitter;Switchblade Symphony;spotify:track:1jvSN3jnZZdlSDeKf1MLqn;0,631;0,586;0;-11,949;0;0,0287;0,309;0,534;0,208;0,166;120,021;230388;4;41,3882;9;0;6
Hades;Bathory;spotify:track:0GCI7PHxYamIKIVjO3pUvm;0,138;0,928;10;-7,95;0;0,116;1,67E-05;0,854;0,0995;0,055;101,005;168160;4;61,09973;8;0;6
Hair Shoes (Demo);Pale Saints;spotify:track:5CjiJgkEWWji5aHCOCZP6j;0,12;0,368;4;-17,083;0;0,038;0,15;0,346;0,116;0,084;79,353;196227;5;28,59315;9;0;6
Hallways Of Enchanted Ebony;Agalloch;spotify:track:4aR5Yt5NKhvXa2kLP3gcfF;0,243;0,743;8;-11,998;0;0,0607;0,00982;0,534;0,375;0,159;133,945;599627;4;88,3326;14;0;6
Hang In Long Enough;Phil Collins;spotify:track:4y42JYIIfYXrJ63s5hQQWS;0,764;0,82;10;-5,153;0;0,0349;0,321;0,0219;0,917;0,56;119,985;285000;4;36,5325;12;1;6
Happy Christmas ( War Is Over );Roch Voisine;spotify:track:5ThCKAfvYZr6ARnPrbEdJs;0,502;0,446;11;-8,703;1;0,0348;0,331;3,28E-06;0,203;0,305;152,205;294400;3;87,30082;13;0;6
Happy Days;Silk;spotify:track:3a4UiW8cNqCZ6VANJSo1GJ;0,697;0,544;6;-8,879;1;0,0602;0,00185;0;0,223;0,526;94,303;318933;4;23,72117;13;1;6
Hardcore Rules;25 Ta Life;spotify:track:75UjNrkncJ1idxVzlxkxLW;0,207;0,989;6;-5,564;1;0,218;0,000118;0,134;0,2;0,323;200,465;80987;4;49,52643;3;0;6
Harmageddon;Apocalyptica;spotify:track:4mDSLI5UtU0xJoqaqPp1UB;0,205;0,581;9;-8,092;1;0,0434;0,0699;0,854;0,0807;0,169;84,302;296200;4;13,51356;14;0;6
Hate Me Now;Nas Featuring Puff Daddy;spotify:track:158DIbrVt4YbqNnWyRCS3P;0,678;0,77;9;-4,399;0;0,222;0,00583;0;0,109;0,412;90;284000;4;20,72422;12;1;6
Haunted Gate;David Toop;spotify:track:2kGg4cdkcdNLTYEAX6YW9S;0,239;0,235;10;-20,067;0;0,0687;0,468;0,928;0,126;0,332;150,809;77360;4;16,69506;3;0;6
He Can't Love U;Jagged Edge;spotify:track:3VEZvzr84WVnoorZ4tlBSw;0,721;0,836;8;-3,972;0;0,206;0,112;0;0,235;0,508;126,279;244053;4;18,75298;11;1;6
Head (She's Just a...) [Rock Version];Atom And His Package;spotify:track:4QVUAVM3c5HFINT7FOm0Do;0,365;0,878;0;-7,237;1;0,202;6,41E-05;0,000395;0,665;0,759;98,002;111413;4;31,74047;6;0;6
Healthy Food;Cookie Monster;spotify:track:72v8hMTVwRZYkiHpvqONAv;0,848;0,677;7;-10,925;1;0,138;0,761;0;0,0796;0,602;92,006;172200;4;33,5008;11;0;6
Heartland;Richard Elliot;spotify:track:14W1nZyDSGlOwTeEa2kc7C;0,432;0,342;0;-11,511;1;0,027;0,183;0,93;0,0963;0,293;161,966;253160;4;48,59496;10;0;6
Heavy Metal Mama;Devin Townsend;spotify:track:7lZOgb06ueV5hj0JTV5pyL;0,355;0,644;4;-10,016;0;0,0978;0,0159;0,000545;0,674;0,465;96,375;287867;4;39,10433;13;0;6
Hell Bent for Leather;Judas Priest;spotify:track:3SfQsnBVAeOBC8JM8cr9VS;0,497;0,831;9;-7,412;1;0,124;0,00758;2,02E-05;0,11;0,287;96,404;160107;4;24,51239;12;0;6
Here We Are;Gloria Estefan;spotify:track:4asTNYhhrp323lLp81KIKQ;0,694;0,467;9;-14,437;1;0,0329;0,639;1,61E-05;0,0869;0,63;142,132;289707;4;32,93968;14;1;6
Here's That Rainy Day;Gene Ammons;spotify:track:1m0dIj1PvGldkiwJUYzc1l;0,391;0,105;5;-14,607;1;0,035;0,913;0,194;0,113;0,162;95,833;367693;4;50,98469;18;0;6
Here's Your Sign (Get The Picture);Bill Engvall With Special Guest Travis Tritt;spotify:track:44km4gpFwy6GQzX5deHuPC;0,586;0,936;7;-6,605;1;0,549;0,337;0;0,928;0,732;178,068;220173;4;23,99021;15;1;6
Hernando's Hideaway - Remastered;Billy May;spotify:track:6IDra9pp8GtCxKMS6lehn5;0,738;0,247;1;-13,614;1;0,0418;0,565;0,498;0,0901;0,697;121,177;139760;4;27,63039;7;0;6
Hero Of The Day;Metallica;spotify:track:5ktyEZbrgBEePsu6MW5Cvw;0,351;0,9;8;-7,146;1;0,0357;0,000107;0,0262;0,11;0,777;116,023;261693;4;31,40792;10;1;6
Hey Helmut. wach auf! - Rock Mix;Holger;spotify:track:4TvUQYnEHNV5I5p0xF3lr4;0,48;0,775;7;-5,441;1;0,0545;0,66;7,36E-06;0,102;0,733;89,919;241693;3;49,42707;9;0;6
Hey Lupe;Los Superclasicos;spotify:track:5SjjoDG7dPqahLQZLZkO6C;0,715;0,33;6;-15,25;1;0,0998;0,149;0;0,0948;0,715;123,801;126907;4;100,75713;4;0;6
Hide Your Heart;KISS;spotify:track:47o525G86mLspoGnUCaMd9;0,572;0,846;11;-10,081;0;0,0617;0,306;1,31E-05;0,169;0,596;122,384;264133;4;48,81699;11;1;6
Hiena del Metal;V8;spotify:track:324YckvOymgItxbTFSrHEe;0,368;0,592;7;-13,544;1;0,1;8,13E-05;2,01E-06;0,0823;0,461;123,467;226160;4;24,2763;12;0;6
High;The Cure;spotify:track:2iVtt0mYIL26IGAgRkhHT5;0,618;0,717;9;-12,107;1;0,03;0,0164;0,000339;0,0594;0,761;114,802;213333;4;67,25689;9;1;6
High Street Yanks;The Membranes;spotify:track:38J5wuSw28lVMV3Os1pSpc;0,359;0,739;5;-14,595;1;0,0498;0,000273;4,39E-05;0,597;0,408;138,297;138440;4;20,06333;10;0;6
Higher;Creed;spotify:track:1ZozJfi8u9cO2Ob8KwiwNT;0,459;0,83;2;-6,254;1;0,0364;5,15E-05;0,00014;0,206;0,431;155,826;316733;4;28,21589;14;1;6
Higher Than Hope;Daryl Braithwaite;spotify:track:6xoHjRpW2oN3rHLOY1Xda3;0,705;0,635;1;-11,835;1;0,0369;0,0268;0,000518;0,104;0,599;109,99;299667;4;30,21076;16;1;6
Highwire;The Rolling Stones;spotify:track:7tlbHVveasgXlT0HmHXm5Y;0,442;0,942;7;-2,669;1;0,0472;0,0177;0,00274;0,0455;0,809;126,884;285573;4;85,0417;9;1;6
Hip Hop Ride;Da Youngsta's;spotify:track:2MYP61a4O2CcM9tEYwM0gf;0,788;0,589;1;-8,996;1;0,0909;0,00021;0,00124;0,0665;0,486;96,969;259933;4;47,88808;10;1;6
Hoje Eu Quero Sair Só;Lenine;spotify:track:3MlTmlmooUijgyJJswZfm1;0,773;0,549;7;-10,091;1;0,0424;0,222;0,000986;0,106;0,707;94,014;338387;4;29,26598;16;0;6
Hold On;Jamie Walters;spotify:track:2kQLJexCx8wPTAqK0x0ijO;0,571;0,553;0;-8,584;1;0,0279;0,0319;0;0,109;0,209;126,215;264560;4;32,72038;14;1;6
Hold On (Tighter To Love);Clubland;spotify:track:25tq1GAZcbFEfJLex2mZSb;0,796;0,688;7;-7,932;0;0,0558;0,00131;0,361;0,0888;0,573;119,768;404074;4;49,94648;18;1;6
Holland. 1945;Neutral Milk Hotel;spotify:track:4iwMhMvcTqukn1n3NVjb2N;0,0617;0,887;7;-4,305;1;0,0636;0,0399;0,000157;0,619;0,48;198,592;192533;4;26,6064;10;0;6
Home;Depeche Mode;spotify:track:747YFXlsStfjON5cmYMT0d;0,473;0,725;1;-7,785;1;0,0307;0,0829;0,00445;0,0787;0,463;150,741;342893;4;24,99044;19;1;6
Hooked On A Feeling (Ooga-Chaka);Baby Talk;spotify:track:3gQRcZZeBCMGANY1wT2x6A;0,613;0,678;8;-7,85;1;0,106;0,542;0;0,0391;0,911;118,629;181107;4;33,54798;8;1;6
Hop Up. My Ladies;Mike Seeger;spotify:track:38OsbpWoHNLb3tz5qLxeWH;0,617;0,329;0;-11,794;1;0,0483;0,931;1,58E-05;0,113;0,922;106,84;144867;4;38,26044;8;0;6
Hopelessly;Rick Astley;spotify:track:2sZX1XaQOGaOZEQLCzRkCU;0,547;0,457;8;-9,872;1;0,0293;0,46;0;0,122;0,298;150,001;215133;4;71,02549;7;1;6
Horn Concerto No. 1 in D Major. K. 412 (arr. C. Lindberg): II. Rondo: Allegro;Christian Lindberg;spotify:track:5eO7l76dcs1Xz5qulQzG1G;0,616;0,12;2;-21,464;1;0,0411;0,984;0,858;0,35;0,508;122,807;231200;3;28,2536;11;0;6
Horn Concerto No. 3 in E-Flat Major. K. 447 (arr. C. Lindberg): III. Allegro;Christian Lindberg;spotify:track:6PUIjv8nKQBCoyygmCEYK5;0,567;0,342;3;-19,092;1;0,047;0,989;0,915;0,115;0,534;97,955;221307;4;70,26453;7;0;6
House Of Broken Love;Great White;spotify:track:0tFscEe2fMwsHflVPsyaAD;0,581;0,468;9;-15,763;0;0,0314;0,0251;0,0845;0,0831;0,49;116,04;358427;3;23,19227;20;1;6
How Do You Talk To An Angel;The Heights;spotify:track:2QVHmiFTjFsHyxONRdbkcq;0,404;0,51;9;-11,353;1;0,0321;0,281;6,32E-06;0,0789;0,526;80,643;227267;4;45,6229;13;1;6
Human Wheels;John Mellencamp;spotify:track:7kozzDmfiSL3g3COR5m0ZB;0,554;0,917;6;-4,692;0;0,0358;0,00428;0,000672;0,286;0,923;149,672;334173;4;65,35411;13;1;6
Huntington Ashram Monastery;Alice Coltrane;spotify:track:5mONFtMn8yHhOWGF5wwX2U;0,547;0,405;5;-15,534;1;0,05;0,764;7,34E-05;0,116;0,632;116,813;333307;4;33,246;13;0;6
Hurricane;The Click;spotify:track:5qiDen4GXbcZixkS114QXw;0,824;0,48;0;-6,745;0;0,144;0,178;0;0,167;0,724;88,029;261080;4;24,82656;10;1;6
I;Taake;spotify:track:6ITdgxrJqxR8hiZx5cmpoI;0,0764;0,98;0;-3,16;1;0,0804;0,0995;0,782;0,413;0,0295;173,186;356467;3;33,4058;15;0;6
I Adore Mi Amor;Color Me Badd;spotify:track:05R2lE5g9hnaSmxIrUl3C0;0,683;0,476;3;-9,995;0;0,027;0,243;0;0,0786;0,725;91,989;289200;4;31,03699;10;1;6
I Belong To You (Every Time I See Your Face);Rome;spotify:track:1nP6feYWJVpbO41aezFtm2;0,759;0,337;0;-11,034;0;0,035;0,026;0;0,0753;0,335;117,845;273267;4;37,19882;15;1;6
I Can´t Give You Anything but Love;Carl-Henrik Norin;spotify:track:1ghKW4YHp44mUn1U6xkA6N;0,558;0,132;8;-13,563;1;0,0547;0,821;0;0,0819;0,428;120,058;180720;3;63,23811;7;0;6
I Can't Dance;Genesis;spotify:track:0No5Hr1LxZjJHGsQSTy2bm;0,914;0,528;3;-9,114;1;0,0508;0,499;4,38E-06;0,0454;0,898;107,557;241360;4;35,02997;10;1;6
I Can't Tell You Why;Brownstone;spotify:track:74oQkrFn64k3furu8GoBLr;0,476;0,453;11;-13,593;0;0,0306;0,27;0,000253;0,107;0,41;176,067;245992;4;40,73803;9;1;6
I Cerchi;Claudio Rocchi;spotify:track:3CSnt3RH6eCkwXcnOjXDsV;0,264;0,219;0;-21,588;1;0,0346;0,798;0,361;0,115;0,31;165,446;224093;4;42,88696;7;0;6
I Don't Believe in the Sun;The Magnetic Fields;spotify:track:24hSe8FngwwVnFiM8zgPO7;0,362;0,395;1;-8,761;0;0,0262;0,743;0,522;0,183;0,165;110,279;256453;3;24,70347;10;0;6
I Don't Know;Michael Morales;spotify:track:6wKfivQMFI74aq6rxxSqtu;0,593;0,618;10;-11,099;1;0,034;0,46;0;0,121;0,549;97,093;236840;4;48,84664;12;1;6
I Don't Wanna Be Alone;Shai;spotify:track:3CfSvpuNeWbiM1vjZwWXRq;0,774;0,437;0;-8,021;1;0,0263;0,565;0;0,0762;0,576;104,215;295467;3;56,01881;14;1;6
I Don't Want To Miss A Thing;Aerosmith;spotify:track:225xvV8r1yKMHErSWivnow;0,383;0,662;2;-5,162;1;0,0333;0,165;0;0,248;0,138;121,154;298760;4;67,2913;12;1;6
I Feel You;Depeche Mode;spotify:track:1Ob57NqUydp5cC3FCNV4Gy;0,454;0,933;2;-6,539;1;0,0912;0,024;0,0421;0,493;0,141;122,909;276080;3;20,35231;13;1;6
I Got The Hook Up!;Master P Featuring Sons Of Funk;spotify:track:3qEEoMccf3U90pM47dbQtX;0,608;0,704;11;-5,655;0;0,258;0,0447;0;0,397;0,818;79,302;256013;4;57,84832;10;1;6
I Had No Right;P.M. Dawn;spotify:track:0PtMec6kl6Hh4WP7lSdKLS;0,538;0,577;2;-10,265;1;0,029;0,368;3,36E-05;0,104;0,407;165,984;301760;4;29,55038;16;1;6
I Like It. I Love It;Tim McGraw;spotify:track:3IvcWWehbBcBR4YZxlGM9R;0,643;0,961;0;-5,298;1;0,0315;0,0196;0;0,948;0,96;124,027;205707;4;25,32835;9;1;6
I Love You/You Bring Me Joy;Mary J. Blige;spotify:track:2FzVFBdP14l3s8D97e8jov;0,771;0,672;11;-9,281;0;0,0527;0,33;0,000208;0,156;0,753;91,048;295893;4;25,26834;12;1;6
I Luv U Baby;The Original;spotify:track:6J3LHclKrdg1zLArH3kmF4;0,69;0,838;8;-6,392;1;0,0329;0,106;8,90E-06;0,267;0,902;126,821;213000;4;22,31218;14;1;6
I Missed The Bus;Kris Kross;spotify:track:793gh4IXh7mQsMBhvcJRlt;0,811;0,634;4;-10,408;0;0,0714;0,00469;0,00943;0,224;0,273;107,915;179160;4;54,7873;9;1;6
I Need To Know;Marc Anthony;spotify:track:7ffwRz8lZyDOE4Vj58Lo72;0,813;0,949;3;-2,563;0;0,0336;0,486;9,75E-06;0,112;0,792;115,061;227707;4;31,46063;10;1;6
I Say A Little Prayer;Diana King;spotify:track:5nRBw0eIbbXWn5zCoSc5aL;0,69;0,889;4;-5,074;0;0,0595;0,00875;1,03E-05;0,0904;0,538;125,958;211533;4;20,08507;11;1;6
I Tried Him & I Know Him;Rev. Milton Brunson;spotify:track:0AkfQEin0lXA3NXLLK90c9;0,224;0,306;1;-14,442;1;0,0391;0,62;0;0,409;0,26;72,449;335932;4;20,1323;17;0;6
I Wanna Kill;Demented Are Go;spotify:track:7fwOBgGbdQMbCb0oC04pXh;0,381;0,994;5;-3,891;1;0,215;0,00215;2,64E-06;0,0773;0,159;137,244;169867;4;54,15225;8;0;6
I Wanna Rock;Luke;spotify:track:6BPA3Uzu6xDFTklgeWGqbD;0,801;0,765;6;-11,968;0;0,203;0,0399;8,35E-06;0,429;0,624;138,052;279933;4;33,53978;14;1;6
I Want You;Shana;spotify:track:0sdtAStTSLikyTg9PTTyys;0,741;0,81;5;-10,751;1;0,0524;0,241;0,18;0,0921;0,827;119,629;305773;4;33,34488;12;1;6
I Will Be Here For You;Michael W. Smith;spotify:track:3CO19cTl5zzlWx9GWEpOhD;0,425;0,519;9;-9,707;1;0,0279;0,185;0;0,102;0,208;143,887;273773;4;17,38842;12;1;6
I Will Go With You (Con Te Partiro);Donna Summer;spotify:track:433m5xRcVM3jFm3IuijkKs;0,566;0,864;6;-6,045;0;0,0629;0,118;0;0,333;0,441;129,909;247933;4;24,53054;10;1;6
I Will Remember You (Live);Sarah McLachlan;spotify:track:0xzDbdFFnPz9CiQ0YZMq4K;0,449;0,487;9;-9,967;1;0,031;0,47;0,000129;0,691;0,389;76,487;213467;4;105,59304;6;1;6
I Wish;Skee-Lo;spotify:track:3LklW07tvdx2AHsgfi1Mng;0,669;0,809;7;-7,146;1;0,147;0,00137;0;0,38;0,572;97,885;249293;4;37,20123;9;1;6
I Wish It Would Rain Down;Phil Collins;spotify:track:4F2t297QK40XFcIHqkmLHs;0,51;0,667;8;-4,715;1;0,0294;0,292;0,00683;0,313;0,356;125,887;327747;4;35,93928;12;1;6
I Wonder Where You Are Tonight;Tony Rice;spotify:track:0zJqD6t9MJUYDBLINU24w8;0,581;0,547;4;-12,1;1;0,0378;0,71;0,0168;0,352;0,888;118,675;193667;4;16,10952;12;0;6
I'd Rather Eat Glass;Excuse 17;spotify:track:2OFYyAeFRiXZVGGxwgfLTx;0,26;0,974;2;-5,945;1;0,114;0,0168;9,50E-05;0,196;0,169;147,864;176133;4;45,28364;10;0;6
If;Janet Jackson;spotify:track:0t414ewhjcIiuPVF3QECz2;0,653;0,976;11;-5,173;0;0,0797;0,0374;0,00173;0,561;0,447;105,575;271640;4;65,28811;8;1;6
If I Ever Lose My Faith In You;Sting;spotify:track:05vL56xSoxthM0r7IfcQjo;0,575;0,727;2;-9,539;1;0,0281;0,00952;0,00754;0,054;0,504;97,995;270533;4;52,52989;11;1;6
If I Had The Chance;Cynthia;spotify:track:2QBoFxIpS9kNTywWmqtK2g;0,617;0,918;6;-5,017;0;0,0371;0,00553;0,123;0,203;0,802;130,012;254933;4;30,23068;11;1;6
If I Ruled The World;Nas;spotify:track:5PQmSHzWnlgG4EBuIqjac2;0,879;0,564;10;-7,682;0;0,247;0,0474;9,43E-06;0,0519;0,523;93,908;282373;4;23,15403;14;1;6
If That's Your Boyfriend (He Wasn't Last Night);MeShell Ndegeocello;spotify:track:7vx3QnBgX1RpmMATFIiNA3;0,815;0,723;10;-6,903;0;0,126;0,0524;0,0068;0,0508;0,781;106,031;271813;4;32,04893;12;1;6
If We Fall In Love Tonight;Rod Stewart;spotify:track:3yhHZaToQ3ZxN1A4GzByZR;0,677;0,572;1;-11,266;1;0,0388;0,505;0;0,0732;0,455;87,913;340507;4;44,67862;13;1;6
If Wishes Came True;Sweet Sensation;spotify:track:5gAdATsfINRIljv4LbrKX2;0,493;0,453;3;-10,878;1;0,0248;0,0944;0,00467;0,1;0,188;143,725;315160;4;41,10892;14;1;6
Ijzeren Thijs;Rowwen Hèze;spotify:track:7vt6mOc6TnVD8HsKQ6Wl2q;0,437;0,868;2;-4,809;1;0,154;0,107;0;0,109;0,718;138,24;167147;4;25,47463;8;0;6
I'll Be Loving You;Collage;spotify:track:0HznAaWAq5FRLnLyKNf9Tv;0,62;0,868;11;-6,805;0;0,0528;0,00591;0;0,248;0,339;133,97;228040;4;45,68575;9;1;6
I'll Be There;Mariah Carey;spotify:track:5jI2ApByK8KJeWVU39oRO4;0,404;0,511;5;-9,427;1;0,0315;0,716;0;0,871;0,279;82,025;264160;4;89,54726;11;1;6
I'll Be There For You/This House Is Not A Home;The Rembrandts;spotify:track:1lfjTOtTRUDkzcmahA4lcs;0,258;0,919;9;-6,927;1;0,0809;0,065;0;0,279;0,636;93,62;187293;4;88,79369;5;1;6
I'll Never Break Your Heart;Backstreet Boys;spotify:track:4lq4yY0y3XqDQZsx03ITaH;0,519;0,589;7;-6,005;0;0,029;0,0885;0;0,153;0,341;161,992;287507;3;35,05052;8;1;6
I'll Think Of A Reason Later;Lee Ann Womack;spotify:track:7ygWc80Ao1nhcV2D6Q3zPa;0,594;0,833;3;-5,543;1;0,0358;0,0848;7,80E-05;0,311;0,663;142,035;218667;4;32,55626;9;1;6
I'm Forrest... Forrest Gump;Alan Silvestri;spotify:track:1ijrMIqQvZNsnoqGukPzFD;0,402;0,046;5;-22,779;1;0,033;0,979;0,513;0,0771;0,0967;104,425;159667;4;26,31638;9;0;6
I'm Free;Jon Secada;spotify:track:2UfAxAPFNHkpArkEhBbyd4;0,52;0,634;5;-8,768;1;0,0275;0,133;0;0,29;0,478;197,315;240867;4;27,63781;9;1;6
I'm From The Country;Tracy Byrd;spotify:track:5Lwc3DTWzX6JaW2x2PZezt;0,687;0,898;2;-3,93;1;0,042;0,206;0;0,284;0,952;129,542;213973;4;24,85798;11;1;6
I'm In Luv;Joe;spotify:track:2uIEOMwrqcZDJG55UHXxTP;0,736;0,822;11;-6,142;0;0,0317;0,023;0;0,0615;0,735;99,654;228027;4;29,30801;8;1;6
I'm So Happy I Can't Stop Crying;Sting;spotify:track:6uImoDq9R3ZfJOPXkLdyWo;0,646;0,775;3;-3,001;1;0,0285;0,272;0;0,142;0,614;146,9;242560;4;68,31115;9;1;6
I'm Still Waiting;Jodeci;spotify:track:2T12BleYYXpuWuT1zuXnfS;0,697;0,6;0;-13,632;0;0,0364;0,0894;0;0,0549;0,793;127,009;261360;4;21,45003;15;1;6
I'm Your Angel;R. Kelly & Celine Dion;spotify:track:0QWFiyhOqFu9RP8qzP6z5L;0,62;0,504;0;-7,26;1;0,0301;0,669;0;0,11;0,266;112,681;332067;4;40,28712;10;1;6
Images In Stone;Patrick O'Hearn;spotify:track:0ReGms8iLrj6dyHjkQSHpT;0,174;0,278;3;-20,169;1;0,0378;0,0402;0,795;0,101;0,0489;70,064;249533;3;24,45184;14;0;6
Improvisation #2;NRG Ensemble;spotify:track:22qFvidlRGLutT0JkZq0rc;0,572;0,326;9;-13,293;0;0,256;0,806;0,231;0,527;0,297;69,443;159573;4;101,12396;5;0;6
In Dulce Jubilo;Bugge Wesseltoft;spotify:track:7j2B1yYjSxVg9MGEQLIBqn;0,432;0,00555;7;-30,164;1;0,0648;0,994;0,952;0,0998;0,247;90,383;365907;4;60,10183;17;0;6
In the Garden;Larry Stephenson;spotify:track:6MxqqLZRQ9R6KkE6VeBVpQ;0,539;0,475;11;-13,211;1;0,0298;0,41;0,00258;0,127;0,79;146,175;186307;4;33,29978;12;0;6
In Your Arms;Little Caesar;spotify:track:12DQhZRVJk534inNswAwie;0,465;0,651;0;-10,418;1;0,0331;0,176;0;0,0949;0,271;178,414;263813;4;31,13024;10;1;6
Indian Outlaw;Tim McGraw;spotify:track:1fYypIR0kaFzaSRbzvtjl9;0,664;0,739;9;-7,229;1;0,0415;0,0364;4,99E-05;0,282;0,759;110,101;182120;4;68,2224;8;1;6
Influência Do Jazz;Tamba Trio;spotify:track:2rJl0ohtsAtnfmYfe7EJkp;0,559;0,594;8;-8,882;1;0,031;0,669;0,798;0,102;0,89;110,644;146667;4;18,26858;8;0;6
Innan Konsert;Rune Lindblad;spotify:track:3h50sZy3pEKv3Ox7q3B0yd;0,295;0,474;8;-19,072;0;0,0482;0,825;0,918;0,134;0,11;114,144;713600;3;58,27581;38;0;6
Insensatez - Instrumental;Antônio Carlos Jobim;spotify:track:43loTpW3s094oRsIdJkoGM;0,565;0,192;4;-19,539;0;0,0304;0,566;0,594;0,0956;0,396;114,799;177400;4;33,95748;11;0;6
Inside Of Me;Chapterhouse;spotify:track:3raJ2h75YmkZIBoKcRXqdx;0,116;0,927;9;-7,918;1;0,0608;0,0408;0,628;0,0688;0,481;84,036;278267;4;42,80136;7;0;6
Inside Out;Eve 6;spotify:track:4GiVcDqNQI0fc0yYuRGH9m;0,483;0,818;11;-7,666;1;0,0444;0,114;0;0,367;0,691;175,668;219467;4;22,9639;8;1;6
Iris;John Coltrane;spotify:track:4NiKtErEz8AzMHw6XzXhbm;0,343;0,511;1;-10,341;1;0,144;0,45;0;0,227;0,375;49,285;233267;3;22,14151;10;0;6
Iris;The Goo Goo Dolls;spotify:track:6Qyc6fS4DsZjB2mRW9DsQs;0,315;0,715;11;-8,072;0;0,0362;0,00125;7,97E-06;0,0942;0,497;155,925;289533;3;45,33362;14;0;6
It's A Party;Busta Rhymes Featuring Zhane;spotify:track:0Ml8PkxnlGUrrMPpJWPBc3;0,665;0,657;5;-8,805;0;0,274;0,0823;0;0,176;0,786;178,033;277440;4;45,75802;11;1;6
It's All About U;SWV;spotify:track:1ask6D7sAOBSqe9xNOPL8t;0,838;0,401;0;-9,808;1;0,0506;0,111;0,00811;0,0478;0,74;93,49;224800;4;27,98746;11;1;6
It's Alright;Memphis Bleek (& Jay-Z);spotify:track:1SKhE8yTMuGrTLte0os673;0,603;0,839;10;-8,94;0;0,289;0,0135;0;0,338;0,763;95,846;241733;4;50,40737;11;1;6
It's Alright. It's Ok;Leah Andreone;spotify:track:3VmMPFCqLlbELgN5hne7nu;0,734;0,67;0;-5,838;0;0,0321;0,0113;1,25E-06;0,224;0,656;110,022;265133;4;21,14502;13;1;6
It's Now or Never;Andy Tielman;spotify:track:3BQalxxt7GzUTNBiR8dkLP;0,565;0,401;4;-14,431;1;0,0397;0,897;0,00853;0,243;0,511;128,868;185800;4;36,85327;8;0;6
It's Over Now;Deborah Cox;spotify:track:2iUwgnyYykjFu1f7YikoTX;0,811;0,516;5;-6,994;0;0,0734;0,198;0;0,0994;0,544;120,089;260093;4;48,30793;10;1;6
Jack Introduces Don't Think Twice;Ramblin' Jack Elliott;spotify:track:2DKaYaAYW957D5zZ7WwLX3;0,567;0,0638;0;-27,025;0;0,897;0,706;0;0,497;0,54;87,712;108867;4;59,29921;5;0;6
Jalou's Rock - Live;Les Rats;spotify:track:3GITpHGNLMyHEcOaBM1sza;0,285;0,942;4;-7,224;0;0,0828;0,00086;0,258;0,24;0,558;163,334;143973;4;30,64777;10;0;6
James Brown Is Dead;L.A. Style;spotify:track:5EEsZl9wCWtPHXoi9I9PY7;0,599;0,976;0;-7,649;0;0,0859;0,0013;0,787;0,383;0,501;130,724;344400;4;23,272;8;1;6
Jazz Trash;Ellery Eskelin;spotify:track:2f9ajqHBH5YLBwMnN97LFc;0,5;0,342;4;-17,526;0;0,432;0,683;0,0496;0,0937;0,382;79,11;446533;3;92,62241;18;0;6
Jazzy Belle;OutKast;spotify:track:6w4MlvpuxtbjGdL9YeTx89;0,878;0,651;11;-8,074;0;0,252;0,0178;0;0,0408;0,102;92,028;251667;4;26,24362;6;1;6
Jealousy;Natalie Merchant;spotify:track:3qcVyKUKAOfBoQJsxHfhmW;0,723;0,521;0;-9,78;1;0,028;0,296;0,0406;0,0998;0,61;101,127;161533;4;70,31656;6;1;6
Jeeps. Lex Coups. Bimaz & Benz;Lost Boyz;spotify:track:02nH7HXbs3i9kdWef9or8E;0,562;0,652;1;-9,253;0;0,426;0,0103;0;0,557;0,545;177,987;272467;4;35,4916;12;1;6
Jerusalem's Ridge;Jeff Autry;spotify:track:70exPpnHKfy4W0nPjeiAI1;0,541;0,678;9;-9,548;0;0,031;0,84;0,603;0,14;0,711;126,062;280293;4;24,01529;11;0;6
John Barleycorn;Kenny Baker;spotify:track:1UgfiXJCWaWuoillaX3fFp;0,607;0,474;7;-12,475;1;0,124;0,65;0;0,956;0,946;133,899;133253;4;42,48188;6;0;6
John Jacob Jingleheimer Schmidt;Music For Little People Choir;spotify:track:5qJL8qRMjEnlQwIxt2g24M;0,66;0,297;2;-14,859;1;0,118;0,56;3,42E-06;0,178;0,96;138,422;108507;4;23,77179;7;0;6
Judy Is a Punk;Huntingtons;spotify:track:308S71Nfg33QocucjSRsFq;0,341;0,964;10;-3,723;0;0,0875;0,171;0;0,312;0,68;110,857;75418;4;43,7526;4;0;6
Julia;Nobuo Uematsu;spotify:track:7xpzXnbxwFIIm9Fd2yg6Ce;0,42;0,0961;4;-19,877;1;0,097;0,993;0,903;0,14;0,582;79,654;83067;4;0;2;0;6
Jump Around;House Of Pain;spotify:track:3TZwjdclvWt7iPJUnMpgcs;0,854;0,71;4;-6,32;0;0,0793;0,0113;8,72E-05;0,166;0,818;106,894;214947;4;25,35735;9;1;6
Jump Jive An' Wail;The Brian Setzer Orchestra;spotify:track:7FuRjlwyTY9uTAUgGpZtJU;0,638;0,811;8;-5,43;1;0,117;0,0311;0;0,144;0,915;101,154;172933;4;91,42029;7;1;6
Jump Man;Buckethead;spotify:track:2QwyfRiONW3O4Sp7O5XlEk;0,187;0,941;11;-9,103;0;0,0798;0,00636;0,601;0,458;0,274;189,189;261960;4;52,78916;10;0;6
Jump On It;Sir Mix-A-Lot;spotify:track:3G1lmq2hDoJZlemVcJNFK0;0,908;0,938;2;-5,682;1;0,201;0,0691;0;0,799;0,751;113,974;300533;4;24,01126;9;1;6
Just Another Day;Jon Secada;spotify:track:5AoBNJQDXXEnIJGjJjZu3y;0,717;0,642;1;-10,727;1;0,0287;0,0194;0,000249;0,043;0,732;105,894;327427;4;47,18748;14;1;6
Just Ideas - Instrumental;John McLaughlin;spotify:track:1wTSDiqaUwFLVMB5pOinSn;0,194;0,0486;4;-24,523;1;0,0394;0,846;0,82;0,19;0,0387;125,661;110333;5;66,29829;4;0;6
Kalinka;Limpopo;spotify:track:35Q0piq5ACqGsiGyatdjge;0,452;0,715;4;-8,245;0;0,0969;0,78;0;0,0681;0,866;120,445;90600;4;22,89757;6;0;6
Kasalèfkut Hulu (From All the Time I Have Passed);Mulatu Astatke;spotify:track:0AXK0hFEATVwmAqcTQ11FX;0,583;0,365;6;-10,955;1;0,0411;0,977;0,886;0,105;0,444;120,929;165640;4;50,78255;7;0;6
Kashmir;Silent Stream of Godless Elegy;spotify:track:2K4oxj7C96xMhnc8Ew2bb1;0,52;0,822;2;-5,236;1;0,0324;0,00506;0,00505;0,155;0,594;80,706;323013;3;71,15391;13;0;6
Katmandu;Béla Fleck;spotify:track:7DlaaNwxmS99iypST4bTS0;0,39;0,42;2;-14,153;0;0,0363;0,955;0,942;0,127;0,622;175,881;263800;4;22,3087;13;0;6
Keep It Together;Madonna;spotify:track:04tSWZo4MLebMbf7RwSmyE;0,719;0,819;7;-10,579;0;0,0448;0,231;0,0222;0,0808;0,794;103,078;303200;4;24,71708;15;1;6
Keep The Faith;Bon Jovi;spotify:track:5EWtBjCLy21d1hY9zdaEe8;0,569;0,968;5;-3,72;0;0,0487;0,00108;0,00153;0,0814;0,568;117,783;346533;4;97,80742;9;1;6
Key West Intermezzo (I Saw You First);John Mellencamp;spotify:track:43bvQNBz3LPzTxEgPSs9qQ;0,673;0,859;11;-6,511;1;0,0271;0,00497;1,92E-05;0,274;0,959;116,477;294293;4;32,1454;9;1;6
Khazad Dum;Summoning;spotify:track:5Y1Erj9A1S3LF4zmHgehEM;0,551;0,883;3;-8,144;0;0,0555;0,145;0,694;0,0773;0,114;110,031;657693;4;68,32525;14;0;6
Kickin' the Can;Parachute Express;spotify:track:643QEhYNnc5pk7x4TIJUGX;0,676;0,238;7;-17,598;1;0,0318;0,531;0,000838;0,338;0,921;95,887;143560;4;59,33117;7;0;6
Killer/Papa Was A Rollin' Stone;George Michael;spotify:track:3EMwCbvaeyWVZb3ae0roHt;0,714;0,976;10;-7,349;0;0,0548;0,0284;0,00695;0,756;0,577;121,89;255373;4;128,25175;6;1;6
Kimini Mune Kyun - Uwaki Na Vacance;YELLOW MAGIC ORCHESTRA;spotify:track:67rAdAV6rFzKPZTSh6WL1t;0,623;0,942;7;-5,454;1;0,0443;0,317;5,85E-06;0,338;0,829;142,43;248427;4;45,63481;11;0;6
Kind Folk;Kenny Wheeler;spotify:track:6CXfNVAbK2UEdwGhWzThrF;0,488;0,0872;9;-16,779;0;0,0388;0,959;0,921;0,109;0,306;117,348;516400;3;32,97797;24;0;6
Kindred Spirits;Liquid Tension Experiment;spotify:track:50BSlZ4EQUeOdDLXuSbuBX;0,285;0,963;9;-3,137;1;0,0645;0,00212;0,753;0,688;0,48;128,627;389600;4;28,71281;12;0;6
King Darius Suite;VeggieTales;spotify:track:0Qqschhs4Szs4SVSCuE5MM;0,64;0,361;3;-10,099;1;0,253;0,794;0;0,104;0,613;139,457;131227;4;56,23845;5;0;6
Kingdom;Kickback;spotify:track:1RbCsofGtNidlcI32X2Q8Z;0,419;0,926;6;-6,625;0;0,0715;8,10E-06;0,00145;0,0617;0,434;95,26;193933;4;23,2959;9;0;6
Kiss Of Life;Sade;spotify:track:5bNxRtWEEUu3myoEYL9687;0,724;0,472;6;-11,298;0;0,0279;0,631;0,0374;0,0968;0,779;97,11;251333;4;45,10193;11;1;6
Kiss of the Vampire;Half Japanese;spotify:track:0sGfWKI3TgNfhPF4DcBMYB;0,248;0,991;2;-4,659;1;0,149;0,000642;0,217;0,306;0,158;136,983;192787;4;61,47835;9;0;6
Kiss Them For Me;Siouxsie and the Banshees;spotify:track:3rW0ATGLT6kOUtfsIKygyI;0,6;0,949;7;-5,473;0;0,0556;0,187;0,00539;0,105;0,752;99,387;277147;4;29,65001;11;0;6
Knockin' Boots;Candyman;spotify:track:4bvqOj9QiH6qKecLiefKst;0,94;0,662;7;-8,786;1;0,292;0,0954;0;0,376;0,657;101,403;233027;4;51,72619;12;1;6
L.A. Song;Beth Hart;spotify:track:69pBTbnLue0leYUCMAFqPj;0,351;0,615;7;-7,621;1;0,0451;0,206;0;0,985;0,337;127,798;271107;3;58,57055;10;1;6
La chanson des défenseurs de Moscou;The Red Army Choir;spotify:track:4FyNAqZAZ0bMpd36Y4g5dR;0,573;0,783;7;-5,139;0;0,0481;0,953;0,00147;0,0531;0,574;109,34;192573;4;31,46104;10;0;6
La mort de P.B.S;Ozymandias;spotify:track:0MlT8tq1DC06eMA8qOg1gx;0,363;0,0739;0;-20,067;0;0,0525;0,994;0,904;0,106;0,0386;182,613;226827;3;37,14052;8;0;6
Last Goodbye;Kenny Wayne Shepherd;spotify:track:2j9xf567RovYfYPmfDWgvG;0,461;0,695;7;-7,662;1;0,0282;0,0275;0;0,151;0,371;149,346;273600;4;41,53611;8;0;6
Last Kiss;Pearl Jam;spotify:track:0QnONzv3TvHAWk294h6DaQ;0,622;0,692;7;-6,97;1;0,0276;0,363;0,000158;0,193;0,774;112,053;195467;4;62,63883;8;1;6
Lately;Tyrese;spotify:track:0XmTCQWHgf6dOXJeLjXrzr;0,541;0,701;7;-7,287;0;0,102;0,0761;0;0,0763;0,334;80,057;266533;4;26,69432;11;1;6
Latin Quarter;Caribbean Jazz Project;spotify:track:5JK8AxG8ElQSAQh7TTr5Vt;0,628;0,741;0;-9,708;1;0,0307;0,468;0,384;0,0996;0,628;110,054;299200;4;79,60958;11;0;6
Leavin';The Tony Rich Project;spotify:track:1qIDLkxvnYpSrLSwiMaEXJ;0,678;0,406;2;-11,528;1;0,0436;0,0968;0;0,0607;0,503;168,053;224000;4;40,85746;11;1;6
Left Hand Path;Entombed;spotify:track:5faD0zZ9fMa3J5ZN3lIWtp;0,166;0,927;7;-8,797;1;0,0736;3,94E-06;0,651;0,344;0,219;131,984;399093;4;45,05498;12;0;6
Les Anges Dans Nos Campagnes (Noël XIIIe Siècle) Instrumental;Orchestre Symphonique De Québec;spotify:track:7yxPB261nfpETW61ngDiGw;0,229;0,0786;5;-21,253;1;0,0408;0,979;0,926;0,174;0,185;109,893;153112;4;16,27831;9;0;6
Les yeux ouverts;Enzo Enzo;spotify:track:6BJltRcIxqomZ5X77zfwCe;0,689;0,152;5;-20,299;1;0,0308;0,834;1,80E-06;0,0952;0,202;89,1;208200;4;29,94393;11;0;6
Let It Snow;Oscar Peterson;spotify:track:6pctt0uFOGc7NxJvzwIv1x;0,451;0,219;0;-19,671;1;0,0377;0,894;0,522;0,0996;0,469;144,206;220133;4;26,65837;9;0;6
Letitgo;Prince;spotify:track:3LuCnnGkixRVdEKFo4K0az;0,685;0,797;1;-4,851;1;0,0566;0,0437;0,000117;0,314;0,825;173,253;335040;4;32,57711;17;1;6
Let's Play House;Tha Dogg Pound Featuring Michel'le;spotify:track:4cgJF9rKas2H5AC8FnNts0;0,822;0,702;10;-4,759;0;0,0755;0,0919;0,00559;0,191;0,804;91,37;204440;4;31,63279;12;1;6
Liege of Inveracity;Suffocation;spotify:track:7qvTHdpc9qu4TMPur5vs9w;0,313;0,931;1;-7,951;1;0,113;8,67E-05;0,919;0,176;0,405;109,648;270840;4;86,03433;12;0;6
Life;K-Ci & JoJo;spotify:track:5GorFaKkP2mLREQvhSblIg;0,629;0,511;1;-8,651;1;0,0326;0,114;3,91E-06;0,0588;0,181;128,038;331240;4;24,89624;12;1;6
Life Ain't Easy;Cleopatra;spotify:track:73NMoIdOqIfg5Dma68Gi4R;0,624;0,845;11;-6,705;1;0,0637;0,301;0;0,335;0,546;98,361;200227;4;32,19154;9;1;6
Light In Your Eyes;Blessid Union Of Souls;spotify:track:1yckLYhD232gkDZG86QhAn;0,471;0,454;11;-9,118;1;0,0309;0,546;0;0,114;0,36;170,995;256200;3;27,60281;14;1;6
Lights;Journey;spotify:track:7EHmKkyAr6MZv5Y2FdZbXw;0,193;0,5;7;-9,903;1;0,0381;0,108;0,0067;0,332;0,354;207,639;190333;3;39,12345;8;1;6
Like A Parasite;The Queers;spotify:track:42InPIKN75glxg51jOHd1G;0,534;0,934;7;-4,28;1;0,036;0,00103;0,221;0,375;0,97;130,931;172200;4;44,96101;8;0;6
Like The Worms;Kickback;spotify:track:5ekymSTSfQtHOKicsJs4wu;0,446;0,896;2;-7,369;1;0,0572;2,46E-05;6,67E-06;0,224;0,263;88,403;236667;4;103,34354;7;0;6
Liten brunett;Jan Johansson;spotify:track:6sBrd2zyN5qi9XsG0hyMY8;0,467;0,209;0;-17,803;1;0,0387;0,302;0;0,182;0,473;75,921;392667;4;36,92091;16;0;6
Little Bird;Annie Lennox;spotify:track:1KX8GhTteEUlkbfzaRzbsx;0,767;0,521;9;-9,145;1;0,0351;0,247;0,00124;0,303;0,672;124,995;292426;4;30,15971;10;1;6
Little Drummer Boy;Apocalyptica;spotify:track:5ylwVp5Igdp40VWn1JwFa2;0,181;0,209;10;-16,7;1;0,0323;0,492;0,903;0,118;0,068;69,637;290613;4;63,1293;14;0;6
Little Hammer;Pale Saints;spotify:track:5tVTlvr0U1yL5xPJ5nPlVE;0,363;0,207;0;-20,646;1;0,0306;0,589;0,75;0,119;0,0859;192,25;137600;3;26,74812;7;0;6
Little Rock Getaway;Alan Munde;spotify:track:4LazBIjGBtMAzD7p16Pvvl;0,547;0,504;0;-13,723;1;0,0391;0,719;0,858;0,253;0,963;120,701;164733;4;64,34159;6;0;6
Livin' La Vida Loca;Ricky Martin;spotify:track:0Ph6L4l8dYUuXFmb71Ajnd;0,425;0,954;1;-3,756;0;0,0476;0,00411;0;0,0555;0,933;178,043;243160;4;45,32625;7;1;6
Living In Sin;Bon Jovi;spotify:track:4urd42euwvihhC3j1G8Jt2;0,267;0,793;4;-7,12;1;0,0415;0,0247;0;0,0634;0,526;174,118;279053;4;29,48887;15;1;6
Lo Mejor del Rock N' Roll;Expulsados;spotify:track:5nd5ZnTvznukaV2Hcesc09;0,273;0,824;2;-4,981;1;0,0742;0,0153;0,322;0,112;0,777;185,664;153360;4;24,11872;7;0;6
Lollipop (Candyman);Aqua;spotify:track:5tnqSEWM3EKoEtjSZpmHcH;0,718;0,944;0;-6,405;0;0,0282;0,0297;0,0148;0,13;0,824;139,04;216707;4;21,94503;13;1;6
Lone Star Queen;New York Dolls;spotify:track:4WKZzd4XrY5Q81bb1RaI5b;0,562;0,577;1;-12,337;0;0,0358;0,167;0,000161;0,399;0,498;95,61;250627;4;28,41857;15;0;6
Long Island Sunset;Tangerine Dream;spotify:track:47bQWn43LYwprO6mi5lQD0;0,499;0,567;0;-12,544;1;0,0295;0,00183;0,848;0,0931;0,078;128,027;423333;4;49,07164;18;0;6
Long Lost To Where No Pathway Goes;Summoning;spotify:track:6jPQuZQnyRQQD9EoV4bV2Y;0,138;0,846;3;-5,372;0;0,0667;0,0178;0,824;0,0668;0,283;81,862;443467;4;86,24529;15;0;6
Loser;Beck;spotify:track:5PntSbMHC1ud6Vvl8x56qd;0,654;0,611;2;-10,45;1;0,119;0,0337;0,000178;0,405;0,786;85,387;235000;4;22,99763;10;1;6
LOST INTO THE NIGHT;ELISA;spotify:track:2N1PyNyhhKYCVzOjjXuopf;0,521;0,956;1;-5,44;1;0,0367;0,0022;0,00683;0,0998;0,801;158,023;295200;4;24,34232;14;0;6
Lounge Chair Drifters;Moonrock;spotify:track:6obhcIEfkWj1Tvsu4Y47N4;0,763;0,458;5;-12,326;0;0,0397;0,79;0,926;0,11;0,304;126;324360;4;64,92048;11;0;6
Love Gets Rough;Troy Newman;spotify:track:5GVTSRvxUuPwT4PaTfvKKg;0,56;0,665;4;-11,428;1;0,0286;0,0522;0;0,174;0,48;95,013;296227;4;20,52361;13;1;6
Love II Love;Damage;spotify:track:1m1xRfGOhuGUdgbqfU0U0B;0,803;0,684;6;-7,668;0;0,0351;0,0801;0;0,0887;0,626;97,011;267093;4;36,12207;7;1;6
Love In Portofino;Dalida;spotify:track:0cgcD73SD4nFdTK2oKofzW;0,418;0,29;8;-10,126;0;0,0317;0,78;0;0,173;0,505;89,496;182067;4;51,76689;9;0;6
Love Is A Rock;REO Speedwagon;spotify:track:7JLFGPUo8ytYKPkOY9XSsU;0,562;0,832;0;-9,279;1;0,0368;0,217;1,32E-06;0,0505;0,443;106,033;336467;4;21,53015;10;1;6
Love Is All Around;Wet Wet Wet;spotify:track:0PCGfA36HrVPmsBZJ57zOU;0,523;0,689;10;-6,58;1;0,027;0,228;0;0,109;0,547;84,09;246240;4;39,43639;10;1;6
Love Is On The Way;Saigon Kick;spotify:track:3F3n2V9XBrtb1omqLfcNPe;0,576;0,449;1;-8,764;0;0,0287;0,085;0;0,119;0,0552;129,323;264173;4;42,75337;9;1;6
Love Of My Life;Sammy Kershaw;spotify:track:1oMMvSvR0knSpiS8GNAJ1L;0,552;0,384;10;-9,641;1;0,0249;0,19;3,30E-05;0,0852;0,286;139,986;266520;4;35,10079;13;1;6
Love On My Mind;Xscape;spotify:track:5hzdcPTFKEuRVuN8cTkcvl;0,892;0,488;3;-9,748;0;0,041;0,0316;0;0,0284;0,786;101,89;228902;4;41,96758;10;1;6
Love Song;Eddie Lang;spotify:track:0xPwddc6t0w6SBi1a1s8Zu;0,652;0,0795;1;-24,584;1;0,0964;0,974;0,72;0,104;0,283;124,533;198733;4;56,5514;8;0;6
Love Takes Time;Mariah Carey;spotify:track:48l7PNpT2fBoT4cdLW6EzP;0,602;0,338;11;-12,371;1;0,0293;0,727;0;0,0849;0,25;126,232;229227;4;32,05178;13;1;6
Love Thing;Bratmobile;spotify:track:0N9zigyujGyQdcNEM5GkbR;0,472;0,925;5;-5,31;0;0,0414;0,0554;0,185;0,305;0,336;85,695;100227;4;21,56388;7;0;6
Love You All My Lifetime;Chaka Khan;spotify:track:2yTswsiLkNGzzzX54WroNS;0,693;0,827;10;-6,437;0;0,0483;0,0114;0,189;0,32;0,906;103,087;281680;4;72,96594;12;1;6
Lucky Love;Ace Of Base;spotify:track:2O5MugeVVDlVs4ThMCy1Lm;0,769;0,662;5;-7,238;1;0,0319;0,129;0,00102;0,0814;0,863;104,104;175747;4;31,43337;7;1;6
M.Mussorgsky. Pictures at an Exhibition. Promenade (in minor);Modest Mussorgsky;spotify:track:6uZ73KjicmrDmqYiUHIfrU;0,293;0,136;2;-15,889;0;0,0419;0,755;0,344;0,25;0,154;85,655;37267;3;9,47083;3;0;6
Magic Carpet Ride;The Mighty Dub Katz;spotify:track:4bVqQy9NOtwLjHIWlK7rW5;0,852;0,937;6;-5,961;0;0,0465;0,00437;0,923;0,122;0,847;128,693;487947;4;31,82037;17;1;6
Main Title;Tangerine Dream;spotify:track:4sT17kVssVnnC2qQ16T35z;0,511;0,942;7;-13,426;0;0,0346;0,564;0,863;0,167;0,423;150,005;75840;4;25,50438;6;0;6
Make It Hot;"""Nicole Featuring Missy """"Misdemeanor"""" Elliott & Mocha""";spotify:track:74nsOZqzZzyvFVvBy12I7Y;0,76;0,458;7;-8,834;1;0,19;0,376;0,000229;0,143;0,581;84,08;267093;4;69,92915;11;1;6
Make It Like It Was;Regina Belle;spotify:track:5sUhPjE13aCyHyEn2XuzF6;0,466;0,448;6;-6,651;1;0,0293;0,686;8,49E-06;0,142;0,153;119,513;307467;4;68,4094;13;1;6
Make Love Like A Man;Def Leppard;spotify:track:4kmsbka0IvuC1x4GdK3FcH;0,389;0,916;2;-6,481;1;0,0513;0,0408;0;0,28;0,582;205,733;255624;4;43,76449;13;1;6
Mama Said Knock You Out;LL Cool J;spotify:track:6C7ZgThn6Yan5MTZdAEEFw;0,791;0,759;10;-7,378;0;0,129;0,0314;0,674;0,255;0,619;102,382;289693;4;69,75038;10;1;6
Mamaye;Theodros Mitiku;spotify:track:4e0lP3AyHW23CFXfT7FwzL;0,693;0,491;0;-11,435;1;0,0304;0,394;0,307;0,122;0,777;115,821;426600;3;42,16961;21;0;6
Man On The Moon;R.E.M.;spotify:track:4jLv3tDBu8ww2R07DvL12s;0,667;0,699;7;-7,574;1;0,026;0,42;0,000442;0,201;0,655;118,567;314173;4;65,08031;12;1;6
Mariquita;Caifanes;spotify:track:4uBbIsDAYbZVLXWY0wAZrp;0,642;0,65;9;-9,647;0;0,0394;0,801;1,16E-06;0,106;0,881;155,226;116467;4;50,28586;6;0;6
MC's Act Like They Don't Know;KRS-One;spotify:track:0snDRsjNRMJhm7SVja8l6J;0,855;0,798;1;-4,018;1;0,237;0,0101;0,000615;0,628;0,855;90,429;295933;4;32,78184;10;1;6
Me and the Devil Blues - Take 2;Robert Johnson;spotify:track:3Xyt0mXMTXczxtG0yeGksM;0,707;0,145;10;-14,56;1;0,114;0,948;0,000185;0,184;0,384;82,844;150960;4;65,8351;6;0;6
Meathook Sodomy;Cannibal Corpse;spotify:track:66opfMXBdeH53Ew5X6XydK;0,351;0,989;1;-9,227;1;0,171;0,000703;0,929;0,327;0,199;147,812;347067;4;36,69178;15;0;6
Melô do Papudinho;Roberto Villar;spotify:track:6bsRaWbQax07cMytD0c64v;0,728;0,555;7;-8,236;0;0,0838;0,182;0;0,14;0,629;144,475;177424;4;54,7974;8;0;6
Melodía De Amor;Los Rebeldes Del Rock;spotify:track:7dPI1PHsij0TPk4L8lIHsT;0,588;0,454;0;-12,926;1;0,0305;0,793;0;0,0914;0,972;147,423;143067;4;51,11176;7;0;6
Memories of Mother and Dad;Hazel Dickens;spotify:track:0awB83Y3jI3Zrr2DxVqXFT;0,61;0,475;11;-10,87;1;0,0261;0,803;9,26E-06;0,15;0,858;101,752;159093;4;46,29682;8;0;6
Metal Heart;Dimmu Borgir;spotify:track:5iQyl3tVzjcyIaTMN8X7AL;0,186;0,95;7;-4,895;1;0,0779;0,00426;0,0521;0,157;0,217;132,141;277400;4;46,71165;11;0;6
Metal Maniac Master Mind;U.D.O.;spotify:track:0m9WMc5fzuoiVcSgIzKV7b;0,43;0,922;0;-8,334;1;0,0507;0,0723;0,00241;0,21;0,14;97,727;341200;4;23,95149;12;0;6
Metal Meltdown;Judas Priest;spotify:track:679lDz2Jn7TOD6LRl2gM8y;0,359;0,968;9;-5,4;1;0,17;0,00137;0,288;0,382;0,123;150,058;287667;4;43,36045;10;0;6
Metal Mothers;Guided By Voices;spotify:track:5BJiMeT5AMTuo2O6Z6g8lT;0,216;0,685;11;-5,918;0;0,0372;0,00027;0,0013;0,116;0,267;120,269;198107;4;29,31016;9;0;6
Metal Warriors;Manowar;spotify:track:5P2Ghhv0wFYThHfDQaS0g5;0,571;0,797;9;-9,264;1;0,0497;0,000786;0,186;0,0777;0,243;101,003;234560;4;32,00007;9;0;6
Mexican Radio;Polvo;spotify:track:43TUykEhCrOSzdMpQKl0zA;0,181;0,939;7;-7,694;0;0,0863;0,189;0,67;0,0729;0,111;173,036;203467;4;37,74879;12;0;6
Mi Cantar;Los Angeles Azules;spotify:track:5PPKUD3n5mceqRD1U2Z9PW;0,468;0,602;9;-7,295;0;0,054;0,269;0;0,159;0,47;85,38;234373;4;20,11285;11;0;6
Mi Virgencita;Valentín Elizalde;spotify:track:5vB6itJfxpCKGSc1IqbOV6;0,654;0,455;3;-7,977;1;0,0499;0,476;2,55E-05;0,0716;0,974;141,161;147853;3;32,48697;8;0;6
Miami;Will Smith;spotify:track:6e8Ou0wiqAzIpWb2eSxll8;0,877;0,534;1;-6,18;1;0,151;0,0339;1,73E-05;0,0441;0,89;108,171;197560;4;43,97495;9;1;6
Microphone Master;Das EFX (Featuring Mobb Deep);spotify:track:4HBjg3KAkjoHZFWQL6STl5;0,777;0,66;8;-7,794;0;0,266;0,0934;1,22E-05;0,0478;0,565;89,224;271973;4;41,27306;12;1;6
Midnight Awakenings;Greg Maroney;spotify:track:0DBnhwsPSmM0I66hnEBwA8;0,369;0,129;2;-17,706;0;0,0372;0,991;0,865;0,11;0,0382;75,418;369253;4;83,0492;14;0;6
Milk Cow Blues;Dead Moon;spotify:track:0Tsnzn7uJCcxnaefznI8Os;0,281;0,766;0;-6,059;1;0,0459;0,0283;3,30E-05;0,46;0,623;201,339;219722;4;36,48677;12;0;6
Mind Blowin';Smooth;spotify:track:4kYBrdNJUdoB7iJs9WJMvu;0,768;0,847;7;-4,652;1;0,122;0,00412;0;0,0843;0,653;95,046;255960;4;17,44817;14;1;6
Minha;Cartola;spotify:track:3TBy6We8pwdcLeFNt0ahKA;0,652;0,535;9;-12,21;1;0,0386;0,908;5,26E-05;0,117;0,961;99,097;139267;4;61,86275;6;0;6
Miniskirt Blues (feat. Iggy Pop);The Cramps;spotify:track:7jiy36W10zchNsv7P6Rd9C;0,396;0,945;11;-5,872;0;0,153;0,554;0;0,18;0,416;120,417;159907;4;35,45056;7;0;6
Misirlou - Remastered;Laurindo Almeida;spotify:track:1RslTh1c3KGURkNULxE5N1;0,572;0,325;7;-15,795;0;0,0387;0,378;0,506;0,149;0,722;86,484;164933;4;98,9362;5;0;6
Missing You Now;Michael Bolton;spotify:track:7ho5FKdNqmmbCpXYcyDH8c;0,62;0,508;7;-11,621;1;0,0272;0,118;0;0,187;0,289;95,01;273307;4;34,87372;16;1;6
Misty Roses;Astrud Gilberto;spotify:track:50RBM1j1Dw7WYmsGsWg9Tm;0,527;0,316;1;-15,769;1;0,031;0,693;0,00699;0,168;0,543;116,211;158840;4;53,89523;6;0;6
MMMBop;Hanson;spotify:track:0lnxrQAd9ZxbhBBe7d8FO8;0,683;0,937;9;-6,335;1;0,0449;0,00481;0,0046;0,07;0,619;104,872;268653;4;21,37213;12;1;6
Modess Punk Rock;Tequila Baby;spotify:track:1F0CxCWHKXDOZhHDCUDGBS;0,369;0,951;7;-9,43;1;0,0422;0,207;0,137;0,297;0,903;136,968;96052;4;44,28084;5;0;6
Molly (Sixteen Candles);Sponge;spotify:track:6nvixw7XmqBSuYVpgCqvPY;0,504;0,775;1;-7,844;1;0,0331;0,0614;2,26E-05;0,307;0,842;101,827;215000;4;38,11169;7;1;6
Money;KMFDM;spotify:track:6EKrKfhgmQy5rHwNuXADH8;0,493;0,915;2;-4,95;1;0,0445;2,72E-05;0,108;0,8;0,286;178,151;330093;4;24,22331;17;0;6
Monroe's Hornpipe;The Bluegrass Album Band;spotify:track:0uVLFiXalgRPbVLLmt8FBO;0,493;0,775;9;-9,283;1;0,0304;0,648;0,956;0,0811;0,955;139,217;180667;4;36,34441;11;0;6
Monster Jam;Spoonie Gee Meets The Sequence;spotify:track:2UyoRef5vZttyPKfYRAQ4J;0,882;0,914;4;-6,324;0;0,16;0,449;0;0,106;0,81;106,672;530067;4;49,22166;21;0;6
Moonlight On Water;Laura Branigan;spotify:track:21J5SyEJkfFG3dvuNXra2n;0,711;0,937;6;-3,235;1;0,0536;0,236;0,0481;0,51;0,931;126,067;279346;4;33,29581;12;1;6
More Mess on My Thing;The Poets Of Rhythm;spotify:track:3HgPOHHJWnMfv1Zw27Jh2V;0,542;0,869;0;-6,18;1;0,0954;0,225;0,891;0,0453;0,962;190,509;252000;4;41,01328;12;0;6
Morning Broadway;Keith Mansfield;spotify:track:0laaEWjPcgAoEOcL8gIHJN;0,758;0,528;0;-10,094;1;0,0426;0,32;0,346;0,102;0,686;94,373;101133;4;17,67694;5;0;6
Mr. Vain;Culture Beat;spotify:track:4ih3dyFZoeTdaeJW9mPbOI;0,703;0,997;9;-7,666;0;0,0399;0,0726;0,0235;0,123;0,391;132,872;257467;4;20,68683;14;1;6
Mulemba Xangóla;Bonga;spotify:track:5uS6DX0QD19U5Bz6Q2rVeu;0,73;0,918;6;-9,193;0;0,07;0,0575;0,269;0,0621;0,946;119,753;349960;4;30,55625;14;0;6
Murder She Wrote;Chaka Demus & Pliers;spotify:track:1HGyhNaRUFEDBiVLbvtbL6;0,883;0,733;11;-9,153;0;0,128;0,161;0,00026;0,334;0,947;95,103;245000;4;52,18347;13;1;6
Music for Alpha Waves. Assorted Percussion. and Automated Coded Relays;Alvin Lucier;spotify:track:7yPZ0GWuRTsXPFZ23CfCy9;0,48;0,266;5;-23,162;1;0,076;0,0108;0,07;0,117;0,217;73,981;244533;3;47,25004;8;0;6
Music Sounds Better With You;Stardust;spotify:track:303ccTay2FiDTZ9fZ2AdBt;0,735;0,72;1;-7,04;1;0,336;0,00105;0,15;0,382;0,364;124,174;403293;4;62,9348;17;1;6
Musica ricercata: No. 7. Cantabile. molto legato;György Ligeti;spotify:track:3mWP6hxaJJUwrq3XPrL5Io;0,278;0,00897;10;-35,603;1;0,0328;0,986;0,781;0,0717;0,598;110,174;244120;3;44,81627;14;0;6
My Baby Mama;QT;spotify:track:0Ib6Harf3hHKOwXGeHaM5O;0,688;0,519;2;-8,629;1;0,0421;0,114;0;0,0565;0,385;124,125;250973;4;35,78429;8;1;6
My Bucket's Got A Hole In It;Kid Ory;spotify:track:6P24Hq4lGoO8WU8MiCfoag;0,685;0,409;5;-13,102;1;0,0737;0,491;0,228;0,631;0,864;138,635;295133;4;20,89579;13;0;6
My Favorite Mistake;Sheryl Crow;spotify:track:1LAW7bK2NUJfrnmy2KRCs3;0,613;0,754;4;-8,191;0;0,0318;0,00594;0,000318;0,33;0,576;104,651;245093;4;58,98659;10;1;6
My Funny Valentine;Ben Webster;spotify:track:7LdrTu0apcwGJi3B5WWYnk;0,54;0,0692;3;-15,105;1;0,052;0,945;0,298;0,147;0,38;72,984;204760;3;69,246;9;0;6
My Heart Belongs To You;Russ Irwin;spotify:track:1s0VBhLgxZJpC6M9uncj4e;0,491;0,34;3;-12,18;1;0,0293;0,645;1,46E-06;0,112;0,226;133,305;240933;4;40,18406;13;1;6
My Little Secret;Xscape;spotify:track:0mIuIBLkaRvPCz6A0mPqbM;0,814;0,431;8;-9,125;1;0,0936;0,371;0;0,335;0,542;129,957;268040;4;32,19452;14;1;6
My Lovin' (You're Never Gonna Get It);En Vogue;spotify:track:3R97rNX7JnmshCWBwOSFet;0,767;0,839;8;-5,519;1;0,0613;0,0318;9,31E-06;0,111;0,461;98,055;281613;4;49,1033;12;1;6
My Name Is;Eminem;spotify:track:75IN3CtuZwTHTnZvYM4qnJ;0,869;0,68;1;-6,233;1;0,318;0,0416;1,12E-06;0,0914;0,815;85,519;268400;4;101,41937;8;1;6
My Sweet Fracture;Saves The Day;spotify:track:18WaFfdur1fnT7HORnS8nm;0,407;0,648;9;-5,078;1;0,0468;0,00899;0;0,343;0,586;143,061;232320;4;30,87459;10;0;6
My Up And Down;Adina Howard;spotify:track:3XmaNnRquEYkDjw2ODrjjz;0,712;0,647;8;-4,149;1;0,0987;0,206;1,05E-06;0,046;0,7;140,216;221093;4;44,03005;8;1;6
Mystic Land;Yoshihisa Hirano;spotify:track:4s6LQZD3XWFJCZWrLsP4xL;0,543;0,182;0;-23,049;1;0,0289;0,737;0,858;0,11;0,363;82,033;91907;4;41,81026;6;0;6
Naima;Pharoah Sanders;spotify:track:2YlpSkS6AsF26XRRAtp32M;0,259;0,47;8;-15,241;1;0,042;0,0408;0,237;0,0979;0,396;79,972;367307;4;36,61866;17;0;6
Nann;Trick Daddy Featuring Trina;spotify:track:7d9I42jF759n5HuUeoulzR;0,837;0,819;2;-5,245;1;0,211;0,000507;0;0,323;0,643;149,918;167400;4;23,59781;9;1;6
Nao enche;Caetano Veloso;spotify:track:5X7YQ1Wp36sNprUKZSPLFK;0,816;0,723;5;-8,42;0;0,0656;0,223;8,13E-05;0,0591;0,926;93,953;210133;4;34,13147;11;0;6
Não Transo Mais (Parte 1);Made In Brazil;spotify:track:2kWO6D5F9R0lQbqfmtTVGA;0,356;0,879;9;-7,415;1;0,0539;0,00441;2,90E-06;0,377;0,758;172,554;149133;4;22,95385;7;0;6
Naomi;Neutral Milk Hotel;spotify:track:64uuKDv6dm6PuUOA3PBQaS;0,122;0,481;9;-11,713;1;0,0361;0,0202;3,10E-06;0,253;0,316;175,238;293067;4;23,46198;14;0;6
Need You Around;Smoking Popes;spotify:track:2eVS6981nLGiBo3Hb5TntY;0,439;0,883;9;-7,625;1;0,0453;0,000111;0,513;0,104;0,527;108,183;222093;4;44,01626;12;0;6
Nervos de Aço;Joanna;spotify:track:0NbC9rdpSQ6ByxaHWWjs76;0,711;0,395;11;-11,124;0;0,0537;0,613;0;0,319;0,417;118,086;217373;4;30,58381;14;0;6
Never Enough;The Cure;spotify:track:7mMRFDHJRFjkvEoEx5u6jK;0,507;0,988;7;-3,877;1;0,133;0,0658;0,006;0,333;0,482;100,747;268200;4;65,16117;12;1;6
Never Ever;All Saints;spotify:track:5FTz9qQ94PyUHETyAyfYZN;0,738;0,541;1;-5,485;1;0,0311;0,559;0;0,0492;0,309;134,187;387573;4;32,16853;16;1;6
Never Gonna Let You Go;Faith Evans;spotify:track:0wqocHOZg8odmys7DOyVER;0,644;0,443;1;-7,308;0;0,0295;0,442;0;0,117;0,0534;109,936;267400;4;20,46532;12;1;6
Never Leave Me Alone;Nate Dogg Featuring Snoop Doggy Dogg;spotify:track:6lah2pPQVdTsfoMSHkyYmn;0,821;0,549;8;-3,591;1;0,0371;0,0437;0;0,0737;0,963;100,023;360507;4;30,97036;16;1;6
New Shiny Shoes;Sandra McCracken;spotify:track:0IhBJgpOvZWVbNoyN1T1A9;0,687;0,532;10;-10,818;1;0,0272;0,108;0;0,146;0,701;114,011;230853;4;35,66211;11;0;6
Nicety;Michel'le;spotify:track:1vw9MuorZMUxhsQBGsgyo1;0,83;0,712;11;-7,447;1;0,0446;0,0105;0,24;0,049;0,814;103,141;211160;4;56,5586;9;1;6
night & day;The Real Group;spotify:track:4A6reXnn8MJ1niDuhogBdz;0,501;0,159;11;-13,748;0;0,0346;0,877;0;0,694;0,0708;112,121;306133;4;43,18438;13;0;6
No Fool No More;En Vogue;spotify:track:1RhaF2Eq1Zg1zR1MIaY9I1;0,53;0,679;2;-5,987;0;0,0523;0,444;0;0,0728;0,338;76,045;257573;4;35,00537;10;1;6
No Love;The Get Up Kids;spotify:track:0aQktMvylpZq1TePvgCGDv;0,191;0,892;2;-10,574;1;0,224;0,000154;0,0553;0,114;0,627;183,346;184653;4;34,98961;7;0;6
No Mistakes;Patty Smyth;spotify:track:1Ak9nTnQiO4o6CdNWhk7gq;0,691;0,6;9;-9,015;1;0,026;0,0364;0;0,174;0,518;111,366;323427;4;49,76024;12;1;6
No More Tears;Ozzy Osbourne;spotify:track:7w6PJe5KBPyvuRYxFkPssC;0,346;0,749;6;-6,506;1;0,035;0,00167;8,86E-05;0,648;0,315;102,591;443240;4;32,13953;17;1;6
No Myth;Michael Penn;spotify:track:4SZozsPsG0vJ2Ti8BGxKsR;0,633;0,795;0;-7,617;1;0,0319;0,054;8,83E-05;0,34;0,833;103,504;250813;4;72,89685;10;1;6
No Ordinary Love;Sade;spotify:track:42vYxMAWsFpBOS7hgAdzqW;0,629;0,364;11;-12,259;0;0,038;0,468;0,0198;0,0941;0,699;166,254;440467;4;36,34936;21;1;6
No Pigeons;Sporty Thievz Featuring Mr. Woods;spotify:track:6r78MF6BFaeEG8rBw9Y5nQ;0,79;0,656;8;-11,13;0;0,301;0,00913;0;0,131;0,498;95,583;206240;4;49,58662;9;1;6
Nobody Loves Like an Irishman;Lonnie Donegan & His Skiffle Group;spotify:track:7tA4GTABzMgAU2ByqwQYyY;0,664;0,448;7;-11,7;1;0,148;0,715;0;0,0839;0,68;79,814;163427;4;30,24634;9;0;6
Nocturne No. 2 in E-Flat Major. Op. 9 No. 2;Frédéric Chopin;spotify:track:2TB6PQkgnw9rrFRK4VOOrC;0,411;0,0487;10;-25,68;1;0,0383;0,985;0,918;0,0944;0,101;128,856;248933;1;30,7052;16;0;6
Not Enough Time;INXS;spotify:track:4nwgKaHg9TJahiSSmt3X1x;0,668;0,727;2;-5,679;1;0,0414;0,0447;0,0104;0,45;0,287;96,006;250653;4;41,34331;12;1;6
Nothing Else Matters;Apocalyptica;spotify:track:3uErbNGaNIPJkRlMrLxR9Z;0,346;0,198;2;-12,208;0;0,0334;0,566;0,893;0,0958;0,163;138,103;285533;3;30,8848;14;0;6
Notorious B.I.G.;The Notorious B.I.G. Featuring Puff Daddy & Lil' Kim;spotify:track:5ByAIlEEnxYdvpnezg7HTX;0,889;0,816;9;-4,67;1;0,247;0,472;0;0,204;0,777;96,056;302693;4;19,67192;11;1;6
Now And Forever;Richard Marx;spotify:track:2V2pxcEfn5zs79sE7qcewA;0,441;0,258;7;-11,227;1;0,0276;0,661;0;0,106;0,172;77,988;214827;1;38,26672;11;1;6
Now That We Found Love;Heavy D & The Boyz;spotify:track:1KONmY3enP3r3nIPQidWAy;0,744;0,697;8;-14,753;1;0,0631;0,039;0;0,171;0,683;119,955;258200;4;24,91855;13;1;6
Nuttin' But Love;Heavy D & The Boyz;spotify:track:43JSZNyRzLa3nD9W0hfD48;0,731;0,499;11;-13,619;0;0,374;0,0527;0,0015;0,0362;0,47;202,675;213733;4;35,99987;10;1;6
O Come All Ye Faithful / O Holy Night - Instrumental;Trans-Siberian Orchestra;spotify:track:0272R2KNbzGpLnXGAWTfZo;0,123;0,545;5;-8,333;1;0,0299;0,00877;0,373;0,129;0,155;168,829;259373;3;33,37925;14;0;6
O Grande Amor;Antônio Carlos Jobim;spotify:track:2D5UIphZ0ViZBvOiiY1WQI;0,49;0,119;2;-18,107;0;0,0418;0,967;0,322;0,122;0,277;129,483;326493;4;19,59134;12;0;6
O Sol Nascerá (A Sorrir);Cartola;spotify:track:4M2j1X47FwMozJrnJHnYNm;0,69;0,613;7;-11,531;1;0,0332;0,554;0;0,0673;0,919;100,937;97200;4;39,63801;5;0;6
Offering;John Coltrane;spotify:track:0oMc5phoblKOZBrrgqq6K1;0,312;0,681;11;-11,445;1;0,32;0,644;0,00105;0,12;0,597;46,185;502760;4;42,78978;17;0;6
Oh Girl;Paul Young;spotify:track:0YqhqbLNpfQetrwuLaVTiK;0,57;0,575;9;-7,032;1;0,0318;0,267;0;0,0823;0,421;135,903;216373;4;33,2269;11;1;6
Oh. No! What We Gonna Do?;VeggieTales;spotify:track:6u5TlYfQeYthV5Fk8AILLl;0,769;0,55;4;-8,186;1;0,416;0,375;0;0,11;0,632;90,872;119107;4;82,33543;5;0;6
Oirectine;Boards of Canada;spotify:track:6FGxhUgXzsj98rI7Yo915Z;0,826;0,47;1;-11,804;1;0,0646;0,225;0,951;0,111;0,174;106,099;311133;4;75,99269;10;0;6
Ol' Man River;Bix Beiderbecke;spotify:track:03TEcM6nlUR7cwCeqBeAtL;0,638;0,163;3;-15,787;1;0,136;0,995;0,521;0,268;0,791;169,973;177800;4;39,56903;8;0;6
Old To The New;Nice & Smooth;spotify:track:1eyHkqk22jB7DVr7kGXFs8;0,77;0,878;10;-6,734;0;0,0531;0,0052;0,000264;0,0857;0,468;100,418;253333;4;49,41261;12;1;6
On Bended Knee;Boyz II Men;spotify:track:7MYmo0JJJDmu4MZTSAF9y3;0,631;0,516;8;-8,225;1;0,0353;0,413;0;0,115;0,18;116,654;329800;4;43,33309;14;1;6
On Point;House Of Pain;spotify:track:2h5hQFc6tPJO3O1tz0bSkY;0,814;0,537;1;-10,198;1;0,0691;0,0464;0,000319;0,0928;0,556;104,21;228867;4;46,72614;13;1;6
On the Rhodes Again;Morcheeba;spotify:track:4QYa5naZ0xJpPqzmApbVh4;0,396;0,766;7;-8,895;1;0,133;0,302;0,926;0,244;0,127;75,051;431267;4;88,9491;11;0;6
Once Upon the Cross;Deicide;spotify:track:3fsOBwBwxBB4j1IFhh3s9V;0,205;0,95;10;-8,498;0;0,132;1,93E-05;0,805;0,212;0,314;184,43;214213;4;29,82403;8;0;6
One And Only Man;Steve Winwood;spotify:track:3Mjn7q1ubHIhTGwciFMrB9;0,606;0,87;2;-9,012;0;0,0282;0,0119;0,00386;0,127;0,855;104,99;302733;4;40,12425;13;1;6
One More Try;Kristine W;spotify:track:4fMPX87j0CHJCOJ3QtKe5P;0,71;0,768;0;-6,949;1;0,0345;0,327;0,00329;0,162;0,237;126,122;268267;4;46,41828;8;1;6
One Of Us;Joan Osborne;spotify:track:1xNmF1Uep5OGutizZSbKvd;0,316;0,499;9;-7,899;1;0,0298;0,0108;1,81E-05;0,126;0,403;174,782;320467;4;38,6325;15;1;6
One Way Ticket;Mr. Review;spotify:track:0MWuLiXqxPiQIGTCjstLgL;0,696;0,896;9;-9,134;1;0,0332;0,165;0,00591;0,121;0,981;166,978;234573;4;44,20047;10;0;6
One Week;Barenaked Ladies;spotify:track:29hBRadFZf9QTGRHZmxm65;0,702;0,898;9;-6,003;1;0,0373;0,00854;0,000154;0,0917;0,731;112,845;169760;4;45,25342;8;1;6
Only Time Will Tell;Nelson;spotify:track:7FcRdUa2ypO4W6MAiVNUxz;0,455;0,417;0;-16,817;0;0,0303;0,316;1,44E-06;0,0608;0,464;142,25;233718;4;44,31658;10;1;6
Only Wanna Be With You;Hootie & The Blowfish;spotify:track:1OFKUn2VLafrHj7ybnap0Q;0,49;0,873;6;-5,861;1;0,0355;0,107;5,19E-06;0,118;0,513;103,272;229587;4;42,4438;10;1;6
Ooh Aah... Just A Little Bit;Gina G;spotify:track:7kyMLaXepcGHIrsLqoiTB8;0,647;0,942;1;-7,101;1;0,0341;0,626;0,168;0,0411;0,937;130,978;203120;4;22,43208;11;1;6
Ordinary Story;In Flames;spotify:track:0Lc3diklqgtWER4cnESn8u;0,439;0,983;3;-4,911;1;0,123;1,31E-05;0,319;0,183;0,262;156,977;256333;4;34,18605;9;0;6
Ordinary World;Duran Duran;spotify:track:0wokCRaKD0zPNhMRXAgVsr;0,472;0,652;1;-10,171;0;0,0305;0,0131;1,12E-05;0,14;0,401;140,124;340200;4;66,99943;14;1;6
Our Delight;Jan Lundgren Trio;spotify:track:6VIs7tIJ6XkFvQMAnbo7Nw;0,464;0,443;10;-14,391;0;0,0361;0,743;0,0773;0,713;0,641;112,944;239707;4;117,39012;5;0;6
Out Of My Head;Fastball;spotify:track:5tOjRq5shlEdm15nmJBq7Z;0,531;0,658;4;-7,382;1;0,0382;0,412;0,00272;0,16;0,461;78,896;153067;4;65,61959;7;1;6
Overture And A Prisoner Of The Crusades (From Chains To Freedom);Michael Kamen;spotify:track:15j9XMtlPVsJpqCrDTv0MW;0,187;0,264;0;-15,162;1;0,035;0,73;0,752;0,104;0,0977;145,012;507560;4;40,16228;22;0;6
Oye Mi Canto (Hear My Voice);Gloria Estefan;spotify:track:61ZYmGnSp4eStNQGutEOCX;0,671;0,684;7;-12,216;1;0,0391;0,245;0,00406;0,0592;0,886;119,525;291200;4;17,62856;13;1;6
Paroles paroles;Dalida;spotify:track:4VvTGipG8YaF09z0kfGqaD;0,567;0,549;5;-9,727;0;0,0464;0,727;0;0,136;0,399;125,176;245667;4;57,17115;12;0;6
Parras;Los Strwck;spotify:track:1SaEaa5kyQIuAgZCHzIrfV;0,441;0,77;4;-6,491;1;0,0413;0,59;4,17E-06;0,26;0,906;97,342;170080;4;78,61079;5;0;6
Peach;Beborn Beton;spotify:track:61u4h6IUG74LyvxzmvFToc;0,632;0,852;0;-8,265;1;0,037;0,0235;0,122;0,056;0,559;125,009;270187;4;39,4452;15;0;6
Peaches;The Presidents Of The United States Of America;spotify:track:3VEFybccRTeWSZRkJxDuNR;0,417;0,849;1;-4,199;0;0,0481;0,0146;0,000387;0,0673;0,594;94,267;171693;4;37,28005;7;1;6
Pearl - Edit;Chapterhouse;spotify:track:0kCzcpTLcdi6ClEI2x28hb;0,41;0,885;2;-7,042;1;0,0351;0,000104;0,807;0,307;0,618;100,047;290800;4;24,78784;11;0;6
Peer Gynt Suite No.1 op. 46 In the Hall of the Mountain King (Alla marciia e molto marcato);Academy of St. Martin in the Fields;spotify:track:3ejpnLTJJeeMe2K7V95iIn;0,392;0,156;4;-18,118;0;0,0385;0,953;0,956;0,0843;0,535;132,058;145467;4;19,79342;8;0;6
Pepito en el Nacional;Acerina Y Su Danzonera;spotify:track:1cQgNSKnylErAP4pZjrxxx;0,543;0,449;2;-11,012;1;0,0611;0,488;0,15;0,0323;0,79;135,465;133040;4;46,51646;7;0;6
Piano Sonata No. 2: 4. Vif;Pierre Boulez;spotify:track:0LPDTd3IP91H1pjEvKS5iA;0,507;0,101;7;-20,403;0;0,0446;0,986;0,808;0,257;0,183;75,369;612000;3;53,6798;23;0;6
Picaíto;Los Angeles Azules;spotify:track:6gQFGdm1bCupAUiLHi6w5e;0,798;0,699;5;-4,611;1;0,0598;0,385;0,000501;0,0494;0,67;94,501;133360;4;19,42819;9;0;6
Pico De Gallo;Trout Fishing in America;spotify:track:57vDkCw1lLLJ43NvRG5it2;0,577;0,584;9;-7,788;1;0,0438;0,387;0;0,775;0,836;136,938;188627;4;35,79662;11;0;6
Piedra;Caifanes;spotify:track:3UvB63cZSpGUL3LvAj03dI;0,643;0,816;7;-8,535;1;0,0476;0,0357;7,28E-05;0,218;0,616;115,061;276067;4;31,51525;14;0;6
Pimp Of The Year;Dru Down;spotify:track:5f8KgDZ8aQKQii0U1qdRbC;0,931;0,513;2;-4,655;1;0,263;0,108;0,000435;0,272;0,3;101,064;254093;4;37,20501;13;1;6
Ping Pong - Remastered;Art Blakey & The Jazz Messengers;spotify:track:1cjVMCYoLlzZ6AeC6fUvZJ;0,505;0,534;5;-10,919;0;0,043;0,503;0,000231;0,0872;0,595;119,209;426867;4;39,17422;18;0;6
Pink;Aerosmith;spotify:track:74uGhWp4BYpjFj1V2DzgoO;0,431;0,751;0;-5,124;1;0,0423;0,0134;4,45E-06;0,126;0,777;171,848;235360;4;69,74034;10;1;6
Plasma;Plas Johnson;spotify:track:6aBzhEJA2KZpkiUeLdr1L6;0,607;0,205;0;-14,275;0;0,0378;0,141;0,909;0,0635;0,569;116,09;162907;1;27,11763;9;0;6
Please;The Kinleys;spotify:track:3rbzfdva1BcGF5ZZ8xGf6U;0,562;0,54;4;-6,351;1;0,0259;0,557;0;0,0948;0,277;140,77;214827;4;42,79858;11;1;6
Please Don't Go;Boyz II Men;spotify:track:6wpz7aQOAk2plmGYrSr61H;0,644;0,663;6;-12,847;0;0,0454;0,197;0;0,302;0,743;135,622;263960;4;18,85266;14;1;6
Please Don't Go;K.W.S.;spotify:track:41DTJjf2ZT7dTuZOKBNKbb;0,725;0,954;8;-7,234;1;0,0375;0,0437;0,0857;0,132;0,594;120,248;373600;4;33,30201;14;1;6
Please Return;The Black Devils;spotify:track:4dCUSNs3PClT7ThKrBtDsT;0,717;0,395;4;-10,693;1;0,0266;0,786;0,000246;0,155;0,512;111,682;217333;3;30,60704;14;0;6
Pluto;Björk;spotify:track:03794FHTruV54i92ZvNESw;0,584;0,823;8;-4,572;1;0,157;0,00227;0,349;0,0754;0,323;148,068;199240;4;39,46298;9;0;6
Poison;Alice Cooper;spotify:track:5XcZRgJv3zMhTqCyESjQrF;0,28;0,908;2;-5,509;0;0,109;0,0327;8,85E-06;0,18;0,26;118,698;270080;4;36,90502;10;1;6
Poison;Bell Biv DeVoe;spotify:track:6m59VvDUi0UQsB2eZ9wVbH;0,84;0,56;6;-10,53;0;0,21;0,00195;0,00417;0,633;0,775;111,815;261853;4;38,13758;13;1;6
Pomeroy Mountain;Angry Johnny and the Killbillies;spotify:track:6g8EpamrbtVKNOcsodJPEr;0,669;0,564;7;-11,133;1;0,0284;0,433;2,08E-05;0,157;0,946;134,285;302107;4;54,67647;12;0;6
Pop Loser;Velocity Girl;spotify:track:1ffCS0pYwGoNArwqFS0iGp;0,588;0,835;9;-8,511;0;0,0301;0,0808;0,00752;0,13;0,978;127,494;144840;4;30,52254;8;0;6
Pop Place;Trashcan Sinatras;spotify:track:1XQJJ4nnvYlOurbq8T0FvT;0,638;0,609;2;-7,084;1;0,0251;0,109;0;0,152;0,874;110,551;188400;4;28,07624;11;0;6
Post Houmous;Morcheeba;spotify:track:3TcPdLmJd4bkexN5QeZwre;0,703;0,359;7;-11,785;1;0,0505;0,0822;0,93;0,11;0,0701;92,068;108306;4;56,70848;5;0;6
Potion No. 1;Den Baron;spotify:track:4K9PdqmNLi1fO94TnEez6G;0,353;0,883;0;-8,561;1;0,043;0,00911;0,151;0,053;0,564;119,288;188933;5;34,69665;8;0;6
Powerful Thing;Trisha Yearwood;spotify:track:726S7vART4JYDbwIZwvHEm;0,614;0,868;2;-3,97;1;0,0459;0,413;0;0,0366;0,956;147,978;176920;4;37,24591;9;1;6
Pra Você Gostar de Mim;Vital Farias;spotify:track:6sCSDp0N4T8RQqWbepEuog;0,383;0,38;3;-11,156;1;0,0308;0,799;0,00164;0,171;0,539;139,827;259374;3;38,49459;13;0;6
Praying For Time;George Michael;spotify:track:7CgRXXie9XIxVSkpKi40ID;0,581;0,622;10;-14,878;1;0,0354;0,0471;0,0162;0,0915;0,257;127,814;280981;4;26,52636;13;1;6
Prelude and Story;Tony Kinsey;spotify:track:19yNBPOlv3pLFKZ1zoA6yE;0,295;0,209;5;-13,146;1;0,0348;0,916;0,00154;0,138;0,0786;126,328;362600;4;52,82156;18;0;6
Pretty Fly (For A White Guy);The Offspring;spotify:track:3SFXsFpeGmBTtQvKiwYMDA;0,723;0,895;11;-3,707;0;0,102;0,088;0;0,0717;0,963;143,373;188667;4;16,83781;11;1;6
Prints Tie;Bobby Hutcherson;spotify:track:6FERZX07fqebws3FeqChTl;0,331;0,254;6;-15,98;1;0,0339;0,824;0,52;0,0911;0,229;83,94;449600;3;65,76794;19;0;6
Promentory;Trevor Jones;spotify:track:0l4seNH8AyE2kvjxFfpWi1;0,183;0,235;2;-17,632;0;0,0366;0,000117;0,857;0,136;0,037;107,603;373173;4;33,3797;22;0;6
Punk Rock 101;Diesel Boy;spotify:track:4TM8FBojGAfApm4n109A72;0,327;0,906;1;-6,617;0;0,0719;3,28E-05;1,11E-05;0,0655;0,342;102,413;106333;3;20,69348;6;0;6
Punta Del Soul;Dave Grusin;spotify:track:28I3FVjb1eeOfNmyZl3gdJ;0,703;0,507;5;-11,195;1;0,0399;0,131;0,683;0,0501;0,603;82,885;331400;4;24,34;11;0;6
Que Inhumano;Los Superclasicos;spotify:track:4Iv3HGBWhM59CzZlfMyLiq;0,583;0,34;10;-15,228;1;0,0344;0,79;3,42E-06;0,0793;0,688;111,083;149827;4;27,8855;7;0;6
Quem Quiser Encontrar O Amor;Tamba Trio;spotify:track:5kHStdKoIKWa6c06nGRdrp;0,386;0,292;7;-18,672;1;0,0293;0,847;0,332;0,234;0,381;90,72;179160;4;43,08369;8;0;6
Quincy Punk Episode;Spoon;spotify:track:51JuqDiKjIh09lVOTNg4QG;0,488;0,972;9;-7,017;0;0,0688;0,00855;0,00116;0,286;0,602;162,833;138053;4;21,33321;9;0;6
R-9;Cybotron;spotify:track:4lbgRLLrmnxbM3Kbb6KaiU;0,636;0,87;6;-13,175;0;0,061;0,0033;0,396;0,103;0,64;124,325;314107;4;21,66429;15;0;6
Ram It Down;Judas Priest;spotify:track:3LsIuCbWHtl78X3nrTQl4O;0,309;0,983;2;-5,991;1;0,115;0,000809;0,00596;0,278;0,146;141,71;288520;4;21,30834;10;0;6
Reach;Gloria Estefan;spotify:track:5XA5gILkpyVfHuoBLl9kfN;0,451;0,832;5;-5,371;0;0,0429;0,314;0;0,0722;0,435;156,104;230133;4;23,3596;11;1;6
Reach For The Sky;Firehouse;spotify:track:4T2CCZX2QjiREym8lZ2G4v;0,562;0,891;1;-8,283;1;0,0361;1,21E-05;0,0588;0,0858;0,524;132,569;286733;4;31,92332;8;1;6
Ready To Go;Republica;spotify:track:5Qt8U8Suu7MFH1VcJr17Td;0,559;0,953;2;-4,657;1;0,0568;0,000283;0,188;0,187;0,236;130,053;301067;4;38,21508;8;1;6
Real Hip Hop;Das EFX;spotify:track:7Kutf53V4k0CvU4nKu5oK6;0,858;0,76;4;-7,895;0;0,254;0,0217;0;0,322;0,951;93,082;247613;4;30,41843;11;1;6
Really Doe;Ice Cube;spotify:track:1P1drZCIcMAqTMbO2DzImN;0,773;0,737;8;-8,314;1;0,146;0,00993;0,0234;0,295;0,691;96,909;268160;4;21,10311;12;1;6
Recover Your Soul;Elton John;spotify:track:6FGfXPvZ8sMpq1xd75FHXp;0,725;0,653;7;-9,365;1;0,0238;0,134;0,00675;0,272;0,582;103,003;318040;4;25,0056;17;1;6
Red Clay Halo;The Nashville Bluegrass Band;spotify:track:1bsAluHXof40bcq8CtEunj;0,678;0,386;0;-11,385;1;0,0341;0,864;0,00179;0,213;0,667;129,564;173533;4;38,50535;9;0;6
Red Light Blues;Tony Kinsey;spotify:track:0o16V4x9u5XpDBJK4vq9wZ;0,517;0,0939;7;-20,157;0;0,0431;0,766;0,13;0,173;0,5;93,95;229973;4;48,79887;13;0;6
Red Light Fever;Demented Are Go;spotify:track:5LRNpyL4VvbFY86H9JxeJm;0,266;0,98;7;-4,775;0;0,113;3,82E-06;0,712;0,105;0,208;119,43;124933;4;49,23172;7;0;6
Refractive Light / Harbinger;David Behrman;spotify:track:4MdcUJvtJKe7TDYoRaVmXb;0,22;0,0512;7;-23,172;1;0,0433;0,989;0,835;0,0785;0,0352;99,038;63867;4;39,35029;4;0;6
Regret;New Order;spotify:track:1UVll7jjUlqSGxCZ6uXVaD;0,506;0,931;5;-5,635;1;0,0305;0,00146;0,0227;0,27;0,865;129,568;248973;4;42,28143;11;1;6
Release Me;Angelina;spotify:track:0Adj9fQY9QurLs8xs1aFBG;0,869;0,732;8;-5,405;1;0,0559;0,0162;5,74E-05;0,0627;0,944;130,064;237267;4;43,6293;9;1;6
Release Me;Wilson Phillips;spotify:track:1rIy3lkFJnMsTLZpxFmYU8;0,724;0,471;0;-11,143;1;0,0358;0,448;2,50E-06;0,218;0,442;97,211;295693;4;47,65505;12;1;6
Revolution Rock;Los Fabulosos Cadillacs;spotify:track:5RZK7quU1v0QaZYulNfw3G;0,549;0,915;0;-6,737;1;0,0669;0,0813;0,000316;0,0285;0,87;172,12;296040;4;36,52387;14;0;6
Rhythm Of Love;DJ Company;spotify:track:73qjbJcnWtMySl3HIvgnd4;0,552;0,868;1;-8,242;1;0,0347;0,00138;0,114;0,17;0,797;142,013;230360;4;21,07611;12;1;6
Rhythm Of My Heart;Rod Stewart;spotify:track:6pceknxOgA22HKs99yPEm1;0,582;0,54;1;-11,021;1;0,0321;0,0621;0;0,178;0,433;94,955;254867;4;21,41833;12;1;6
Right Here;SWV;spotify:track:7tUEDtHchueeUJTfEFEhii;0,615;0,72;9;-5,16;0;0,0658;0,068;0,0105;0,0889;0,696;94,002;226947;4;23,08257;12;1;6
Riverside Special;African Jazz Pioneers;spotify:track:5eAOYzJ9q6Q7Z25Yml5UTc;0,567;0,856;5;-5,095;1;0,052;0,665;0,469;0,11;0,902;113,641;384813;4;45,09151;15;0;6
Rock And Roll Dreams Come Through;Meat Loaf;spotify:track:452fSzvkB2A8FHVI4JKK2S;0,564;0,888;0;-3,389;1;0,0329;0,169;0,000101;0,182;0,461;112,234;350867;4;39,56157;15;1;6
Rock n' Roll;Suicide;spotify:track:1MZ2PkMHIdEiGo8yLtZCiy;0,251;0,34;10;-15,731;0;0,0356;0,000124;0,734;0,11;0,0315;101,663;314733;4;67,56562;8;0;6
Rock para los Dientes - En Vivo;Patricio Rey y sus Redonditos de Ricota;spotify:track:7lqQj0Be4i6JV65jSlSrsX;0,455;0,98;4;-3,699;0;0,0766;0,201;0,0165;0,989;0,601;111,267;212307;4;73,57953;7;0;6
Rock-n-roll - это не работа;Alisa;spotify:track:43YE3dS5p9Gf4wmkPwn4yn;0,496;0,869;9;-7,754;1;0,118;0,179;4,00E-06;0,328;0,559;115,275;254240;4;31,46344;7;0;6
Roll To Me;Del Amitri;spotify:track:7LF0YY1gON8rBECsyEs0Wb;0,567;0,821;6;-5,894;1;0,0371;0,418;0;0,108;0,895;150,106;132307;4;83,96083;6;1;6
Romance No. 2 In F Major. Op. 50 : Romance No. 2 In F Major. Op. 50;Takako Nishizaki;spotify:track:2bVFtinPWr6qKEapuQeSo6;0,148;0,0512;5;-23,233;1;0,0463;0,964;0,292;0,303;0,0706;185,749;593467;4;47,02557;27;0;6
Romantic Call;Patra Featuring Yo-Yo;spotify:track:1siSzxLE2nCUZ4VYTMbCQT;0,802;0,608;10;-10,169;0;0,255;0,0174;0,0174;0,0761;0,766;98,439;243093;4;47,923;11;1;6
Romeo;Dino;spotify:track:7xez8LRby1hw2nBvse9E9e;0,668;0,892;7;-6,767;0;0,0775;0,0766;1,00E-05;0,135;0,899;108,237;256733;4;104,88036;8;1;6
Rosealia;Better Than Ezra;spotify:track:2NlX2HYLvnqpD8v1sBOUyK;0,392;0,676;7;-11,914;1;0,0327;0,00567;0,000111;0,155;0,548;120,926;278973;4;164,10108;5;1;6
Rothko Chapel 5;Morton Feldman;spotify:track:3ci95cJaK7fYZN3o9YBTXf;0,168;0,00198;9;-40,147;0;0,0493;0,98;0,957;0,104;0,0279;69,344;172867;3;32,46112;10;0;6
Run Away;Real McCoy;spotify:track:0ibYVniVLMJWvc3eNfYk8T;0,721;0,924;1;-8,282;1;0,0396;0,000683;0,00382;0,0817;0,694;130,947;244133;4;29,70752;12;1;6
Run-Around;Blues Traveler;spotify:track:500Tkm3vJmVtdUwdCVxCTb;0,629;0,867;7;-7,307;1;0,0603;0,0865;0;0,126;0,876;151,695;279800;4;19,30139;16;1;6
Runaway;The Corrs;spotify:track:6csX1JjmeoLhGqMBXGnZF0;0,423;0,598;5;-7,443;1;0,0268;0,641;1,24E-06;0,34;0,521;151,972;265133;3;31,42707;11;1;6
Runaway Train;Soul Asylum;spotify:track:3TW48DvQ7ChwY1Yy1tkMaP;0,613;0,72;0;-7,957;1;0,0425;0,0132;0;0,104;0,561;117,341;265867;4;26,84971;11;1;6
Said I Loved You...But I Lied;Michael Bolton;spotify:track:2nfMrwg3aRhSAv4HX7IzJL;0,547;0,569;10;-8,644;1;0,0271;0,189;7,05E-06;0,156;0,432;159,713;304867;4;38,744;13;1;6
Sails;Nikki Iles;spotify:track:5AsOna1ZTeM4BmHRgT3iHe;0,438;0,00343;2;-30,785;0;0,0438;0,996;0,711;0,0796;0,459;74,291;122467;3;83,84389;4;0;6
Same Old Look;Jimmy Ryser;spotify:track:7sCkSxXhbq0HlXHAx7RPIS;0,554;0,927;7;-6,103;1;0,0351;0,0309;3,26E-06;0,206;0,531;125,023;276360;4;14,95971;13;1;6
Santa's A Fat Bitch;Insane Clown Posse;spotify:track:2h4voue0Zb6X8W902p27sK;0,85;0,546;1;-12,971;1;0,206;0,00574;0;0,719;0,655;94,28;262525;4;46,36628;10;1;6
Sarabande;La Monte Young;spotify:track:1ULw41Hx2vYOBwmmE1E4D2;0,654;0,0027;7;-25,959;1;0,195;0,99;0,945;0,0975;0,0928;97,664;97160;4;35,6256;5;0;6
Sarasate: Zigeunerweisen. Op. 20;Pablo de Sarasate;spotify:track:2st9kwCck5g6hjUwwRGQCE;0,265;0,137;0;-20,642;0;0,0491;0,867;0,132;0,048;0,134;82,954;517707;4;38,97169;22;0;6
Satin Doll;Duke Ellington;spotify:track:02E4skBHp6ZyoEDgXHcQgu;0,611;0,0975;0;-11,57;1;0,0289;0,745;0,856;0,101;0,399;88,835;179333;4;36,48749;6;0;6
Say It;Voices Of Theory;spotify:track:5919i3Sp9U2IE5m7hhlgSw;0,381;0,415;0;-10,298;1;0,0691;0,675;0;0,0795;0,257;61,908;269467;3;26,47203;9;1;6
Say It (Over And Over Again);John Coltrane Quartet;spotify:track:0URXszKHiOp6aav1bwYyBi;0,482;0,115;3;-14,606;1;0,035;0,946;0,286;0,256;0,237;66,801;258093;4;58,7767;7;0;6
Say You'll Be There;Spice Girls;spotify:track:1yTQ39my3MoNROlFw3RDNy;0,726;0,679;1;-6,219;1;0,0473;0,0149;1,49E-06;0,0837;0,751;107,02;235973;4;32,66922;9;1;6
Schoenberg: 5 Orchestral Pieces. Op. 16: No. 1 Vorgefühle (Forebodings);Arnold Schoenberg;spotify:track:3aLBmGiKnERrkmKyFMnv2o;0,199;0,254;1;-17,501;1;0,0416;0,88;0,918;0,126;0,152;74,757;132373;4;100,76148;4;0;6
Sci-Fi Wasabi;Cibo Matto;spotify:track:2DkkPE9FFCbNa0cfymZnVi;0,678;0,849;6;-4,183;1;0,141;0,0174;0;0,592;0,424;98,401;223027;4;55,1161;7;0;6
Scoot;Carl-Henrik Norin;spotify:track:19DP3vzCOtPQTkeVaxpRUJ;0,747;0,407;8;-7,692;1;0,0661;0,327;0,559;0,034;0,713;112,707;154427;4;21,08032;8;0;6
Screaming for Vengeance;Judas Priest;spotify:track:1xrZtQGgKrnrbYFWJ1YLmJ;0,391;0,979;9;-5,537;1;0,0936;0,00922;3,43E-06;0,533;0,184;112,928;283907;4;24,75128;13;0;6
Sedalia;Tol & Tol;spotify:track:1CBPHiDlNY1ld9eYHiGPcI;0,679;0,399;5;-14,321;1;0,0336;0,178;0,00679;0,0883;0,777;115,073;206907;4;26,87272;11;0;6
Seeya Later;Boards of Canada;spotify:track:2LDYvpug35TCwdooo62tD2;0,728;0,467;1;-14,021;1;0,252;0,000163;0,903;0,0374;0,367;94,027;252640;4;50,55722;10;0;6
Segura esta Mulher;Silvio Caldas;spotify:track:4KkF4KNWkRFlSW8B5Bulgx;0,821;0,424;7;-11,753;1;0,05;0,925;0;0,364;0,955;119,675;149200;4;36,85945;7;0;6
Sensitivity;Ralph Tresvant;spotify:track:3lRgzwd3g1TewI4zjgbh9V;0,683;0,661;1;-12,823;1;0,0459;0,137;0,557;0,0772;0,707;96,956;281333;4;24,85299;12;1;6
Sexual (Li Da Di);Amber;spotify:track:4jCWcK6PhbnzOCAFJEztUm;0,623;0,898;4;-6,604;0;0,0309;0,000192;0,303;0,138;0,786;130,993;226227;4;30,7697;12;1;6
Shadowboxin';GZA;spotify:track:7bp5DfkdK1OAvNJ1U4HfDA;0,704;0,642;1;-10,11;1;0,39;0,00704;1,43E-06;0,161;0,72;92,09;209973;4;23,7503;12;0;6
Shake Your Bon-Bon;Ricky Martin;spotify:track:1yKDl9K9lrbIFSpPBzEQtb;0,638;0,937;0;-4,642;1;0,0444;0,0942;0;0,327;0,762;100,03;192333;4;22,51275;9;1;6
She - Tous les visages de l’amour;Charles Aznavour;spotify:track:2OxkfL5jW8bvYTCNDLlRSY;0,348;0,393;1;-9,787;1;0,03;0,223;0;0,151;0,357;132,069;153067;4;19,42083;10;0;6
She Made Me;The Brian Jonestown Massacre;spotify:track:1n2LBrEbAJNN5RzKsfkjNI;0,392;0,638;9;-12,827;1;0,0276;0,0484;0,804;0,378;0,51;85,449;282267;4;49,96054;8;0;6
She Was Tall. She Was High;The Pretty Things;spotify:track:1ZBAsM0AIjBaCRwL1iOTIZ;0,444;0,479;7;-9,731;1;0,0341;0,0492;2,28E-05;0,236;0,303;140,192;95840;4;25,19804;7;0;6
She's Always Right;Clay Walker;spotify:track:6TZIPLYJLGXKw7Q4JJ3ujF;0,47;0,53;8;-10,006;1;0,0317;0,354;0;0,19;0,444;142,741;201867;4;39,05795;8;1;6
She's Playing Hard To Get;Hi-Five;spotify:track:3xRbymJj98leHL7K8Y94WS;0,525;0,811;1;-6,148;1;0,0602;0,00847;0;0,266;0,751;199,977;276573;4;41,06696;9;1;6
Shew Beli Bileney;The Roha Band;spotify:track:5VtsZ6AiLHyKrZEkIhbbh7;0,625;0,623;7;-10,101;1;0,0413;0,112;0,00736;0,145;0,657;90,799;326707;4;91,45907;11;0;6
Shine;Collective Soul;spotify:track:6emdJW80SbDBMuHci8PJJn;0,54;0,423;6;-8,799;1;0,0283;0,294;0,0884;0,152;0,353;150,135;306040;4;39,82054;12;1;6
Sho Nuff;Tela Featuring Eightball & MJG;spotify:track:3R5G81gtoO5CcZlRCRKVLk;0,776;0,468;0;-8,35;1;0,144;0,00138;0;0,162;0,233;146,149;308027;4;27,32608;15;1;6
Shoop;Salt-N-Pepa;spotify:track:0Pu71wxadDlB8fJXfjIjeJ;0,939;0,675;0;-7,232;1;0,211;0,0915;0;0,0565;0,795;96,918;248573;4;22,80835;11;1;6
Sign of the Zodiac;Rasputina;spotify:track:418zOsoHsqwLJEJ2zBkgCG;0,335;0,294;2;-12,386;0;0,0359;0,805;0,118;0,113;0,0967;132,112;227000;4;58,92358;8;0;6
Silent Angel - Guitar Version;Axel Rudi Pell;spotify:track:0Cm2s8fuG042WbsiTK2lMD;0,157;0,44;11;-7,523;1;0,0303;0,00203;0,114;0,109;0,178;87,912;249507;4;20,82295;15;0;6
Silk 'n' Satin;Sonny Rollins;spotify:track:5skvhubObjGtF0dsMvJlMk;0,537;0,132;0;-14,821;1;0,0398;0,964;0,638;0,338;0,556;150,377;240000;3;37,72066;9;0;6
Sin So Well;Rebekah;spotify:track:3mUmd78qWMY1qxYgXgO0gT;0,727;0,629;6;-5,022;0;0,0331;0,288;0;0,107;0,518;119,663;219360;4;23,93764;9;1;6
Sin Ti No Sé Vivir;Los Angeles Azules;spotify:track:2tkeEsJUjKLM1zKeWJ3RqU;0,654;0,331;2;-8,954;1;0,0395;0,309;0;0,12;0,802;83,918;224787;4;38,88316;8;0;6
Sixteen Tons;Tennessee Ernie Ford;spotify:track:3P6OwCX7Ofiaaqtvujb6i5;0,693;0,324;11;-15,085;1;0,205;0,796;0;0,246;0,382;144,14;158307;4;28,18392;9;0;6
Sixteen Years;Chapterhouse;spotify:track:2pBgETPQ5qblDL0YMOHw96;0,263;0,539;4;-10,257;0;0,0333;2,43E-06;0,81;0,276;0,684;83,527;279187;4;81,24562;8;0;6
SK;Sugar Kane;spotify:track:3oMF96m3JwvXmTzGNIv86F;0,34;0,922;0;-5,467;1;0,0451;7,91E-05;0,000579;0,557;0,6;97,077;172613;4;30,10806;8;0;6
Ska Mitzvah;King Django;spotify:track:5WD91zmsVZOlSnCHOiI0p0;0,587;0,671;4;-7,672;0;0,0402;0,000831;0,612;0,356;0,924;149,611;183493;4;61,91895;6;0;6
Slam;Onyx;spotify:track:0W2mz7mvaBaEsC4rmoRNPn;0,876;0,71;11;-12,908;1;0,347;0,0654;0,00312;0,918;0,724;98,305;218333;4;19,18055;10;1;6
Sleeping With You;Firehouse;spotify:track:5M3ZwYKhBoAKgTqebp4BBi;0,584;0,815;3;-8,151;1;0,0325;6,45E-05;0,0367;0,214;0,705;120,799;230733;4;18,97944;13;1;6
Slime Rock;Chris Thile;spotify:track:6mMs5J2qLa7Xyw6JSdjlLz;0,581;0,467;4;-12,303;1;0,0316;0,696;0,742;0,227;0,802;112,477;294333;4;26,38989;15;0;6
Slow Dance (Hey Mr. DJ);R. Kelly & Public Announcement;spotify:track:5glXpXx8GiA8e045JKS4eP;0,742;0,619;10;-4,149;0;0,0302;0,101;0;0,122;0,622;119,879;303093;4;34,26654;13;1;6
Slow Motion;Color Me Badd;spotify:track:03GzYByXsXHcoEAxjsWv9G;0,783;0,885;6;-7,747;0;0,0648;0,00531;0,752;0,0435;0,941;92,042;265667;4;49,84596;12;1;6
Sluttering (May 4th);Jawbreaker;spotify:track:3nJvdMhOmRW4cRLw0NN7qC;0,433;0,983;9;-5,415;1;0,079;0,00338;0,000454;0,228;0,632;158,985;254107;4;44,02017;10;0;6
Smack My Bitch Up;The Prodigy;spotify:track:3tehrxZR8eaANHov4cEctL;0,607;0,993;10;-4,511;0;0,148;0,00314;0,593;0,112;0,229;136,208;342733;4;22,04457;12;1;6
Smells Like Nirvana;"""""""Weird Al"""" Yankovic""";spotify:track:5Q1qSEtljHQzUygQTt0Ykw;0,591;0,786;6;-7,664;1;0,0749;0,162;0,00178;0,28;0,729;120,762;224533;4;16,54714;10;1;6
Smells Like Teen Spirit;Nirvana;spotify:track:5ghIJDpPoe3CfHMGu71E6T;0,502;0,912;1;-4,556;1;0,0564;2,55E-05;0,000173;0,106;0,72;116,761;301920;4;26,41615;12;1;6
Smothered In Hugs;Guided By Voices;spotify:track:0491EjDNDRRwo9mBCsLaAX;0,259;0,691;5;-10,332;1;0,0454;0,000817;0,452;0,634;0,396;112,232;180000;4;35,86568;9;0;6
So Hard;Pet Shop Boys;spotify:track:14RWSCy9Ec9UvApW0JqjQ0;0,561;0,893;0;-7,663;1;0,038;0,00123;0,408;0,176;0,674;119,863;238387;4;22,73805;13;1;6
Solitaire;Strung Out;spotify:track:5srklmlDangVuD4O9hMbCD;0,353;0,976;7;-5,544;1;0,0546;0,000332;0,00227;0,175;0,438;115,657;176587;4;31,02441;6;0;6
Somebody's Out There Watching;The Kinleys;spotify:track:1J2q9vOL8xL1MQXFazHB8y;0,606;0,805;7;-5,451;1;0,0318;0,125;0;0,351;0,44;81,488;215640;4;47,66;10;1;6
Someday;Mariah Carey;spotify:track:6TSM5vkz0WzyZsNAKKYDcw;0,685;0,819;1;-8,686;0;0,0405;0,206;2,23E-06;0,0251;0,937;109,855;246107;4;25,79109;11;1;6
Someday;Sugar Ray;spotify:track:6NcHJ23mLQKnVxQcOmT7JW;0,743;0,67;1;-4,547;0;0,0293;0,0108;0,0702;0,22;0,934;110,832;243333;4;25,36994;12;1;6
Someone To Watch Over Me;Glad;spotify:track:7vHmOeAwCwgPJiSQxTdBVG;0,314;0,0669;3;-14,003;1;0,0299;0,903;0;0,154;0,0425;101,631;249173;5;43,66092;13;0;6
Someone You Used To Know;Collin Raye;spotify:track:022rVz5n3Ga5CelWqme1Sb;0,589;0,369;9;-11,477;1;0,0242;0,123;2,21E-06;0,114;0,295;98,997;225440;4;23,76194;11;1;6
Something In Your Eyes;Bell Biv DeVoe;spotify:track:5runzprCX4AqYLnTeo02g6;0,796;0,623;6;-9,309;0;0,0328;0,0301;6,99E-05;0,0285;0,899;128,915;292533;4;32,34123;13;1;6
Something Wild;Iggy Pop;spotify:track:18vGIMUWsWCFteG0ADixbS;0,595;0,772;7;-10,869;1;0,0263;0,0463;4,81E-05;0,196;0,679;129,044;241440;4;74,43606;10;0;6
Sommar adjö;Jan Johansson;spotify:track:5VOK1wLQc5au6Kl9eu3Hxj;0,563;0,132;2;-20,26;1;0,0358;0,962;0,119;0,148;0,194;121,84;185360;3;36,2556;8;0;6
Sonata No 3 (1939): I. Lento. rubato;Giacinto Scelsi;spotify:track:4Omhgq0aaIMm0DPtiXakgH;0,219;0,0568;9;-21,672;1;0,0423;0,975;0,833;0,0792;0,0339;66,817;505009;3;31,12956;24;0;6
Sonata. Op.143a - Adagio. Ma Non Troppo;Vagn Holmboe;spotify:track:1SQmK9QofZl3qO2MAuXuhP;0,156;0,00217;2;-32,645;1;0,0465;0,956;0,000898;0,132;0,0985;74,833;161515;3;26,57168;9;0;6
Song-Song;Brad Mehldau;spotify:track:12lfqLDBgfRf3I4XB9SxbA;0,388;0,0939;0;-22,665;1;0,044;0,87;0,896;0,083;0,0587;91,626;390867;3;54,28106;19;0;6
Soul Sermon;Gregg Karukas;spotify:track:6m24oe3lk1UMxq9zq4iPFi;0,736;0,419;0;-10,662;1;0,03;0,693;0,495;0,0809;0,265;93,982;237267;4;42,05369;9;0;6
Southernplayalisticadillacmuzik;OutKast;spotify:track:2pMAmZdHfQHyqJCXJbfhK3;0,69;0,834;10;-5,8;0;0,225;0,0162;0;0,0559;0,58;172,392;317507;4;56,91253;14;1;6
Spanish Point;Béla Fleck;spotify:track:63nDGMlz0tsDmMdO5F8Vye;0,562;0,574;4;-14,036;0;0,0398;0,933;0,911;0,544;0,564;114,238;336400;4;27,3269;14;0;6
Special Russian Folk Song;Limpopo;spotify:track:5oZsXoJdZq0RuqVj9dfCg0;0,519;0,767;7;-7,855;1;0,0524;0,429;0;0,0796;0,938;84,832;160733;4;79,21143;5;0;6
Speechless;Cibo Matto;spotify:track:0GpxtleZDqQgDrIBgCK4wf;0,617;0,818;1;-7,334;1;0,0579;0,00514;0,00447;0,138;0,391;95,149;272933;4;38,94147;8;0;6
Spend My Life;Slaughter;spotify:track:4xTQdHvWyjASRfEBpaGJoI;0,504;0,983;0;-3,071;1;0,0793;0,019;0;0,339;0,534;115,178;200640;4;27,78411;8;1;6
Spend My Life With You;Eric Benet Featuring Tamia;spotify:track:58s4iqgXFzXhBndBkg2AaD;0,583;0,435;8;-8,784;1;0,0386;0,434;5,49E-05;0,102;0,292;72,01;276013;4;27,82509;8;1;6
Spice Up Your Life;Spice Girls;spotify:track:5qGwqO0lkbBXw4xNfzT7SF;0,556;0,993;1;-5,067;1;0,0464;0,0105;0,0341;0,403;0,702;124,016;173667;4;40,94597;10;1;6
Spin That Wheel;Hi Tek 3 Featuring Ya Kid K;spotify:track:0sAt5clOC0mNTup5FsjDJE;0,803;0,924;5;-7,161;1;0,0701;0,0112;1,16E-05;0,0671;0,956;128,284;220360;4;21,69249;13;1;6
St. Anne's Reel;Scott Vestal;spotify:track:3lin7bs5vxKk5kdIHZB0dM;0,531;0,535;2;-13,804;1;0,0347;0,791;0,953;0,241;0,964;115,394;212533;4;35,33396;12;0;6
Stack O'Lee;Mississippi John Hurt;spotify:track:0FQkg9AKa4DevwrrFC1aLK;0,605;0,141;3;-17,598;1;0,0377;0,994;0,402;0,113;0,792;107,992;175093;4;27,37408;12;0;6
Stay Close to Me;Bad Brains;spotify:track:3XpMtbAQ0q2U4vYpYPDSrg;0,546;0,815;6;-7,36;0;0,109;0,0601;0,000334;0,267;0,898;96,573;144133;5;30,98618;9;0;6
Stay With Me;Spiritualized;spotify:track:7D81EAc9Gk4vXdyOuQHxRo;0,417;0,289;11;-12,173;1;0,0324;0,0101;0,933;0,0989;0,055;129,739;308133;5;30,4;13;0;6
Steam;Ty Herndon;spotify:track:2sPXJCnKyQ1SWjc2JdFnQK;0,676;0,738;6;-6,693;1;0,0262;0,0497;2,70E-06;0,0784;0,697;101,944;216693;4;21,42116;12;1;6
Steel & Clarinet;Fred Hersch;spotify:track:38gnQCgcj10SFFxEixYecz;0,49;0,123;0;-19,207;0;0,0359;0,925;0,325;0,117;0,442;91,507;287627;3;92,81861;13;0;6
Step By Step;New Kids On The Block;spotify:track:6J6RWKCPN5RFKHUKEUFjxS;0,787;0,63;0;-12,295;1;0,0609;0,0274;6,69E-06;0,161;0,882;125,347;267293;4;46,14574;13;1;6
Step Down;Sick Of It All;spotify:track:6DE037vHREtIRYjqzZ8fkf;0,369;0,836;7;-8,257;1;0,063;2,32E-05;0,291;0,44;0,541;88,978;189027;4;50,73619;7;0;6
Stewball;Mike Seeger;spotify:track:3Cn2HPrUDqIncD68WImchI;0,64;0,383;0;-13,177;0;0,0429;0,801;0;0,111;0,791;127,247;213040;4;21,6177;10;0;6
Still D.R.E.;Dr. Dre Featuring Snoop Dogg;spotify:track:503OTo2dSqe7qk76rgsbep;0,816;0,775;11;-3,323;1;0,234;0,16;0,00031;0,0543;0,527;93,431;270587;4;28,25741;11;1;6
Stock Yards Strut;Small Jazz Band;spotify:track:6GPUHTXaKdrvxlYoUnUHk1;0,802;0,437;8;-12,955;1;0,0733;0,712;0,87;0,192;0,981;112,5;254695;4;77,394;11;0;6
Stop The World;Extreme;spotify:track:4Vghbo90YLD9BudOpMKW0K;0,452;0,724;8;-8,189;1;0,0435;0,0038;0,00112;0,687;0,325;174,594;357933;4;23,84338;19;1;6
Stranger;Beborn Beton;spotify:track:5cF6G55tKSpqS5DUp5dL3v;0,519;0,839;5;-7,048;1;0,0466;0,0181;0,000286;0,156;0,422;164,889;302960;4;58,97732;12;0;6
Stranger In Moscow;Michael Jackson;spotify:track:64KrFHj9p5AyCX2yZQr4YJ;0,802;0,468;1;-8,629;1;0,0378;0,248;0,0006;0,32;0,586;129,937;343960;4;46,19257;11;1;6
Strawberry Letter 23;Tevin Campbell;spotify:track:2U96QtBPJE158fZ74GIqQX;0,812;0,834;6;-7,722;1;0,0375;0,0663;0,000443;0,115;0,817;106,425;196880;4;55,2383;9;1;6
Strength Through Wounding;AFI;spotify:track:6I3ICkKo3D5oOPitKYZS65;0,323;0,922;11;-7,731;0;0,0488;0,000372;0,00218;0,527;0,492;139,819;93427;4;40,46596;5;0;6
Strike It Up;Black Box;spotify:track:742hY2twqAjwNYnKkQdilj;0,876;0,862;6;-7,694;0;0,062;0,0117;0,000276;0,0658;0,915;118,396;298691;4;35,52846;13;1;6
Suck A Caribou's Ass;Wesley Willis;spotify:track:0sjpphWUG3aWzOfThaNIOv;0,525;0,801;7;-7,724;1;0,0314;0,000158;0,000354;0,216;0,663;160,536;144333;4;29,07379;9;0;6
Sunday Morning;Earth, Wind & Fire;spotify:track:2lnx4mfdXyAYvtVPYXRPcD;0,613;0,783;8;-9,55;0;0,0353;0,00408;4,65E-06;0,0446;0,83;159,291;251867;4;30,89801;14;1;6
Sunflower River Blues;John Fahey;spotify:track:6CePeHbXmgwna8B5dC6xKV;0,317;0,197;5;-20,666;1;0,0427;0,665;0,747;0,103;0,119;91,994;200333;4;68,07635;10;0;6
Super Unison;Drive Like Jehu;spotify:track:5diNR9OTKnjnP5MF80bPtt;0,185;0,984;9;-6,086;1;0,169;0,00716;0,671;0,0895;0,0929;167,606;444893;4;28,39654;15;0;6
Suspicious (West Coast Experimental Pop Art Mix);Psychic TV;spotify:track:4As0uOWi3MhnuaKfkm2eC2;0,311;0,255;0;-17,118;1;0,0336;0,689;0,000645;0,119;0,182;96,419;446107;3;71,80261;15;0;6
Swan Lake. Op. 20 : Scene Finale;Slovak Philharmonic;spotify:track:48hWoJLOOjzA73vqpK0HpZ;0,25;0,3;11;-16,227;1;0,0475;0,941;0,943;0,0822;0,0398;116,647;322067;3;64,16556;12;0;6
Sweet Bunch Of Daisies;Kenny Baker;spotify:track:0mAGdBTqby1qrwc6ulJDuI;0,545;0,337;10;-12,365;1;0,0326;0,669;0,000531;0,651;0,751;119,026;171467;4;66,04005;7;0;6
Sweet Surrender;Sarah McLachlan;spotify:track:46ShsS3tyqJAJdxUjPezdI;0,627;0,467;9;-9,81;1;0,0321;0,00286;0;0,11;0,61;113,01;240613;4;31,59659;9;1;6
Sweet Thing;Mick Jagger;spotify:track:46oxhVXWECsaPytsDW6GKb;0,811;0,863;1;-4,133;1;0,145;0,0126;0,00535;0,11;0,865;104,837;259520;4;76,29585;9;1;6
Sweetest Thing;U2;spotify:track:7ndGFo9nZ108KPgXtfYWCe;0,524;0,641;0;-8,967;1;0,0497;0,0437;2,78E-05;0,159;0,482;141,65;184543;4;46,24419;9;1;6
Swimming Song;Even As We Speak;spotify:track:7mZoDbttXQ6zUOqGCKODYC;0,536;0,693;7;-13,96;1;0,0413;0,0138;0,000439;0,0677;0,798;142,982;102067;4;19,50867;8;0;6
Symphony Of Destruction;Megadeth;spotify:track:51TG9W3y9qyO8BY5RXKgnZ;0,61;0,891;4;-5,452;0;0,0587;0,000805;0,0928;0,0657;0,51;139,903;246733;4;46,45994;10;1;6
Take My Advice;Kym Sims;spotify:track:5KhAzdjCDy6MZai1P0RJAe;0,737;0,814;2;-10,396;1;0,0307;0,00019;0,392;0,0844;0,803;120,01;283227;4;169,11724;8;1;6
Take Time;Chris Walker;spotify:track:4h1uO4VGG5SDkiEaT4EG79;0,648;0,743;7;-9,595;0;0,0592;0,0799;0;0,125;0,81;97,059;260840;4;38,11362;13;1;6
Talk Show Shhh!;Shae Jones;spotify:track:7hx9lupBCq8SSr1Lm6l0on;0,884;0,26;10;-7,458;0;0,0558;0,0244;0;0,0688;0,516;121,937;252819;4;47,96398;9;1;6
Tango Remembrances;Yo-Yo Ma;spotify:track:1rdIlDREX1Em73iQJdedJg;0,474;0,149;4;-14,127;0;0,0463;0,897;0,15;0,141;0,397;122,212;379840;4;35,82244;18;0;6
Tears;The Isley Brothers;spotify:track:3WAgCGsQ88VW3GFSMVK8td;0,532;0,516;1;-9,847;1;0,103;0,755;0,00019;0,328;0,545;150,368;285600;4;38,43612;15;1;6
Teenage Chase;Keith Mansfield;spotify:track:1fTBI3r4rA2tLzMsAup4iw;0,735;0,575;0;-7,341;1;0,063;0,195;0,915;0,135;0,848;145,371;141493;4;26,859;9;0;6
Tha Crew;Hector & Tito;spotify:track:5MjAIvzJ0wvoSrhA8E7DJ5;0,8;0,693;0;-6,413;1;0,216;0,00193;0;0,25;0,863;107,896;78367;4;20,17106;4;0;6
That Special Place (feat. New Generation Singers Reunion Choir);Daryl Coley;spotify:track:5fJ8BDYdlk7miYgbZlVek4;0,42;0,432;8;-11,082;1;0,0327;0,495;0;0,601;0,305;148,432;372867;4;27,86324;15;0;6
That's Not Her Style;Billy Joel;spotify:track:7EXagPENSPw79YAz500A6A;0,65;0,899;2;-4,694;1;0,0331;0,0412;0;0,263;0,814;118,245;308000;4;18,28167;16;1;6
That's The Way Love Goes;Janet Jackson;spotify:track:29rQJydAlO0uMyWvRIZxQg;0,703;0,7;5;-6,789;1;0,0693;0,302;0,471;0,0718;0,582;97,675;265107;4;35,34871;9;1;6
That's The Way Love Goes;Young M.C.;spotify:track:4bw5Pth0q5KcguwvAv0dVt;0,849;0,694;6;-14,43;0;0,0642;0,0232;0,00252;0,0524;0,932;118,309;229307;4;34,91088;9;1;6
That's What Love Can Do;Boy Krazy;spotify:track:4VOQLjmETAE5NLcFMwvUXC;0,783;0,773;5;-7,541;0;0,0493;0,0103;0,000162;0,0349;0,744;117,471;202000;4;38,73341;9;1;6
The 219 Blues;Lloyd Miller;spotify:track:5IG8YpJLjoRmoUilsx1wRt;0,522;0,182;9;-17,453;1;0,0424;0,899;0,198;0,113;0,453;86,174;276293;4;34,82076;10;0;6
The Animal Song;Savage Garden;spotify:track:5TuzQ44lPWTCKbfXbNIEXg;0,652;0,669;6;-7,663;1;0,037;0,0639;3,83E-06;0,0671;0,834;116,088;278000;4;41,61203;10;1;6
The Box - Part 2;Orbital;spotify:track:1kV6GsEtVGmPehcGpmYtnr;0,603;0,72;9;-12,956;0;0,0295;0,0075;0,936;0,096;0,66;140,991;359586;4;28,64798;8;0;6
The Chicken Cow;Wesley Willis;spotify:track:1sqcAOdbG8jjeKl4BzZk7k;0,649;0,473;6;-13,868;0;0,0428;0,0163;0;0,132;0,72;170,112;149000;4;14,16612;9;0;6
The Christmas Song;Rosemary Clooney;spotify:track:23OheZvcp1ikImwgj4zFFz;0,359;0,225;7;-12,624;1;0,0336;0,9;0,000328;0,111;0,165;130,443;228360;4;23,99633;11;0;6
The City Is Mine;Jay-Z Featuring BLACKstreet;spotify:track:3qA9K2uI9v3lxq9ZFFtOmN;0,888;0,702;0;-4,059;0;0,209;0,00358;0;0,0358;0,754;97,954;242573;4;29,31391;10;1;6
The Comfort Zone;Vanessa Williams;spotify:track:7okbmgA8lRBGl5limZ7LFM;0,528;0,234;3;-15,784;1;0,0283;0,641;0;0,183;0,191;95,911;218733;4;46,33298;10;1;6
The Courier;Randy Edelman;spotify:track:3JbN5Maw5CvcCSNkOhtPVX;0,11;0,319;8;-20,953;1;0,0393;0,265;0,93;0,121;0,131;83,743;149667;3;26,06939;10;0;6
The Cup Of Life (The Official Song Of The World Cup. France '98);Ricky Martin;spotify:track:68CzXNGAMmb3k5MhLu0xVb;0,709;0,911;5;-6,945;0;0,0433;0,0387;0,000132;0,391;0,661;126,984;279920;4;26,69459;13;1;6
The Empress And The Ukraine King;CAN;spotify:track:5ltrE4dIE3FF0ungXDZgRs;0,593;0,924;2;-6,456;1;0,0383;0,331;0,00293;0,228;0,652;100,853;281840;4;30,05144;11;0;6
The First Circle;Bob Curnow's L.A. Big Band;spotify:track:2SJZZYP3QFyAEisssMncjS;0,297;0,398;0;-11,476;1;0,0368;0,734;0,764;0,0843;0,314;169,786;534627;3;41,05695;27;0;6
The First Night;Monica;spotify:track:5rWzxloNXvbRPhlC1O2b6T;0,671;0,766;1;-9,218;0;0,0634;0,139;0;0,26;0,906;152,088;235573;4;30,28588;12;1;6
The First Time;Surface;spotify:track:4iqnWPNCt4hhZ96KhjlJKq;0,637;0,354;10;-11,964;1;0,0283;0,215;0,000704;0,0961;0,111;126,435;256000;4;17,77721;15;1;6
The Fool;Neutral Milk Hotel;spotify:track:2weDkGIMFWvWK908lBUC2s;0,284;0,683;2;-4,907;0;0,0303;0,0557;0,855;0,529;0,308;109,757;113147;3;69,5824;4;0;6
The Freshmen;The Verve Pipe;spotify:track:21jEuMn2lf37715rwjow2M;0,571;0,505;1;-9,312;0;0,0238;0,0757;1,04E-05;0,109;0,276;99,562;269467;4;34,87483;12;1;6
The Good Mr. Square;The Pretty Things;spotify:track:3tRFo1mXVNC5Wwrv7T8trF;0,584;0,284;7;-12,714;1;0,0409;0,305;0,000903;0,162;0,386;139,087;86693;4;50,41194;5;0;6
The Hearts Filthy Lesson;David Bowie;spotify:track:3cEhKEi1L86vFObrip0KDX;0,565;0,798;11;-8,295;0;0,087;0,00146;0,0201;0,33;0,433;88,954;297560;4;51,1261;9;1;6
The Humpty Dance;Digital Underground;spotify:track:3OcQkcvTcohs8vO8Rd3sKF;0,813;0,693;10;-8;0;0,266;0,0341;0;0,121;0,618;103,508;391693;4;30,1895;16;1;6
The Moon Song;Pat Metheny;spotify:track:39Td6DiaWVzx5RcDCMWQFz;0,451;0,0461;5;-22,294;0;0,0346;0,969;0,924;0,0868;0,207;75,993;416040;4;65,41302;18;0;6
The New Democracy;The Nashville Bluegrass Band;spotify:track:06S18NC3FGuEYFRoS8WgsP;0,513;0,429;2;-15,271;1;0,0336;0,471;0,95;0,291;0,819;142,354;176240;4;74,51253;7;0;6
The Obvious Child;Paul Simon;spotify:track:1deWgqhgAzI6dY35TbKKh7;0,523;0,717;8;-11,611;1;0,0483;0,576;0,00177;0,028;0,969;92,593;250227;4;41,75463;10;1;6
The One I Love is Gone;Hazel Dickens;spotify:track:76QZOE3C7tgXHossRyvrye;0,287;0,214;8;-13,261;0;0,0325;0,847;0,000203;0,0847;0,457;79,557;191467;4;74,29303;8;0;6
The Only Thing That Looks Good On Me Is You;Bryan Adams;spotify:track:6XK9BhcB5ZL6rErFZYtuln;0,641;0,929;7;-5,466;1;0,0355;0,0138;0;0,33;0,911;118,9;215427;4;69,81217;8;1;6
The Poor People Of Paris (Jean's Song) - Single Version;Les Baxter;spotify:track:70gZnClysSHCBwI0H4qr5O;0,567;0,279;10;-11,763;1;0,0377;0,693;0,289;0,096;0,764;87,581;146093;4;84,28648;5;0;6
The Power;Snap!;spotify:track:0nQLxiNGbbUoSGrxksETLm;0,74;0,88;0;-7,693;1;0,0624;0,0434;0,00798;0,341;0,707;108,9;228994;4;45,70254;11;1;6
The Real Love;Bob Seger & The Silver Bullet Band;spotify:track:3FMRulxLH3tZMMal3WiNWI;0,721;0,546;5;-6,845;1;0,0269;0,0362;0,00487;0,114;0,612;115,387;279867;4;37,51155;10;1;6
The Right Kinda Lover;Patti LaBelle;spotify:track:39KhQn8GOfE7z9wZbldgaQ;0,815;0,77;10;-8,412;0;0,0512;0,257;0,000227;0,0488;0,811;99,941;292667;4;45,5476;12;1;6
The Three Kings and I (What Really Happened);Trans-Siberian Orchestra;spotify:track:2LSjScC20dzWC9hVCSp20T;0,536;0,597;5;-9,944;1;0,0377;0,175;0,00141;0,109;0,388;142,426;389133;4;42,41522;17;0;6
The Time Has Come (Pikachu's Goodbye);Pokémon;spotify:track:6jOy7e1JqskcFqu73qp4BF;0,346;0,332;0;-8,017;1;0,036;0,582;0;0,0661;0,225;199,903;185507;4;40,60168;12;0;6
The Unknown Warrior - Song For My Forefathers;Courtney Pine;spotify:track:1OKoBQCvOHniWIZmqpm2pz;0,39;0,699;5;-9,506;0;0,0504;0,0641;0,00178;0,0716;0,471;119,859;399240;4;32,09261;19;0;6
The Way I Feel;Tag;spotify:track:5d1dglMOQpQQoYjuq4DHoB;0,59;0,661;9;-11,361;0;0,0304;0,0401;6,95E-05;0,0464;0,406;93,104;249067;4;45,02391;10;1;6
The Way It Is;Tesla;spotify:track:3l4L10OL1gbfypzTwjvINb;0,327;0,823;7;-7,122;1;0,0394;0,019;8,20E-05;0,124;0,489;94,023;308867;4;33,46582;12;1;6
The Way You Do The Things You Do;UB40;spotify:track:42HaJ7QlInzQ5vHKWb5Ixa;0,885;0,534;5;-8,191;0;0,155;0,248;4,77E-05;0,0357;0,896;80,857;183227;4;87,57876;4;1;6
The World That She Sees;Trans-Siberian Orchestra;spotify:track:4p4Gh5rhWjq2dFsGnmg47s;0,554;0,355;6;-9,545;1;0,0278;0,298;0,0142;0,0891;0,109;137,286;359440;3;29,77269;12;0;6
There Goes My Baby;Trisha Yearwood;spotify:track:4ke1a35DUJFvPeqINRunaJ;0,67;0,626;0;-5,579;1;0,0236;0,479;0;0,112;0,593;108,84;233000;4;46,18147;10;1;6
There Is No Failure In God;Rev. Milton Brunson;spotify:track:31XFi1borsBwar2sOSn66s;0,505;0,939;0;-10,737;1;0,0708;0,0395;0,0322;0,969;0,662;136,248;288332;4;33,58114;9;0;6
There She Goes;Sixpence None The Richer;spotify:track:43z6scIZU2QcEieMQFAJRG;0,498;0,789;10;-5,724;1;0,0319;0,000856;5,83E-06;0,104;0,455;120,176;164280;4;29,92569;7;1;6
There Will Never Be Another Tonight;Bryan Adams;spotify:track:44fxmBDtpasWTQHxvwBEoY;0,517;0,918;9;-6,965;1;0,0489;0,0591;0;0,296;0,641;137,136;280133;4;39,9848;13;1;6
There Will Never Be Another You;Lester Young;spotify:track:5uQkJU8FDt9srkxKfKRiBN;0,567;0,0341;0;-17,895;0;0,0525;0,989;0,326;0,0878;0,391;82,881;208469;4;26,36285;9;0;6
There'll Be Some Changes Made;Eddie Lang;spotify:track:7wsq3vkpk6IPjUf9a3yUWI;0,593;0,0986;10;-15,833;0;0,0732;0,925;0,843;0,107;0,47;125,146;191267;5;38,92787;9;0;6
There's Your Trouble;Dixie Chicks;spotify:track:69m9WDPBvemwujQwdONslk;0,737;0,869;2;-5,433;1;0,0267;0,481;0;0,308;0,898;126,628;193065;4;58,20316;7;1;6
Things I'm Gonna Do;Rasputina;spotify:track:2c8BR1J5nESSDMQ0sFix1w;0,363;0,519;5;-11,287;0;0,126;0,123;0,00401;0,181;0,301;163,52;191653;4;35,10833;8;0;6
Think Of You;Usher;spotify:track:1FlDtQBj95pnFbS9kCTZEI;0,71;0,431;0;-8,333;1;0,0388;0,0553;4,23E-05;0,0537;0,553;93,105;229333;4;24,02991;9;1;6
Thinkin' Bout It;Gerald Levert;spotify:track:4DDhR1Zd6WYbNiCd13Uu4i;0,734;0,659;1;-5,191;1;0,0711;0,0983;0;0,252;0,388;116,485;391040;4;29,15955;15;1;6
This House;Tracie Spencer;spotify:track:10JIQ4VbdRMlqvSJGvi7El;0,74;0,738;6;-9,849;0;0,0399;0,0303;0,00406;0,0324;0,971;112,589;306533;4;27,13959;13;1;6
This Is How We Party;S.O.A.P.;spotify:track:42yb3aUH2iUYzbcIelm2f9;0,758;0,911;6;-4,192;0;0,0409;0,0467;0,00252;0,687;0,911;109,974;198067;4;49,14451;7;1;6
This Kiss;Faith Hill;spotify:track:5EYWGM3Ns3iYew8ws0FatB;0,398;0,804;11;-5,559;1;0,0451;0,175;0;0,181;0,709;186,752;194307;4;25,78212;9;1;6
Thought I'd Died And Gone To Heaven;Bryan Adams;spotify:track:68Qv4S2uJ0nLvdtWPrlOVt;0,44;0,738;4;-8,193;1;0,0295;0,0657;0;0,0988;0,535;174,376;348400;4;22,48636;12;1;6
Thrash Under Pressure;Exodus;spotify:track:2vjQLtmUsAAgTl0nPceoV0;0,373;0,997;11;-5,442;0;0,213;0,000402;0,377;0,474;0,182;106,049;159707;4;18,80157;7;0;6
Time After Time;Inoj;spotify:track:2N5CvukjQqiWxjzZLMqqBN;0,776;0,563;0;-8,84;1;0,0324;0,223;0,00611;0,0681;0,395;131,728;255673;4;31,8569;12;1;6
Time After Time;Timmy T.;spotify:track:2drQ6wg2hdl6RDslarifh8;0,641;0,573;9;-9,198;1;0,0485;0,191;0;0,317;0,5;149,826;209427;5;38,54258;11;1;6
Time And Chance;Color Me Badd;spotify:track:20DRw0Qh9ges1gjlMI8eKM;0,697;0,451;2;-7,657;1;0,0776;0,027;6,26E-06;0,13;0,249;180,53;263200;4;15,81051;16;1;6
To Be With You;Mr. Big;spotify:track:3Mmt6Xk0H6VR92PEp6x3hP;0,688;0,375;4;-9,601;1;0,0535;0,286;0;0,133;0,45;83,635;210480;4;107,10724;7;1;6
To The Moon And Back;Savage Garden;spotify:track:6FRtjadDsEhZIQIlh1loEM;0,584;0,76;0;-7,369;0;0,0359;0,0205;7,25E-06;0,1;0,325;104,101;341067;4;24,32685;10;1;6
Todo Aquel Ayer;Caribbean Jazz Project;spotify:track:4urxXihKVboY2uyxorVBit;0,698;0,41;5;-11,606;0;0,0284;0,577;0,838;0,221;0,682;98,339;254200;4;32,19843;14;0;6
Tonight The Heartache's On Me;Dixie Chicks;spotify:track:5K4Dl7nz6NSUONT4fl4sJV;0,681;0,731;5;-4,64;1;0,0289;0,192;0;0,356;0,82;120,736;206618;4;65,55889;9;1;6
Too Blind To See It;Kym Sims;spotify:track:4SmiFk4zGbPVf0vvoSDvuG;0,776;0,585;0;-11,551;1;0,0361;0,000403;0,227;0,0737;0,698;118,996;211200;4;25,82171;10;1;6
Too y Toos Tatoos;La Lupita;spotify:track:0RULGt9V8ITzA3fheSuLlH;0,448;0,633;11;-7,305;0;0,0399;6,69E-05;0,000355;0,111;0,782;128,273;202533;4;30,48082;11;0;6
Tootsee Roll;69 Boyz;spotify:track:0SAIjVOwxVnO1l9HGvLuOU;0,869;0,725;9;-12,507;0;0,256;0,0453;0;0,203;0,699;132,989;261360;4;47,68012;13;1;6
Top Of The World;Van Halen;spotify:track:5IpIcYj3omb4iOP76bAoRP;0,546;0,785;9;-8,788;1;0,0297;0,0354;3,60E-06;0,0935;0,804;127,957;232867;4;44,24606;11;1;6
Total Eclipse Of The Heart;Nicki French;spotify:track:2hPOOLM9Oefyy43eAXR4Hf;0,575;0,912;0;-7,039;1;0,0285;0,00463;6,01E-05;0,352;0,591;135,988;232347;4;28,57203;10;1;6
Touching;Marilyn Crispell;spotify:track:2WLawlAlXKhMh6wYmVLX63;0,421;0,0875;9;-23,138;0;0,0392;0,805;0,794;0,0859;0,0373;115,891;402360;5;63,72166;18;0;6
Traces of Reality;Dødheimsgard;spotify:track:30MEZzAFiAQv5qIucrY07Y;0,184;0,869;0;-5,639;1;0,137;1,05E-05;0,885;0,12;0,106;119,585;426960;4;121,85607;13;0;6
Transylvanian Concubine (The Manson Mix (Radio Edit))**;Rasputina;spotify:track:2SXswiR0TE3AULlCwvgg5E;0,666;0,765;1;-7,859;0;0,0973;3,86E-05;0,00529;0,81;0,563;103,971;173693;4;32,5386;9;0;6
Treat 'Em Right;Chubb Rock;spotify:track:2QHmGfplU3ypWOGgJM46in;0,932;0,54;1;-13,168;1;0,227;0,0362;7,48E-05;0,204;0,57;116,351;283307;4;29,10572;14;1;6
Trippin';Total Featuring Missy Elliott;spotify:track:5QfobfsCZuyPnCzXHKGs9r;0,753;0,831;11;-6,431;0;0,0958;0,173;1,23E-05;0,0927;0,505;124,151;267328;4;50,14441;10;1;6
Trouble Man;Reuben Wilson;spotify:track:4czhquY9qnTihGvQfbY1j9;0,496;0,47;9;-10,193;0;0,0703;0,513;0,58;0,101;0,48;163,029;495093;3;51,02723;20;0;6
Tryin' To Get Over You;Vince Gill;spotify:track:2rKtSHDkql7aZuWKUdSylq;0,578;0,371;2;-10,537;1;0,0283;0,632;1,75E-05;0,165;0,188;60,504;225627;4;48,10375;8;1;6
Tsar Saltan. Op. 57: Flight of the Bumblebee;Nikolai Rimsky-Korsakov;spotify:track:08ttJ6UR1O7Ofrpu1Qe939;0,458;0,11;9;-22,234;0;0,0309;0,977;0,903;0,359;0,481;83,43;84267;4;51,06891;4;0;6
Tubthumping;Chumbawamba;spotify:track:5YScXJKtefsgdskIy60N7A;0,263;0,871;2;-7,496;1;0,131;0,106;0;0,363;0,622;206,679;278960;4;25,21243;10;1;6
Tucker's Town;Hootie & The Blowfish;spotify:track:5wDeYEOMGyOEKjlo7bbKsE;0,419;0,666;0;-7,781;1;0,0401;0,0372;0;0,281;0,481;79,78;241973;4;38,65826;6;1;6
Twilight Zone;2 Unlimited;spotify:track:4UuhI4gOPHmv15xOnGIJ9x;0,7;0,99;3;-7,559;0;0,0499;0,0873;0,00211;0,151;0,77;127,884;248197;4;31,12469;15;1;6
Twisted;Keith Sweat;spotify:track:69QIVIjPMnI1ABLBqh9P1b;0,615;0,514;11;-9,759;1;0,0466;0,393;0;0,248;0,822;175,849;260667;4;47,70674;11;1;6
Two Studies. Op. 39: Folk Tune;Eugene Goossens;spotify:track:2w5vt5IVKzNegZ52R79viM;0,367;0,0282;9;-26,375;0;0,0647;0,995;0,873;0,073;0,0713;202,513;136333;4;61,30165;7;0;6
Two To Make It Right;Seduction;spotify:track:6GS6uE1vDmtzxO8GztAR2O;0,772;0,598;7;-10,857;0;0,0429;0,204;0,00345;0,513;0,717;114,419;282267;4;35,55838;13;1;6
Two-Headed Boy Pt. 2;Neutral Milk Hotel;spotify:track:6lnZW2wFfcTABaoRJUgMyx;0,448;0,365;8;-7,159;1;0,0264;0,697;0;0,136;0,134;91,19;313973;3;33,53105;7;0;6
Unchained Melody;The Righteous Brothers;spotify:track:1jFhnVoJkcB4lf9tT0rSZS;0,361;0,219;0;-16,553;1;0,0285;0,563;0;0,558;0,26;98,532;216267;3;51,3972;11;1;6
Uncle Tom's Cabin;Warrant;spotify:track:3WW3g2scq0m7ZY5JCxrdWw;0,633;0,732;8;-6,785;1;0,0707;0,186;1,37E-05;0,13;0,273;126,567;241507;4;34,58011;9;1;6
Under The Bridge;Red Hot Chili Peppers;spotify:track:3d9DChrdc6BOeFsbrZ3Is0;0,559;0,345;4;-13,496;1;0,0459;0,0576;0,000105;0,141;0,458;84,581;264307;4;58,74428;10;1;6
Universal Heart-Beat;Juliana Hatfield;spotify:track:7Hj5QvOZvdZKtlBuq8nTXE;0,534;0,814;2;-7,978;1;0,0717;0,0359;0,00539;0,721;0,686;127,967;205907;4;53,22886;8;1;6
Unskinny Bop;Poison;spotify:track:1Z6lKdYhwp8WYoBqGCKxlM;0,574;0,93;1;-2,949;1;0,0413;0,0657;7,78E-06;0,108;0,69;92,303;228067;4;22,29365;10;1;6
Until Your Love Comes Back Around;RTZ;spotify:track:5gfy2vyy0SmXEwOgSfMjec;0,55;0,534;8;-10,6;1;0,0331;0,229;0;0,0714;0,311;134,662;360400;4;37,74389;12;1;6
Up on the Blue Ridge;Scott Vestal;spotify:track:7r8NX1HNmO73rL5t9xmvDA;0,403;0,632;4;-13,879;0;0,0344;0,624;0,968;0,293;0,911;161,636;157800;4;46,25304;9;0;6
Use Your Heart;SWV;spotify:track:5mCQirG6bW3iDN0gpdoxrP;0,625;0,456;9;-9,537;1;0,0364;0,104;0,000161;0,334;0,642;73,927;289240;4;30,38872;9;1;6
Valse a Pop;BeauSoleil;spotify:track:58Q4sVXSUPWF9dJ1ArIlp9;0,534;0,651;0;-9,019;1;0,0361;0,311;0;0,367;0,96;160,576;205973;3;53,2252;10;0;6
Verdadeiro Amor - Ao Vivo;Banda Magníficos;spotify:track:6sCGgj59qkhjaH8FXeT0R9;0,507;0,832;5;-7,707;1;0,0467;0,0149;7,00E-06;0,429;0,553;105,923;181307;4;49,13849;8;0;6
Vibeology;Paula Abdul;spotify:track:6IXKljJrwMJlyRhzHRbEDW;0,722;0,758;1;-9,33;1;0,0622;0,00485;0,00246;0,0768;0,645;117,975;316333;4;73,99133;13;1;6
Victory;Puff Daddy & The Family Featuring The Notorious B.I.G. & Busta Rh;spotify:track:2B9aYvlGefTIgKLhM6ia8t;0,609;0,731;9;-6,846;1;0,322;0,397;0;0,664;0,685;91,778;296267;4;33,53861;11;1;6
VLetrmx;Autechre;spotify:track:7iupjrZvckPcvC4aeqeqcC;0,193;0,266;0;-15,888;1;0,0455;0,928;0,91;0,0913;0,0366;115,909;507373;4;40,79516;27;0;6
Void of Fire;Metalium;spotify:track:5EF77TZ03IhgzItyHJRhGb;0,363;0,985;1;-4,126;1;0,146;1,56E-05;0,741;0,142;0,249;180,05;158707;4;30,90434;9;0;6
Wade in the Water;Ella Jenkins;spotify:track:7exER11O6jaBmUWhOvWRGh;0,486;0,262;2;-11,864;0;0,0381;0,83;0;0,16;0,329;128,764;244160;4;24,69182;11;0;6
Waiting For That Day;George Michael;spotify:track:1y8pNONQUfiCDXWME7IQBa;0,612;0,777;0;-10,903;1;0,0403;0,217;0,000454;0,104;0,557;172,412;289997;4;34,60379;15;1;6
Was It Nothing At All;Michael Damian;spotify:track:3SCeWq0qHsc8i2JxtJPSkd;0,487;0,648;2;-5,332;1;0,0279;0,0397;0,00072;0,321;0,442;134,95;282665;4;18,69072;14;1;6
Watch For The Hook;Cool Breeze Featuring OutKast, Goodie Mob & Witchdoctor;spotify:track:6ixxG8aM1RKFYEjH0odRcP;0,561;0,72;1;-4,854;1;0,355;0,0211;0;0,353;0,518;86,953;271600;4;27,08999;10;1;6
Watch Out Now;The Beatnuts Featuring Yellaklaw;spotify:track:6sWZn6kTuTrBkbOEQFoB3a;0,781;0,633;11;-6,983;0;0,291;0,0969;0,000984;0,154;0,913;100,414;174800;4;19,77989;8;1;6
Waterfalls;TLC;spotify:track:6qspW4YKycviDFjHBOaqUY;0,77;0,505;1;-7,345;1;0,0828;0,311;7,40E-05;0,0777;0,757;171,798;279507;4;33,47424;14;1;6
We Want a Rock;They Might Be Giants;spotify:track:3MQ2v8wNLG8TnKxZtPecao;0,549;0,762;7;-8,002;1;0,0309;0,0606;0;0,158;0,805;86,001;167800;4;36,58362;8;0;6
We Will Rock You;Ludwig Von 88;spotify:track:3OEcxifTOtsSH3xL0C7Kcx;0,486;0,577;7;-10,164;1;0,0786;0,0399;0,000799;0,0791;0,586;188,651;227067;4;30,87912;11;0;6
Weekend Love;Queen Latifah;spotify:track:4ZlwcqC7NG6Fb1QJIqsJLn;0,79;0,574;8;-11,129;0;0,0622;0,00838;0,0182;0,0963;0,82;98,034;249000;4;21,02595;11;1;6
We'll Recover;Matt Nathanson;spotify:track:06KkYeqHeM9S4zFty9c1Aw;0,537;0,458;6;-8,739;1;0,0314;0,321;0;0,107;0,419;111,972;192067;4;49,69756;9;0;6
Wendepunkt;Bo Nilsson;spotify:track:6uq0VJ8TewP7EQHXwhUosv;0,146;0,00787;5;-24,586;1;0,0407;0,989;0,846;0,0717;0,0284;66,998;275040;3;35,96436;12;0;6
We've Got It Goin' On;Backstreet Boys;spotify:track:2rtDTRFjBoqyj2rgi5mOAF;0,758;0,875;3;-4,518;0;0,0363;0,0851;0;0,227;0,91;112,966;219467;4;25,03803;7;1;6
What About Us;Total;spotify:track:6Ph7bndA7A5ExoHIZPX4TJ;0,736;0,721;1;-6,188;1;0,0396;0,0143;0;0,0451;0,72;96,365;243783;4;44,82272;11;1;6
What Mattered Most;Ty Herndon;spotify:track:09nWHcNuohUS7HMPdIDwrr;0,529;0,509;0;-8,926;1;0,0253;0,415;0;0,171;0,27;142,311;221427;4;41,27974;12;1;6
What Time Is Love?;The KLF;spotify:track:2aS9u5Bh0PkoeDamlXYDxE;0,618;0,749;6;-9,841;1;0,0803;0,00187;9,51E-05;0,213;0,669;120,099;214320;4;48,61253;11;1;6
Whateva Man;Redman;spotify:track:0pSaDwrMLM7F82LWJg9v6s;0,581;0,712;6;-7,803;0;0,476;0,268;0;0,895;0,709;172,567;188547;4;55,31669;10;1;6
What's Up;4 Non Blondes;spotify:track:20fT0s1mDYQ1VVLNql1HSE;0,694;0,268;9;-13,184;1;0,064;0,986;0,885;0,121;0,207;128,156;313124;4;29,86197;15;1;6
When I Give My Love;Keith Sweat;spotify:track:4wiwUgr26EF6CgmjUvG4Yg;0,659;0,538;9;-8,381;0;0,0365;0,074;0;0,085;0,518;116,566;365893;4;32,62585;16;1;6
When I Said I Do;Clint Black;spotify:track:6NBaOUmCVpNAaqBDFiJkCn;0,507;0,411;10;-8,657;1;0,0276;0,308;0;0,106;0,184;102,806;268960;3;17,45857;11;1;6
When I'm Back On My Feet Again;Michael Bolton;spotify:track:47SOobTLWvyZpUfpmuUARJ;0,429;0,326;5;-12,703;1;0,03;0,377;0;0,101;0,185;77,849;228267;4;21,60423;11;1;6
When It's Sleepytime Down South;Wynton Marsalis;spotify:track:0ZO3xca4fN38Be1un20nc9;0,532;0,132;8;-15,891;1;0,047;0,865;0,159;0,166;0,332;89,321;309000;4;44,3113;13;0;6
When The Lights Go Out;Five;spotify:track:37giHQffMdB94OqVy4ZBd8;0,854;0,827;5;-6,424;1;0,0335;0,0636;0;0,123;0,961;104,001;249600;4;42,51889;11;1;6
When Will I See You Smile Again?;Bell Biv DeVoe;spotify:track:3q0QmvdwHBETS89ZvelClL;0,727;0,436;6;-11,862;0;0,0281;0,0492;0,00338;0,0686;0,381;124,021;307133;4;24,0258;12;1;6
When You Don't See Me (Remastered);Sisters of Mercy;spotify:track:7nu1rAUwlMIeOlaPbrK9Du;0,666;0,803;9;-10,91;0;0,0299;0,00837;0,187;0,304;0,862;121,258;294320;4;49,7856;9;0;6
When You Talk About Love;Patti LaBelle;spotify:track:2Lux20V5A95rJRGtT7GfuD;0,859;0,761;8;-5,504;0;0,0321;0,0156;0,254;0,687;0,922;97,99;333373;4;39,69022;9;1;6
Where Do U Want Me To Put It;Solo;spotify:track:2PezcbOknrIxEylhhzedVT;0,782;0,759;8;-5,87;1;0,0447;0,261;0;0,102;0,779;87,01;243667;4;94,58122;7;1;6
Where Does That Leave Love;George LaMond;spotify:track:0uCblGxozywHsi40jeutqr;0,619;0,978;4;-4,378;1;0,0844;0,00495;0,00549;0,0902;0,453;119,029;244958;4;33,52079;8;1;6
Where Have All The Cowboys Gone?;Paula Cole;spotify:track:2ck13qfgRZ1msyEJlDqzvk;0,588;0,826;11;-6,182;0;0,0569;0,0351;0;0,454;0,621;129,021;263653;4;20,54807;11;1;6
Wherever Would I Be;Cheap Trick;spotify:track:5u6tE49JDHC6qiA0d2Ci6i;0,49;0,516;7;-12,549;1;0,0265;0,208;0;0,101;0,22;73,922;246187;4;39,70327;8;1;6
While My Guitar Gently Weeps;Russ Freeman & The Rippingtons;spotify:track:438EAa6MpBeDZSWwzZxtqS;0,68;0,721;6;-7,09;1;0,0336;0,00512;0,0693;0,0396;0,758;121,194;286467;4;60,51365;10;0;6
White Jazz;Joe Loss And His Band;spotify:track:6Af3IyfIqkNd52ZiSqqoAw;0,867;0,338;0;-13,159;0;0,0794;0,926;0,434;0,106;0,659;111,439;184067;4;34,67008;9;0;6
Who Am I;Beenie Man;spotify:track:4PaV16f3DUo9QxbQMUzMKH;0,628;0,753;11;-8,778;1;0,468;0,211;0;0,12;0,559;86,194;196000;4;23,28395;13;1;6
Who Can I Run To;Xscape;spotify:track:0wdaPticLmmqJdhgLDJ9zI;0,71;0,545;4;-9,599;1;0,0588;0,483;0;0,0644;0,632;140,233;216333;4;37,61331;9;1;6
Who Got The Props;Black Moon;spotify:track:2wReOKtzUIgMspOYtv37JV;0,868;0,579;8;-15;0;0,245;0,0239;0;0,336;0,684;100,135;281907;4;59,00734;9;1;6
Who Is It;Michael Jackson;spotify:track:4HWcWgleTuUAWnVPNwW4CM;0,862;0,595;5;-4,655;1;0,121;0,0152;0,000343;0,104;0,502;103,168;393307;4;40,91468;13;1;6
Who Said I Would;Phil Collins;spotify:track:6JrbcoCC9Zotanq4Or4nST;0,688;0,9;5;-5,534;1;0,049;0,164;0,00988;0,291;0,491;131,031;241787;4;45,37201;9;1;6
Who Stole The Cookies?;Music For Little People Choir;spotify:track:7upszzU6ZIXewzi1cTBDCJ;0,594;0,258;2;-18,513;1;0,349;0,588;0,000102;0,12;0,663;81,261;130000;4;32,49932;6;0;6
Whoomp! (There It Is);Tag Team;spotify:track:70jtZsS59vhmyZSsln0std;0,8;0,639;4;-7,406;0;0,0439;0,00123;0;0,0803;0,45;129,443;226027;4;31,41174;14;1;6
Who's Got Your Love;Nyasia;spotify:track:44e6togOkEOuPLpaop4FN5;0,721;0,923;1;-8,19;1;0,0881;0,0498;0,000224;0,286;0,882;122,865;294800;4;48,59658;15;1;6
Why Can't You Come Home;Ex-Girlfriend;spotify:track:7FT7qUTOQE4XO6PNZPE0av;0,777;0,47;7;-13,376;1;0,0412;0,00754;7,29E-05;0,0648;0,712;103,452;348600;4;88,2523;14;1;6
Wild Wild West;Will Smith Featuring Dru Hill & Kool Mo Dee;spotify:track:5AMvBCtX2rspUdoeJ9IsPN;0,861;0,597;10;-7,221;0;0,162;0,0983;0;0,176;0,694;107,016;268453;4;55,1764;9;1;6
Will You Be There (In The Morning);Heart;spotify:track:78fh8ymSUdo9oWkShDZbT8;0,553;0,743;9;-6,794;1;0,0281;0,0365;1,65E-05;0,194;0,528;166,499;269800;4;48,47567;12;1;6
Won't Talk About It;Beats International;spotify:track:3cgWQzRlXoDkMKBb6AEi4s;0,732;0,566;11;-15,492;0;0,0337;0,0299;0,00174;0,229;0,943;105,826;276227;4;33,67955;13;1;6
Woof;Snoop Dogg Featuring Mystikal And Fiend;spotify:track:2bryPxmm98dhBU73ut3lw3;0,797;0,786;6;-7,135;0;0,385;0,066;0;0,272;0,85;166,239;261867;4;19,03742;13;1;6
Work To Do;Vanessa Williams;spotify:track:2906fV2q5W2xRmAEf9vCoW;0,762;0,666;7;-12,051;1;0,0577;0,0511;2,36E-05;0,131;0,679;93,109;276533;4;75,74365;11;1;6
Worker Man;Patra;spotify:track:1RoLlFWeFHxc36TU4Bg2eS;0,814;0,759;7;-11,117;1;0,11;0,129;0;0,306;0,881;82,366;296827;4;28,65709;13;1;6
Working With Meat;Jack Off Jill;spotify:track:4bLU7naM4vxb0VbFKgNu5S;0,271;0,835;9;-6,764;1;0,0671;0,0111;0;0,0701;0,529;190,646;123159;4;40,01797;6;0;6
Wrong Again;Martina McBride;spotify:track:2grwz4trMgDLOfEITQgAv3;0,531;0,554;0;-5,231;1;0,0265;0,215;0;0,101;0,102;141,434;195400;4;41,1094;10;1;6
Y Tú Con Él;Industria del Amor;spotify:track:1UcuiA4y04FqFZnWUBGIDS;0,522;0,339;11;-13,437;1;0,0289;0,506;4,14E-06;0,338;0,616;98,994;217027;3;40,11018;10;0;6
Yamral Tiletish;The Roha Band;spotify:track:5euumLX8rQyUPztEepOtkt;0,672;0,697;0;-9,754;1;0,031;0,436;2,59E-06;0,123;0,846;112,137;341600;4;20,57658;14;0;6
Yo No Soy Rebelde;Los Locos Del Ritmo;spotify:track:08U1KWevchrVHDNkQV2iO7;0,677;0,716;0;-8,777;0;0,145;0,899;0,00684;0,0836;0,945;108,955;80765;4;22,29296;6;0;6
Yolanda;Reality;spotify:track:6auKJC7E0UN96e3kQuEaT1;0,763;0,678;8;-9,25;0;0,0577;0,00049;2,26E-06;0,013;0,943;123,927;307049;4;30,25096;13;1;6
You;Jesse Powell;spotify:track:0hcW7qPqWWJc8189OaqQvX;0,728;0,324;0;-9,467;0;0,0258;0,307;0,00198;0,0554;0,252;112,212;318467;4;26,51395;14;1;6
You Better Wait;Steve Perry;spotify:track:004ZH9ISUSEwansKKbUdJs;0,348;0,924;7;-3,048;1;0,0945;0,236;0;0,102;0,0869;114,117;291800;4;39,12136;13;1;6
You Get What You Give;New Radicals;spotify:track:1Cwsd5xI8CajJz795oy4XF;0,621;0,901;2;-5,396;1;0,0302;0,17;0;0,0875;0,744;113,967;300773;4;26,02721;12;1;6
You Mean The World To Me;Toni Braxton;spotify:track:1d0GYRpnCb0XNQcQdKhfKL;0,595;0,736;11;-6,648;1;0,0469;0,0964;9,28E-06;0,104;0,521;167,669;296400;4;28,32539;18;1;6
You Put A Move On My Heart;Quincy Jones Introducing Tamia;spotify:track:3bhZuw0gZRLEOGeggjWzpP;0,492;0,438;5;-6,984;1;0,0273;0,591;9,62E-05;0,116;0,204;149,74;372640;3;44,80168;16;1;6
You Said;Mona Lisa;spotify:track:3KBpe2oTYKFXzkYihkdcmb;0,556;0,498;5;-6,796;1;0,16;0,274;2,15E-05;0,0813;0,59;180,21;287960;4;27,73118;14;1;6
You Stepped Out Of A Dream;Tal Farlow;spotify:track:5iQW7ODq8KocmoMHKx9VbW;0,426;0,396;7;-13,434;0;0,0443;0,932;0,907;0,166;0,703;140,153;343133;4;32,12602;16;0;6
You Still Touch Me;Sting;spotify:track:5kFCKt7T3ObVmDZjMKcBSP;0,666;0,577;7;-9,012;1;0,022;0,0543;0;0,0837;0,634;101,283;226760;4;43,64186;12;1;6
You Used To Love Me;Faith Evans;spotify:track:0KhXVmAN4sqeEgsqRd39f2;0,702;0,458;0;-8,195;1;0,035;0,247;1,64E-06;0,126;0,678;89,271;269173;4;31,86601;12;1;6
You Won't Forget Me;La Bouche;spotify:track:5XeQ0rudxvqNA2mJmZBjBK;0,722;0,91;1;-4,135;1;0,032;0,0182;1,17E-06;0,0872;0,687;133,045;196347;4;23,02591;9;1;6
You'll Be In My Heart;Phil Collins;spotify:track:6kvnSiMBa65Nz29g2TYmyW;0,569;0,744;8;-6,48;1;0,0298;0,0559;3,19E-06;0,0915;0,655;96,596;258400;4;31,93791;13;1;6
Your Body's Callin';R. Kelly;spotify:track:4iXZFxEUzTTLMLE5jCyKEb;0,658;0,55;9;-6,705;1;0,0302;0,457;0,000728;0,114;0,727;168,289;277493;4;45,39778;12;1;6
You're The Inspiration;Peter Cetera Featuring Az Yet;spotify:track:2ukfmf2Yup3nwpIyV8znKz;0,645;0,6;10;-7,605;1;0,0252;0,0834;0;0,0599;0,411;143,48;246880;4;42,81537;9;1;6
You're The One;SWV;spotify:track:67ZorjDM25q7bETfLbHdfS;0,79;0,608;6;-7,151;1;0,0363;0,522;0,00491;0,193;0,958;94,166;282600;4;33,21772;13;1;6
До смерті і довше - Drum & Base and Rock Remix;Skryabin;spotify:track:6CxyIPTqSPvAPXfrIZczs4;0,513;0,76;4;-10,077;1;0,0355;1,72E-05;0,00339;0,153;0,961;153,166;430653;4;25,57331;20;0;6
เพลงนั้น;Viyada Komarakul Na Nakorn;spotify:track:48C2dvxBLAQl6Qp5pM5bBc;0,617;0,427;0;-10,343;0;0,0238;0,556;3,11E-05;0,105;0,477;145,786;224667;4;17,07316;11;0;6
แพ้ใจ;Mai Charoenpura;spotify:track:6Z5nlPYAN6WfubM40ELc6X;0,672;0,398;0;-8,758;1;0,0281;0,57;0;0,16;0,314;74,007;221387;4;38,42628;10;0;6
ขอจันทร์;Viyada Komarakul Na Nakorn;spotify:track:0U0w3Ih5zX45OJCW12xlaj;0,689;0,366;9;-11,952;1;0,0287;0,838;0,000135;0,056;0,371;129,805;240267;4;71,54559;10;0;6
คงเดิม;Asanee & Wasan;spotify:track:6yVQGme4IdVTzznp9MmeON;0,707;0,603;7;-9,533;1;0,0267;0,477;1,23E-06;0,098;0,756;119,995;222360;4;44,53343;12;0;6
วิมานดิน;Nantida Kaewbuasai;spotify:track:05Hdc4jTJq9yyl89kXGCvy;0,646;0,389;3;-7,438;1;0,0252;0,866;0;0,187;0,242;131,986;251813;4;47,49447;10;0;6
หยุดเลย;J Jetrin;spotify:track:34ymFuVHX4eH1q3uXTh4pQ;0,586;0,546;9;-8,547;0;0,0265;0,454;0;0,0935;0,262;140,824;250387;4;41,72215;11;0;6
dataset_of_track;dataset_of_artist;dataset_of_uri;dataset_of_danceability;dataset_of_energy;dataset_of_key;dataset_of_loudness;dataset_of_mode;dataset_of_speechiness;dataset_of_acousticness;dataset_of_instrumentalness;dataset_of_liveness;dataset_of_valence;dataset_of_tempo;dataset_of_duration_ms;dataset_of_time_signature;dataset_of_chorus_hit;dataset_of_sections;dataset_of_target;dataset_of_id_ano
"Collage #1 (""Blue Suede"")";James Tenney;spotify:track:70klYxQLBSSonN3KrbNU0l;0,31;0,707;11;-12,054;1;0,509;0,912;0,0562;0,108;0,37;56,028;206067;4;17,18683;9;0;1
"Deus Passus. ""St. Luke Passion"": Das ist mein Leib (Soprano. Mezzo-Soprano. Alto. Tenor. Bass)";Wolfgang Rihm;spotify:track:2O7HKUweyR9yP9pOSdAD1p;0,194;0,00511;0;-43,178;0;0,047;0,945;0,00193;0,0769;0,0321;84,79;188000;4;48,25093;12;0;1
"I Won't Say (I'm In Love) - From ""Hercules"" / Soundtrack Version";Susan Egan;spotify:track:3Dupb5AcaVFErlSSfl3szW;0,684;0,471;0;-9,43;1;0,043;0,208;0;0,14;0,453;121,081;140093;4;28,03726;8;0;1
"Look On The Bright Side Of Life (All Things Dull And Ugly) - From ""Life Of Brian"" Original Motion Picture Soundtrack";Monty Python;spotify:track:4yEoBe0b9paEGQrUIGxBCb;0,691;0,528;7;-9,333;1;0,194;0,624;0,00226;0,127;0,693;120,776;238293;4;42,37658;9;0;1
"Now We Are Free - From ""Gladiator"" Soundtrack";Lisa Gerrard;spotify:track:1raWfcURBd1Q3W3K0ojDCM;0,286;0,217;9;-18,805;1;0,0336;0,602;0,099;0,104;0,0389;138,225;254307;4;88,57076;12;0;1
"O Ajnabi (Happy) - From ""Main Prem Ki Diwani Hoon""";K. S. Chithra;spotify:track:5ReciHbAhKfDmK5l5SwYxs;0,581;0,462;5;-12,403;1;0,0422;0,522;1,03E-05;0,081;0,364;136,067;402133;4;25,92088;17;0;1
"Symphonie Fantastique. Op. 14. ""Episode de la vie d'un artiste"": V. Songe d'une nuit du sabbat (Dream of a Witches' Sabbath)";Hector Berlioz;spotify:track:5CZ2IN503H4bhHG43uHNr3;0,252;0,216;7;-18,824;0;0,0456;0,938;0,875;0,562;0,138;86,767;622053;4;32,25469;31;0;1
"Symphony No. 8 in B Minor. D. 759. ""Unfinished"": I. Allegro moderato";Franz Schubert;spotify:track:5VNiNarIW6OOx2UvRIQv4C;0,128;0,045;11;-17,723;0;0,0385;0,942;0,894;0,115;0,0395;85,907;687067;4;72,51274;34;0;1
"The Breaking of the Fellowship (feat. ""In Dreams"")";Howard Shore;spotify:track:1ykbtFnlIjmIFnZ8j6wg6i;0,131;0,137;2;-20,553;1;0,0387;0,934;0,485;0,087;0,0465;78,577;440800;4;27,56481;20;0;1
#1;Nelly;spotify:track:3ZF8KuD7XlQSc3dpbCUTHO;0,692;0,588;7;-6,086;1;0,306;0,0173;0;0,634;0,45;180,027;198667;4;40,55604;9;1;1
(David Bowie I Love You) Since I Was Six;The Brian Jonestown Massacre;spotify:track:5FQ1ZPkIyYss4XhhDBvnC5;0,201;0,647;10;-6,842;1;0,0363;0,000926;7,90E-05;0,176;0,32;115,609;203933;4;47,42454;9;0;1
(Do Not Feed The) Oyster;Stephen Malkmus;spotify:track:6rSQtxF6vhbPhiLXhJRKzp;0,451;0,498;2;-8,535;1;0,0273;0,0723;0,185;0,0922;0,266;87,373;289227;4;32,18392;11;0;1
(If You're Wondering If I Want You To) I Want You To;Weezer;spotify:track:09aDV0TC2RfWFU5IwZfIdG;0,695;0,873;11;-5,722;0;0,0392;0,00163;0,000198;0,154;0,799;110,021;208773;4;49,23985;8;1;1
(I'm Not Your) Steppin' Stone;Sky Saxon;spotify:track:62KqOyV9pTxFQykbTYdJ1U;0,49;0,83;2;-4,434;1;0,031;0,022;0;0,106;0,67;130,073;190693;4;38,35158;9;0;1
1. 2. 3. 4;Plain White T's;spotify:track:5VWmMZCfJ4yVkJw9ZLFXej;0,458;0,55;2;-7,092;1;0,0262;0,566;1,39E-05;0,108;0,56;90,56;198360;4;22,42462;10;1;1
1000 Estrellas;Charlie 3;spotify:track:4dk59nVJKBJCPupuL6RGae;0,473;0,722;5;-5,176;1;0,0358;0,00507;0;0,377;0,549;149,625;256000;4;40,17949;11;0;1
1995;H2O;spotify:track:2qvZmhlxHdyBqAX5ZWjukK;0,531;0,991;9;-5,681;1;0,13;0,006;0;0,279;0,257;111,998;154000;4;93,37847;4;0;1
3 Little Words;Nu Flavor;spotify:track:4alLyN9my0O1SD9y097cPl;0,709;0,469;11;-7,083;0;0,0278;0,504;0;0,045;0,256;113,986;256307;4;25,51897;11;1;1
3's & 7's;Queens of the Stone Age;spotify:track:63wsuMhok6GgcBRd2strGk;0,438;0,99;10;-3,89;0;0,108;0,0651;0,0222;0,359;0,452;131,306;214067;4;40,38426;9;0;1
4 Cornish Dances. Op. 91: Four Cornish Dances. Op. 91: No. 2. Andantino;Malcolm Arnold;spotify:track:4nyb2Lm5jYBnenw8KVUZzr;0,105;0,0315;2;-36,662;1;0,0414;0,952;0,808;0,076;0,0349;158,256;189067;1;110,48467;7;0;1
5 Star;Yo Gotti;spotify:track:6N9wsG0HYEpGEr0Ihgbz5r;0,715;0,809;9;-5,598;1;0,205;0,0607;0;0,352;0,636;76,493;247440;4;29,85259;9;1;1
7 Days;Craig David;spotify:track:0gPQTLaqHDgdupKEok7J2x;0,659;0,812;4;-7,499;0;0,0487;0,23;0;0,0951;0,888;83,013;235133;4;25,46132;12;1;1
7 Songs on Chinese Poems. Op. 71 No. 4: Traveling Song;Alexander Tcherepnin;spotify:track:1VAljuZRSK9hdWrowK8WAy;0,585;0,123;3;-13,695;1;0,0711;0,99;0,0104;0,143;0,969;115,145;102907;4;35,1975;6;0;1
99.9% Sure (I've Never Been Here Before);Brian McComas;spotify:track:14ymPtb1n06KzSm0J9bmMZ;0,606;0,959;7;-3,412;1;0,0522;0,0714;0;0,236;0,734;116,014;193293;4;59,85298;8;1;1
A Brief Walk in the Sea;Near The Parenthesis;spotify:track:1O3wMxzAagYQ336rdfH9bQ;0,157;0,58;0;-12,5;0;0,0438;0,762;0,925;0,124;0,183;191,214;424867;5;32,68671;15;0;1
A Celebration For The Death Of Man;Agalloch;spotify:track:0t4BqNdnmncQyZoot8pu6S;0,555;0,562;4;-9,163;0;0,0342;0,338;0,942;0,281;0,228;115,082;144333;4;93,44488;4;0;1
A Child Is Born;Jon Kennedy;spotify:track:6GFDygDJvoYm4NHECc8BIR;0,676;0,73;9;-10,381;1;0,0296;0,393;0,125;0,136;0,664;104,001;216533;4;42,74351;8;0;1
A Country Boy Can Survive (Y2K Version);Chad Brock With Hank Williams Jr. & George Jones;spotify:track:5pinOKTQyPCPpgjIOKVFY3;0,669;0,592;7;-4,628;1;0,0317;0,166;0;0,114;0,51;75,938;237667;4;23,61273;11;1;1
A Different World;Bucky Covington;spotify:track:0E0B8a7LSVgbQL160oUnwO;0,62;0,686;9;-5,027;1;0,0276;0,0327;0;0,101;0,464;128,962;208573;4;16,46621;12;1;1
Aaj Mausam Bada Be-Iman Hai;Mohammed Rafi;spotify:track:3ptSDu7LuyCGaXaD38MEfP;0,336;0,449;0;-13,267;1;0,0367;0,9;7,00E-05;0,109;0,547;139,13;379867;4;46,31308;16;0;1
Aarariraro;K. J. Yesudas;spotify:track:3GoPqEYzMI9pKA1SeLJWp8;0,764;0,398;5;-11,501;0;0,0457;0,303;0,00145;0,0993;0,507;135;286560;4;21,07312;14;0;1
Absolute;The Fray;spotify:track:6sSDEFMeyf16WRDLRCXwTc;0,413;0,836;3;-5,593;1;0,0371;0,0316;0;0,293;0,503;140,515;227080;4;20,73541;12;1;1
According To You;Orianthi;spotify:track:72phhQtfwZcRweweRxxkmU;0,619;0,917;5;-2,582;1;0,0507;0,0233;1,21E-05;0,0986;0,552;131,002;200347;4;33,97347;7;1;1
Action Woman;The Litter;spotify:track:15zIQqm0iq5gi5nwkOEQPJ;0,322;0,672;0;-7,391;1;0,0379;0,0659;2,39E-05;0,165;0,536;133,887;153227;4;43,62758;9;0;1
After Party;Koffee Brown;spotify:track:5cvMzT7kEvcxcdtcJz1vQY;0,802;0,552;5;-4,796;0;0,0503;0,0492;1,70E-06;0,0224;0,601;105,481;214560;4;45,95399;7;1;1
Afterhours - deadmau5 Electro House Remix;Melleefresh;spotify:track:6MArFHinfdGq5mKrFIupax;0,829;0,672;11;-7,022;0;0,128;0,000198;0,314;0,0502;0,621;127,979;333750;4;30,00636;11;0;1
Again;Faith Evans;spotify:track:17Yws6NV4W7lAGPtq4UPIT;0,489;0,763;7;-6,077;1;0,24;0,0158;0;0,42;0,362;173,822;198787;4;41,44659;11;1;1
Ain’t No Punk;Do Or Die;spotify:track:3HBqW9YwtLl92snLI9PEuu;0,862;0,633;6;-6,152;1;0,121;0,0401;1,38E-06;0,132;0,246;129,913;249533;4;19,00151;10;0;1
Ain't It Funny;Jennifer Lopez Featuring Ja Rule;spotify:track:5ahFyKndeg1hqfmNumL3WF;0,781;0,746;8;-2,686;1;0,17;0,364;0;0,098;0,786;89,43;229800;4;26,64298;10;1;1
Ain't No Rest For The Wicked;Cage The Elephant;spotify:track:3Pzh926pXggbMe2ZpXyMV7;0,634;0,849;0;-7,075;1;0,105;0,0438;0;0,363;0,919;156,004;175493;4;62,05589;8;1;1
Ain't Nothing 'Bout You;Brooks & Dunn;spotify:track:2BPiamp7M8ARGtxjNyTZWf;0,676;0,753;8;-6,239;0;0,0252;0,0957;0;0,362;0,772;96,993;241093;4;29,78065;9;1;1
Air War;Crystal Castles;spotify:track:2XlX9lecuf3Y14fzLYOxmu;0,769;0,806;0;-3,833;1;0,0873;0,0482;0,0627;0,705;0,517;120,001;252267;4;49,2282;11;0;1
Airport Sadness - 2008 Remaster;Brad Mehldau;spotify:track:0vqknpE0wpLA17uYiv4kUv;0,444;0,0162;5;-27,773;1;0,0452;0,993;0,922;0,0873;0,079;100,364;284213;4;29,45978;15;0;1
Akkam Pakkam;Sadhana Sargam;spotify:track:3eeUvZTgP5uJfOMqI3sUVq;0,773;0,628;11;-6,737;0;0,0425;0,108;0,00119;0,246;0,588;119,96;316000;4;42,01564;17;0;1
All Eyez On Me;Monica;spotify:track:0rHehT9M8peRzeV1O1FeOk;0,758;0,739;7;-4,429;1;0,0405;0,0281;0,000146;0,0439;0,848;108,995;238773;4;33,40802;11;1;1
All Falls Down;Adelitas Way;spotify:track:3Fi7TFbkTlr1vvBP1mFuYg;0,497;0,725;2;-5,296;0;0,0265;0,00338;5,39E-06;0,134;0,284;134,987;233360;4;42,79016;9;0;1
All Hail Shadow;Crush 40;spotify:track:0O2TR0dmwnPejopBpMpv9e;0,308;0,934;7;-6,939;1;0,0824;2,35E-06;3,69E-06;0,0896;0,419;170,009;241693;4;21,19217;9;0;1
All I Ever Wanted;Chuck Wicks;spotify:track:6RKrORavcsGPPrkRzkU14H;0,538;0,773;11;-4,659;1;0,0281;0,0268;0;0,0829;0,611;94,053;207333;4;18,90371;14;1;1
All I Want To Do;Sugarland;spotify:track:1mJ05BN0So26a14iib85aI;0,709;0,725;4;-4,999;1;0,0556;0,208;4,54E-05;0,158;0,759;97,046;213360;4;28,35802;6;1;1
All over You;The Spill Canvas;spotify:track:4b9jRNwMUvABxTD1amyfA6;0,554;0,941;10;-3,159;0;0,0347;0,00848;0;0,102;0,524;134,916;202432;4;27,6613;8;0;1
All The Right Moves;OneRepublic;spotify:track:5XRHGXut00SrJUFmcn2lQF;0,529;0,948;0;-3,527;1;0,0474;0,258;9,35E-06;0,283;0,65;146,024;238000;4;25,16272;11;1;1
Almost Home;Craig Morgan;spotify:track:6FW9MTGMjR5A6q2o7PLuuz;0,525;0,481;8;-6,715;1;0,0251;0,302;0;0,121;0,237;75,974;289000;4;42,11222;11;1;1
Already Gone;Sugarland;spotify:track:6Gd842MwS4ySeBdQTU09sh;0,48;0,596;1;-5,844;1;0,03;0,214;1,06E-05;0,151;0,332;154,769;275867;3;31,39965;12;1;1
Alright;Darius Rucker;spotify:track:5JlH51YDYsGj2dyEJKKjcN;0,601;0,806;7;-4,579;1;0,0345;0,0527;0;0,185;0,711;89,87;231920;4;21,66591;9;1;1
Always On Time;Ja Rule Featuring Ashanti;spotify:track:4hrae8atte6cRlSC9a7VCO;0,84;0,706;5;-6,104;0;0,2;0,208;0;0,241;0,839;96,673;245133;4;42,91774;8;1;1
Always On Your Side;Sheryl Crow & Sting;spotify:track:7FqDLD2f3VFdCYPCFpNvYq;0,519;0,553;5;-4,702;1;0,0264;0,543;0;0,139;0,251;140,164;251373;4;45,76804;10;1;1
Alyssa Lies;Jason Michael Carroll;spotify:track:3PJq5Cu74e3bIes9sY7jM1;0,496;0,602;7;-5,29;1;0,0265;0,334;0,00356;0,147;0,398;75,519;259573;4;27,90126;10;1;1
AM To PM;Christina Milian;spotify:track:4e4dNzVG8DBQqbhX57Wxe8;0,872;0,86;0;-3,488;0;0,131;0,158;1,41E-05;0,833;0,855;104,956;233587;4;54,45268;9;1;1
Amarillo Sky;Jason Aldean;spotify:track:0axUHkhMMY0YSC1jFBVWqv;0,491;0,776;2;-3,887;1;0,0393;0,314;0;0,146;0,428;154,988;202547;4;37,86861;9;1;1
American Hearts;Piebald;spotify:track:54iFiXjzfBObEY1WUOy52d;0,371;0,965;9;-2,902;1;0,119;0,0178;1,10E-06;0,21;0,384;165,929;208333;4;47,53544;8;0;1
American Pie;Madonna;spotify:track:1vo6TY0FyLRBTXohxvflhJ;0,631;0,734;5;-7,48;0;0,036;0,348;0;0,135;0,591;124,036;273533;4;41,05767;12;1;1
American Saturday Night;Brad Paisley;spotify:track:7xJqaCgeteqWPogqjjxkBl;0,487;0,938;4;-5,466;1;0,0533;0,0721;2,63E-05;0,522;0,733;157,795;274200;4;26,73053;12;1;1
Amesoeurs;Amesoeurs;spotify:track:0tVp8zfnp5fbnKO9axKaqX;0,482;0,637;9;-10,568;1;0,0266;0,000135;0,782;0,0643;0,404;160,056;243467;4;30,54128;12;0;1
Ammunition;Synapscape;spotify:track:48UiA9vsN4blMIQ0Lx2Blv;0,165;0,582;5;-9,576;0;0,0807;0,00461;0,165;0,255;0,0754;84,279;267013;4;36,3213;10;0;1
Ancient War;Crypt Of Kerberos;spotify:track:1Fd0dlHs21hRbfZtBiGIK1;0,171;0,948;3;-8,171;0;0,123;1,12E-05;0,92;0,341;0,0393;81,483;209333;4;45,91581;9;0;1
And Here We Test Our Powers Of Observation;The Bad Plus;spotify:track:2fNCSdonK3E2ODMvAUx92e;0,367;0,833;8;-8,8;1;0,0322;0,197;0,803;0,136;0,491;93,08;261400;4;16,78397;15;0;1
Angel;Shaggy Featuring Rayvon;spotify:track:7FDV5ELOJHCGLe52AnttEd;0,74;0,766;6;-2,939;1;0,178;0,116;0;0,0406;0,807;170,531;235133;4;24,54957;12;1;1
Angelfangs;Cobalt;spotify:track:7lg2GumTOf7N69NyYexr1m;0,163;0,994;11;-5,651;1;0,248;1,01E-05;0,116;0,504;0,0466;95,434;385533;4;24,13964;16;0;1
Angels In Waiting;Tammy Cochran;spotify:track:74h3Wdt3mkmA9GX3qqkkbH;0,691;0,366;6;-7,565;1;0,028;0,565;0;0,127;0,278;88,782;217667;4;42,75747;10;1;1
Anglaise;Trio Mio;spotify:track:6qBTwtvXwU1SClZMz28eZK;0,383;0,161;7;-10,227;1;0,031;0,976;0,00685;0,131;0,391;92,98;280200;4;24,29689;15;0;1
Another Postcard (Chimps);Barenaked Ladies;spotify:track:6rMx1neL9mLYivQ5U6PFk3;0,621;0,747;1;-6,552;0;0,0782;0,00227;0,000234;0,0449;0,726;172,31;205267;4;63,6742;8;1;1
Anphisbena;Opera IX;spotify:track:0m44z5yhxeWssBgxf2sBTv;0,075;0,858;9;-5,01;0;0,0651;2,71E-06;0,79;0,0395;0,31;61,106;462400;4;37,73448;20;0;1
Apocalyptic Havoc;Goatwhore;spotify:track:4Tv4X669iTNi4NkFzjerDT;0,212;0,979;10;-5,088;0;0,145;1,63E-05;0,0249;0,171;0,386;160,053;196053;4;51,88201;9;0;1
Apply Some Pressure;Maximo Park;spotify:track:19503qDaxgCdPL2BhJngij;0,378;0,953;9;-3,632;1;0,138;0,000719;2,89E-05;0,0936;0,512;167,808;200347;4;20,58661;12;0;1
Aquí;Allison;spotify:track:5UXDQ8f5UN5FNZ48WHmrMC;0,383;0,742;10;-5,589;1;0,043;0,0207;0;0,101;0,283;180,142;240267;4;26,95208;12;0;1
Arctic;Valhall;spotify:track:4c3TPYPHOgChuFnzECCZPX;0,277;0,836;2;-6,563;1;0,0458;0,000225;0,0284;0,117;0,351;95,514;267128;4;23,12976;10;0;1
Are You Gonna Be My Girl;Jet;spotify:track:305WCRhhS10XUcH6AEwZk6;0,613;0,953;2;-3,435;1;0,0855;0,00148;0,000582;0,152;0,537;105,046;213800;4;20,87996;7;1;1
As Good As I Once Was;Toby Keith;spotify:track:7G6l2FtQyRhQgYgut2I6i8;0,68;0,87;5;-4,461;1;0,0393;0,266;0;0,109;0,646;119,075;227840;4;57,79785;10;1;1
As Your Casket Closes;Ghoul;spotify:track:0GcQGfOsWYrZNyjYAhW6l8;0,236;0,928;2;-9,128;1;0,043;3,70E-05;0,827;0,14;0,539;160,776;216027;4;37,63907;13;0;1
At The End Of The Day;Amon Tobin;spotify:track:2kmOzndbVl8GomtgVGmEHS;0,465;0,78;8;-7,064;1;0,0323;0,264;3,68E-05;0,35;0,329;81,989;192200;4;50,52402;7;0;1
Atravessar;Jazz Juice;spotify:track:1fhgkwVBCCABBWhqBf0YIJ;0,719;0,85;3;-8,255;0;0,0416;0,0134;0,743;0,0922;0,687;120,02;377746;4;34,14187;19;0;1
Austin;Blake Shelton;spotify:track:2WQAknZHrJAEQOFXe0F44P;0,605;0,609;7;-7,063;1;0,0278;0,188;0;0,0982;0,275;119,914;230333;4;40,549;10;1;1
Avril 14th;Aphex Twin;spotify:track:2MZSXhq4XDJWu6coGoXX1V;0,558;0,0259;8;-30,016;1;0,0458;0,996;0,871;0,0969;0,37;157,811;125520;4;61,62012;6;0;1
Awful. Beautiful Life;Darryl Worley;spotify:track:5uqbTKo8Ogq1sBQ3u940Xz;0,627;0,777;2;-6,91;1;0,0322;0,0189;1,09E-06;0,173;0,643;112,599;232800;4;35,66354;11;1;1
B.Y.O.B.;System Of A Down;spotify:track:0EYOdF5FCkgOJJla8DI2Md;0,556;0,981;1;-2,688;0;0,128;0,00662;0;0,218;0,716;101,423;255467;4;41,4057;12;1;1
Baby;Ashanti;spotify:track:6pWzCKTrKrwbUPzY8RLCoP;0,71;0,795;4;-3,005;0;0,0593;0,409;0;0,16;0,852;94,997;209120;4;19,9631;12;1;1
Baby It's You;JoJo Featuring Bow Wow;spotify:track:5TV96lkS2NF6kzILjORzLs;0,858;0,607;1;-4,199;1;0,118;0,0169;3,97E-05;0,0777;0,821;119,986;188293;3;66,31259;9;1;1
Baby Please;Allison;spotify:track:2JMLgdz2Y5CnNPE70A1OYK;0,628;0,541;1;-5,568;1;0,0246;0,292;0;0,0933;0,443;102,513;157960;4;49,69981;7;0;1
Baby U Are;Gerald Levert;spotify:track:4z9aQnKnoM0cDrLkUXdbPr;0,657;0,537;6;-7,825;0;0,199;0,0196;5,55E-06;0,102;0,636;172,212;317067;4;25,7608;16;1;1
Bad Attitude;Darkthrone;spotify:track:2a9ZwbOpnfAx1WGq6JPp14;0,144;0,983;9;-1,258;1;0,0914;0,0479;1,60E-05;0,0361;0,577;188,972;107067;4;27,50289;7;0;1
Bad Girl;New York Dolls;spotify:track:1d4shsNrsbescNJujez53D;0,351;0,928;4;-15,203;1;0,0504;0,0837;7,75E-06;0,384;0,196;133,698;207720;4;29,4699;12;0;1
Bad Girlfriend;Theory Of A Deadman;spotify:track:5m7on0zpnmeAXy72ANrmfU;0,504;0,957;0;-2,657;1;0,0529;0,00298;0;0,187;0,676;135,013;205627;4;30,8412;10;1;1
Bad Habits;Maxwell;spotify:track:0f62w1teOSaYgKObtzygaR;0,661;0,67;11;-7,645;0;0,258;0,0873;2,01E-06;0,0794;0,661;148,02;352280;4;67,8362;14;1;1
Badd;Ying Yang Twins Featuring Mike Jones & Mr. ColliPark;spotify:track:1Epb6Kfe3GTgKrrWs1Y4Wy;0,585;0,697;1;-6,126;0;0,357;0,0339;0;0,255;0,402;133,177;225187;5;31,4295;10;1;1
Balla Baby;Chingy;spotify:track:6HFXjB2fvQUBuE3B5kmvfW;0,928;0,643;11;-5,48;0;0,0759;0,0527;0;0,0988;0,895;93,006;215907;4;26,76394;9;1;1
Banana Boat (Day-O) - Remastered;Harry Belafonte;spotify:track:6FH2WiSVFv5qglEg1O8xNn;0,639;0,0996;0;-16,144;1;0,0992;0,949;0,00273;0,105;0,359;121,289;184693;4;29,16779;6;0;1
Barlights;fun.;spotify:track:4HBeHxm71PBKrc6MGtnAaZ;0,553;0,724;9;-5,531;1;0,067;0,16;0;0,0959;0,508;133,978;257360;4;37,96721;8;0;1
Barrage of Noise;Hirax;spotify:track:3W6vdOo00jNVvPJhvteeRh;0,371;0,738;6;-7,707;1;0,299;0,0187;3,94E-06;0,381;0,336;98,811;140053;4;46,15147;6;0;1
Be Like That;3 Doors Down;spotify:track:30lK6CcrHYtmw7wLd3h41t;0,484;0,671;7;-6,696;1;0,0247;0,00546;2,16E-05;0,115;0,288;96,118;236293;4;74,05869;8;1;1
Be With You;Enrique Iglesias;spotify:track:1lZ4j5WBURBwZ0M5TT46wP;0,69;0,871;1;-5,484;0;0,0329;0,0359;0,000843;0,0347;0,561;121,984;220160;4;42,31468;9;1;1
Beautiful;Christina Aguilera;spotify:track:3TCauNPqFiniaYHBvEVoHG;0,457;0,573;5;-3,866;0;0,0275;0,578;3,05E-06;0,114;0,0992;76,193;238560;4;29,82293;11;1;1
Beautiful Goodbye;Jennifer Hanson;spotify:track:5RUDbG8eDCHatEOo8Cu3t8;0,623;0,878;2;-3,662;1;0,0372;0,146;0,00191;0,137;0,608;113,225;258360;4;48,1559;11;1;1
Because Of You;Kelly Clarkson;spotify:track:3f3omU8n47Mqyab5nCaGyT;0,583;0,584;5;-5,362;0;0,0314;0,254;0;0,123;0,136;140,039;219493;4;39,06201;9;1;1
Because Of You;Ne-Yo;spotify:track:6CFPFnS9EcLs2I0nWqtWci;0,81;0,538;0;-5,784;0;0,0356;0,528;0;0,0951;0,828;109,97;266840;4;24,35569;9;1;1
Because Of You;Reba McEntire Duet With Kelly Clarkson;spotify:track:3f3omU8n47Mqyab5nCaGyT;0,583;0,584;5;-5,362;0;0,0314;0,254;0;0,123;0,136;140,039;219493;4;39,06201;9;1;1
Becoming the Bull;Atreyu;spotify:track:2MMrjobPrVLrozyfFXsFJx;0,488;0,936;1;-3,431;1;0,0699;0,000435;1,00E-05;0,106;0,398;95,009;220600;4;26,31409;8;0;1
Bed;J. Holiday;spotify:track:6TlRNJaezOdzdECnQeRuMM;0,684;0,606;5;-7,268;0;0,0504;0,17;0;0,058;0,723;127,901;275107;4;41,49527;13;1;1
Beer For My Horses;Toby Keith Duet With Willie Nelson;spotify:track:7E2DqvnVtbIrFrL5X6YH9Q;0,717;0,85;10;-5,329;1;0,0473;0,368;0;0,0495;0,805;119,005;204000;4;30,96252;12;1;1
Beggin';Madcon;spotify:track:5SlHTXLWa0nvh8VtGgKlJB;0,731;0,718;4;-7,51;0;0,0672;0,0226;0;0,0518;0,428;129,053;216520;4;56,88443;6;1;1
Bemoaned Animosity;Final Breath;spotify:track:5LF4eVyrf9k1ZbzlNZ6Yyx;0,44;0,981;2;-1,354;1;0,145;2,56E-05;0,00403;0,2;0,328;117,688;253867;4;45,23455;11;0;1
Bendix 1: The Tomorrow People;Raymond Scott;spotify:track:2VRPZo2QBfnY9JKxgtDg66;0,579;0,391;6;-18,39;0;0,914;0,938;0;0,246;0,683;101,459;66693;3;6,73588;3;0;1
Best I Ever Had;Gary Allan;spotify:track:120w1eBYfiYrSXtegu6uEb;0,273;0,59;6;-4,997;1;0,0295;0,00254;1,07E-06;0,108;0,214;174,863;251480;4;41,32197;13;1;1
Better Than Me;Hinder;spotify:track:10fddGyyeUquZZ2uPTjD7P;0,449;0,682;2;-5,295;0;0,029;0,205;0;0,175;0,254;139,924;223533;4;33,73045;9;1;1
Big Girls Don't Cry;Fergie;spotify:track:3Q4WeJmzxuDpzMu9QjQqbM;0,708;0,641;7;-4,296;1;0,0336;0,205;0;0,0945;0,253;113,082;268120;4;74,80411;10;1;1
Big Star;Kenny Chesney;spotify:track:6BJOQ94yeGXYwuR6X9QO1N;0,655;0,807;0;-7,674;1;0,0309;0,0056;2,42E-05;0,159;0,73;120,781;239560;4;16,96227;11;1;1
Birth Interlude;Clubroot;spotify:track:4wuqqKXIbFBB8MX0EYpj96;0,389;0,598;4;-8,473;1;0,0363;0,782;0,948;0,0825;0,0396;140,002;226147;4;22,35533;10;0;1
Bizarre Disco Junky;Synapscape;spotify:track:6fFHtMdeFXk26WxooZFzhm;0,331;0,752;5;-4,438;1;0,11;0,000246;0,0678;0,146;0,286;119,388;294040;1;56,4155;10;0;1
Black Metal - Re-Recorded Version;Venom;spotify:track:6DklrBMMZDz1ZFi5pD2h29;0,213;0,988;2;-6,048;1;0,0945;9,22E-06;0,124;0,55;0,176;92,73;188960;4;32,00464;10;0;1
Black Sails At Midnight;Alestorm;spotify:track:5K5lrptyRqoVYYDhADvzSM;0,493;0,977;5;-3,808;0;0,151;7,21E-06;0,00538;0,356;0,322;100,02;210987;4;55,87392;10;0;1
Blessed;Martina McBride;spotify:track:0nGzwlShUTBEQePuzMoUjN;0,587;0,629;7;-7,439;1;0,0424;0,183;0;0,0686;0,425;114,993;276600;4;39,80868;13;1;1
Blood in the Water;'Legally Blonde' Ensemble;spotify:track:2ewb4VJoSMG1FuSkFKoMgO;0,578;0,293;1;-12,594;1;0,479;0,647;0;0,334;0,51;139,609;289960;4;48,63488;11;0;1
Blood On Your Hands;Blessed By A Broken Heart;spotify:track:0JjmX5LqM9EQNnYNY8D3sl;0,463;0,885;9;-3,342;0;0,064;0,000207;0;0,327;0,0823;134,933;281627;4;27,16527;14;0;1
Blood Red Sentimental Blues;Cotton Jones;spotify:track:6m2OUSC736AxOVJ3W0FcEr;0,566;0,716;10;-6,254;1;0,0253;0,218;3,30E-06;0,185;0,679;92,982;276333;4;24,10008;9;0;1
Bloodstain;Pulley;spotify:track:47KmInwpMph2WLIrb6FjGz;0,506;0,953;5;-5,17;1;0,0554;2,73E-05;0,00233;0,363;0,81;97,016;164347;4;117,98198;5;0;1
Blow Me;DJ D;spotify:track:2ohXvQLyB5RbZ0du4fAQHX;0,461;0,93;8;-8,343;0;0,187;0,0531;0,733;0,177;0,14;163,934;371984;4;48,20956;19;0;1
Bludgeoned to Death;Suicide Silence;spotify:track:4PBOwceSDbHT7qiwUsBNQR;0,271;0,985;1;-3,756;1;0,127;2,22E-06;0,738;0,401;0,316;116,024;154107;3;63,81561;5;0;1
Blue Aphrodite;Jens Buchert;spotify:track:5ovM96XM7jgTMTLh5Cixel;0,569;0,463;1;-12,441;1;0,0284;0,237;0,733;0,148;0,218;109,039;190000;4;23,13921;13;0;1
Blue Ridge Mountain Blues;Bill Monroe;spotify:track:6ksmQLR5kwZYkBCrBbh8XF;0,611;0,777;3;-6,672;1;0,0684;0,653;0,37;0,677;0,873;128,852;145493;4;28,16776;9;0;1
Body Language;Jesse McCartney Featuring T-Pain;spotify:track:7lT9KJpfzMTNi9702WuNI8;0,643;0,748;0;-4,467;1;0,0364;0,0309;0;0,154;0,538;161,435;219213;4;18,00857;10;1;1
Body Language - Original Mix;M.A.N.D.Y.;spotify:track:52wJfSCcUt8qFkU0KYvQ4S;0,798;0,676;4;-10,455;0;0,0558;0,0119;0,9;0,0938;0,891;129,997;438013;4;45,28495;15;0;1
Bombay Jazz;Carlo Fashion;spotify:track:470NlXJBatHwrcnfGFJylg;0,65;0,72;11;-8,803;1;0,161;0,0238;0,14;0,367;0,738;154,664;170213;4;59,91442;4;0;1
Booboo Man (Mama. Look at Bubu);Lord Melody;spotify:track:3rHOHPInR6nI6bfBGJTBPh;0,46;0,461;10;-15,288;0;0,42;0,765;0;0,122;0,801;96,569;262813;4;43,3771;12;0;1
Bootylicious;Destiny's Child;spotify:track:31CsLSgn0HdZEVC8Bnnmvr;0,835;0,833;1;-4,364;0;0,284;0,00247;0;0,171;0,586;103,358;207733;4;26,35294;9;1;1
Bowling For Peace;Prasanna;spotify:track:7AkQooU3Nmt0TpXMAdTqiH;0,349;0,443;3;-15,045;1;0,0328;0,964;0,925;0,0872;0,657;135,03;426413;4;30,06283;21;0;1
Boy From School;Hot Chip;spotify:track:1L8H6AuK4TaMmolSL0N0mR;0,631;0,863;8;-3,963;0;0,0297;0,161;5,85E-05;0,0846;0,497;125,994;319653;4;77,17961;13;0;1
Boyfriend #2;Pleasure P;spotify:track:3taIcgVjePRzkdz0ZmJbOi;0,648;0,767;8;-5,052;1;0,0608;0,0219;0;0,19;0,796;141,906;207400;4;40,13089;7;1;1
Break Down Here;Julie Roberts;spotify:track:1xsGrsVJwG9zel8pefzVeo;0,649;0,501;1;-8,129;1;0,0304;0,144;0;0,0996;0,221;126,035;245493;4;39,30119;10;1;1
Break Down The House - Original Mix;Laidback Luke;spotify:track:2gjsOfgQlNQAhkmy7VY0yt;0,885;0,67;10;-5,829;0;0,0992;0,0235;0,139;0,117;0,367;127,001;387672;4;32,56398;17;0;1
Breed To Breathe - Live;Napalm Death;spotify:track:5SRUljUmfqsZiAAsMi74T6;0,303;0,999;2;-4,678;1;0,145;0,000317;0,323;0,947;0,0394;119,984;179120;3;31,96545;8;0;1
Broken;Lifehouse;spotify:track:5f6cTFoUenDiCJDGecYiuB;0,534;0,708;11;-5,732;1;0,0402;0,089;0;0,192;0,488;130,639;286480;4;45,46272;12;1;1
Broken;Seether Featuring Amy Lee;spotify:track:507bYMYfbm6sUS9iEAaeSd;0,448;0,61;3;-2,695;0;0,0342;0,0102;0,000491;0,135;0,214;123,762;258333;4;48,88537;12;1;1
Bug A Boo;Destiny's Child;spotify:track:3iZizHVmWHdaJbvcU65S6x;0,76;0,718;6;-3,087;1;0,147;0,00413;7,63E-06;0,18;0,927;104,42;212440;4;36,33562;13;1;1
Bump. Bump. Bump;B2K & P. Diddy;spotify:track:74jMwg2zsFMICzW3Wems6h;0,833;0,681;1;-6,028;0;0,215;0,0956;0;0,0414;0,887;95,48;282533;4;23,11831;10;1;1
Bűnöm A Rock;Kalapács;spotify:track:1UojLKRWTN0ieuToUb1Isd;0,516;0,986;9;-4,413;1;0,12;0,000696;0,00758;0,185;0,436;115,022;251653;4;17,1464;11;0;1
Buy Me A Rose;Kenny Rogers With Alison Krauss & Billy Dean;spotify:track:3Hl451i7KUVN84rr0n4U1o;0,635;0,296;3;-13,728;1;0,0298;0,562;1,97E-06;0,11;0,198;97,998;227067;4;37,7954;9;1;1
Cada Dia - Remix Romy Ram;Tercer Cielo;spotify:track:4bNKEDKrvAiw6f4B1GMbpc;0,539;0,731;3;-10,006;0;0,164;0,000419;2,49E-05;0,127;0,804;182,992;224420;4;61,26438;10;0;1
Calling All Angels;Train;spotify:track:0E29BKKGCJHcb7b9oIWgGB;0,454;0,839;3;-5,368;1;0,0441;0,0746;0;0,279;0,529;166,166;242200;4;34,74606;8;1;1
Can I Have It Like That;Pharrell Featuring Gwen Stefani;spotify:track:73Ijn0pKw1YJVP4OO4jUl7;0,745;0,525;7;-7,532;1;0,239;0,129;0;0,0811;0,376;100,99;235360;4;27,45814;8;1;1
Candyman;Christina Aguilera;spotify:track:5lUTzPuiloBHm1qEaJcJfF;0,686;0,789;8;-4,713;0;0,23;0,0125;0,0147;0,142;0,72;172,976;194213;4;39,37242;9;1;1
Can't Get You Out Of My Head;Kylie Minogue;spotify:track:4YE1DTZEXsYoYzW7H5WLu3;0,645;0,578;10;-7,606;1;0,0459;0,292;5,49E-06;0,0744;0,459;137,013;214627;4;43,35851;6;1;1
Can't Hold Us Down;Christina Aguilera Featuring Lil' Kim;spotify:track:0cv1Mnb47oMvjVKMc2cyZw;0,859;0,658;8;-4,481;1;0,192;0,0326;0,00181;0,0651;0,538;98,989;255267;4;28,70291;9;1;1
Can't Let You Go;Fabolous Featuring Mike Shorey & Lil' Mo;spotify:track:6lrRIfQDcikJ5y5DtyZPuJ;0,646;0,6;9;-6,569;1;0,458;0,231;0;0,0794;0,811;192,082;223973;4;26,98133;14;1;1
Carlene;Phil Vassar;spotify:track:339hc1FygD8oJl4kg24IjG;0,587;0,88;4;-5,725;1;0,0324;0,0784;0;0,182;0,778;129,222;246240;4;20,93198;10;1;1
Caustic Disco;Velvet Acid Christ;spotify:track:10ZjRxNkqhgs4BKLuggiil;0,564;0,878;7;-6,835;1;0,0499;9,11E-06;0,793;0,671;0,483;127,046;287600;4;50,27437;11;0;1
Celebrity;Brad Paisley;spotify:track:5xr4NKzmwqr0cvRMZr7cFz;0,643;0,837;0;-4,535;1;0,0316;0,379;8,76E-06;0,18;0,787;123,777;223400;4;17,72421;13;1;1
Celtic Pride;The Mahones;spotify:track:2lAbqS3XIaHpZyhwW3pMjg;0,329;0,812;2;-11,48;1;0,0872;0,0141;0,0786;0,0603;0,4;165,013;272880;4;97,84874;9;0;1
C'est peut-être;Mon Cote Punk;spotify:track:4G3by7UeNL6qSaA6khGaZs;0,595;0,488;6;-7,182;0;0,0403;0,283;7,53E-05;0,107;0,573;131,705;209680;4;28,31042;9;0;1
Cha-Cha Slide;Mr. C The Slide Man;spotify:track:5xM801uXVrqhUb0PzeSLvJ;0,854;0,903;11;-6,821;0;0,147;0,0423;0,00576;0,316;0,814;131,02;222080;4;53,3623;5;1;1
Change Clothes;JAY-Z;spotify:track:1xE7osYAtzz1PvLoVdOp5E;0,895;0,628;10;-3,79;1;0,0473;0,0412;0;0,059;0,34;104,009;258427;4;35,85698;14;1;1
Charity;Synapscape;spotify:track:3q7I36leqmQqjs4xAhXrO4;0,645;0,984;0;-5,013;1;0,315;0,017;0,946;0,34;0,0466;132,894;249013;4;16,59496;11;0;1
Charlotte Mittnacht (The Fabulous Destiny Of&);DeVotchKa;spotify:track:4Fv5cPfTGOw4bkjAtPH77F;0,192;0,352;7;-8,045;0;0,0368;0,41;8,16E-06;0,34;0,387;70,877;186573;4;21,00606;7;0;1
Chase;The American Dollar;spotify:track:2BQWDFPMTDgHle466xgBDS;0,422;0,0689;9;-27,438;0;0,0322;0,818;0,942;0,101;0,0364;129,898;153996;4;61,40671;5;0;1
Chicks Dig It;Chris Cagle;spotify:track:0nprj2O0teCglthuhzTG5o;0,596;0,921;7;-4,987;1;0,0504;0,0221;0;0,303;0,703;104,024;210560;4;29,07478;11;1;1
Chris Rock;Trulz & Robin;spotify:track:2RGzh7cgRRBdTIti8b4ODH;0,814;0,696;10;-9,231;0;0,062;0,000461;0,702;0,0669;0,272;122,026;289254;4;39,17846;10;0;1
Circus;Britney Spears;spotify:track:7jk7gqyEonmVVYahZN5zhW;0,791;0,733;6;-5,215;0;0,052;0,147;0,000381;0,0713;0,761;114,98;192360;4;33,47973;9;1;1
Classical Instrumental: Merry Go Round - Raga: Fusion;Kadri Gopalnath;spotify:track:16KfyjxUMFQTiW1ANgbHWL;0,722;0,686;6;-13,659;1;0,0398;0,313;0,589;0,328;0,962;119,88;358933;4;45,93453;19;0;1
Cleaning This Gun (Come On In Boy);Rodney Atkins;spotify:track:292hQrFkBjVmbHRqGVqBta;0,514;0,798;2;-3,669;1;0,0494;0,0612;0;0,104;0,677;145,995;226813;4;36,97279;12;1;1
Closer To Love;Mat Kearney;spotify:track:09b5vch8cDyMN8vYA2lEwk;0,641;0,601;0;-8,51;1;0,0337;0,508;9,33E-06;0,121;0,553;104,984;217560;4;33,38243;9;1;1
Closet Punk;D.R.I.;spotify:track:00cAz18F7uLKFwls8OrhNo;0,455;0,988;3;-3,075;0;0,122;0,0128;0,983;0,359;0,484;98,85;31560;4;9,53802;3;0;1
Clothes Off!!;Gym Class Heroes;spotify:track:6miqdoICzUXCL5UHCuucjK;0,761;0,69;11;-5,56;1;0,11;0,0225;0;0,34;0,742;114,987;235480;4;69,93886;10;1;1
Clouds Of Dementia;Candlemass;spotify:track:6cHZf7RbxXCKwEkgAZT4mY;0,162;0,836;9;-3,009;1;0,0473;0,000111;0,00457;0,174;0,3;86,964;338893;4;65,32887;13;0;1
Cloudwalker;Horse The Band;spotify:track:2kwxqGVAO4QBaTHDpohE8g;0,303;0,934;2;-5,379;1;0,0767;6,67E-05;0,0969;0,11;0,114;132,744;288707;4;49,78768;11;0;1
Collagen Rock (demo);Mclusky;spotify:track:7DbtjrzsHu8hQsuQktK3G5;0,512;0,982;11;-5,101;1;0,151;0,00473;0;0,0713;0,127;120,574;178587;4;21,21405;8;0;1
Collapse;XE-NONE;spotify:track:3eSzI7C7jww1IDksWXurmK;0,359;0,926;6;-2,564;0;0,0568;0,000927;0,0254;0,117;0,326;160,038;352500;4;36,41732;20;0;1
Come A Little Closer;Dierks Bentley;spotify:track:4HE1X1MtjHCjxicUHYQmyW;0,585;0,577;5;-5,752;1;0,0228;0,0587;0,00369;0,102;0,335;80,02;282720;4;22,54452;11;1;1
Come On Over Baby (All I Want Is You);Christina Aguilera;spotify:track:7A0apkTSTvMbSI7yplcmlh;0,829;0,915;8;-3,205;1;0,106;0,226;1,25E-05;0,246;0,779;118,903;203333;4;33,92523;8;1;1
Coming Back Around - Domu Re-Beat Mix;Domu;spotify:track:3ux9LeNRAgENFLcI7ZFebb;0,364;0,866;1;-6,798;1;0,139;0,0134;0,00618;0,109;0,963;189,091;374773;3;29,83122;19;0;1
Complicated;Avril Lavigne;spotify:track:5xEM5hIgJ1jjgcEBfpkt2F;0,585;0,776;5;-5,898;1;0,0459;0,0572;7,74E-06;0,3;0,427;77,987;244507;4;26,44392;7;1;1
Concubine;Converge;spotify:track:1ui9EPnCqTurWbYICi9Gld;0,206;0,968;9;-3,648;0;0,201;0,000309;0,00959;0,253;0,187;168,116;79333;4;34,99892;4;0;1
Condemning Race;Ryan's Hope;spotify:track:1r88YcBahNIifVvaUJ443l;0,412;0,934;3;-4,202;1;0,141;0,00476;6,50E-06;0,105;0,534;139,79;101293;4;39,94075;4;0;1
Corazón De Metal;Muro;spotify:track:4DapvOmqsXH7q9z6aCniWd;0,539;0,827;7;-8,409;1;0,0411;6,56E-05;0,00744;0,0946;0,476;114,993;263533;4;39,05829;10;0;1
Corinne. Corinna;Larz-Kristerz;spotify:track:62kxVPrBJkBa9br4YCwtdo;0,563;0,704;7;-5,451;1;0,0274;0,441;0;0,287;0,587;116,072;156827;4;44,69837;8;0;1
Corporeal;Broadcast;spotify:track:5G2hkgy9evYecU5iEuNNzj;0,631;0,609;2;-9,803;1;0,0509;0,349;0,777;0,223;0,267;124,983;235013;4;36,27817;11;0;1
Could It Be;Jaheim;spotify:track:1eDmhyYxYa8VG360HVPzUh;0,655;0,553;9;-6,854;0;0,0891;0,0636;1,73E-05;0,126;0,531;70,033;224667;4;23,93606;7;1;1
Cowboys Like Us;George Strait;spotify:track:1J02p0AlYptTfos2M3hLW6;0,462;0,549;0;-6,224;1;0,0308;0,225;0;0,148;0,261;127,98;219160;3;49,93105;7;1;1
Crazy;Gnarls Barkley;spotify:track:2N5zMZX7YeL1tico8oQxa9;0,835;0,741;8;-1,609;1;0,0339;0,0172;0,0577;0,0826;0,612;111,963;182066;4;23,04284;9;1;1
Creature Feature;Satan's Pilgrims;spotify:track:2wvuhqCgw0FWITPhcKIsYq;0,474;0,777;4;-6,946;1;0,0361;0,139;0,833;0,0969;0,448;133,13;280253;4;20,25595;9;0;1
Creo;Esenia;spotify:track:6B0cjEbpROMDcDeRCrm9hb;0,207;0,777;10;-3,434;1;0,0438;0,000674;0,306;0,0868;0,162;136,855;366667;4;84,66817;13;0;1
Crush;David Archuleta;spotify:track:4wCD0qOFNRu1Q6O3N6ycm4;0,57;0,664;0;-4,718;0;0,0322;0,00836;1,20E-05;0,0719;0,487;162,084;213520;4;33,46;8;1;1
Customer;Raheem DeVaughn;spotify:track:7vPtkrQdS0ZV0zX7qKHahN;0,635;0,518;1;-7,131;1;0,0439;0,463;0;0,169;0,513;124,044;245067;4;25,7596;12;1;1
Daddy Won't Sell The Farm;Montgomery Gentry;spotify:track:2Wt173KM9i97KSB52qCuqj;0,708;0,728;7;-7,039;1;0,0298;0,011;2,26E-05;0,0556;0,704;119,881;258640;4;33,81641;15;1;1
Daft Punk Is Playing at My House - Soulwax Shibuya Mix;LCD Soundsystem;spotify:track:7d7l6Qnbnqv9nkuHrh6p1N;0,658;0,954;9;-5,376;1;0,0792;0,000891;9,80E-06;0,115;0,486;132,029;411084;3;37,91539;18;0;1
Dance of Lust;Freakshow;spotify:track:1ZlCP70vdRmQI4qMvPpXIS;0,452;0,983;2;1,137;0;0,0694;0,00136;0,000192;0,133;0,556;148,829;216880;4;52,53548;13;0;1
Dance Till Dawn;Heartsrevolution;spotify:track:3KaE0SOeu9rvhXRiNyHfsH;0,699;0,919;1;-4,419;1;0,041;0,00327;0,337;0,327;0,451;112,025;208680;4;25,83482;12;0;1
Dani California;Red Hot Chili Peppers;spotify:track:10Nmj3JCNoMeBQ87uw5j8k;0,556;0,913;0;-2,36;1;0,0437;0,0193;8,59E-06;0,346;0,73;96,184;282160;4;53,80971;10;1;1
Dantzig Station;State Of Art;spotify:track:5Z3nrC0JbJmXaOGiXTuNFk;0,726;0,837;11;-7,223;0;0,0965;0,373;0,268;0,136;0,969;135,347;192720;4;28,29051;10;0;1
Darkness and Death;Watain;spotify:track:3AxjHgF9kUKBYXlaGl0qKl;0,254;0,849;4;-3,255;1;0,164;1,37E-05;0,683;0,338;0,0593;111,362;253240;4;47,53139;10;0;1
Day of the Dead;XE-NONE;spotify:track:2GbmFUwItlSUFpzk8hkH4K;0,412;0,966;10;-0,366;1;0,0775;0,00436;2,97E-06;0,352;0,454;79,971;282000;4;26,26981;10;0;1
Days Go By;Dirty Vegas;spotify:track:2RLpFEf6d0708O7Bqhjyxg;0,786;0,853;9;-8,274;0;0,0688;0,0499;0,0872;0,35;0,309;126,99;432147;4;18,48264;19;1;1
Death Defying Years;Half the World;spotify:track:7B3LRoWMuBFvYImwsSsXcm;0,454;0,911;2;-3,857;1;0,0794;0,0184;0;0,128;0,445;93,218;186760;4;58,33992;6;0;1
Death Metal;Vader;spotify:track:7xQRR6gqZkngT3AFpUiKlF;0,214;0,959;9;-4,791;1;0,123;3,89E-05;0,864;0,0865;0,298;126,606;158360;4;63,70952;6;0;1
Deathmask Divine;The Black Dahlia Murder;spotify:track:3oCTRjyXmT1MMn4nVQMKBm;0,471;0,993;1;-3,738;1;0,191;7,36E-06;0,00216;0,0925;0,0672;113,996;217253;4;18,99449;12;0;1
December. 1963 (Oh. What a Night) - 2006 Remaster;Frankie Valli & The Four Seasons;spotify:track:1lXZFi0khsqj7cJMamc9Op;0,728;0,592;1;-9,518;1;0,0251;0,0569;3,23E-06;0,0409;0,965;104,407;200427;4;55,56276;9;0;1
Deep. Deep;Have A Nice Life;spotify:track:71zmhACsxU6kGNtZBWSiiZ;0,415;0,962;11;-2,781;0;0,0654;0,00909;0,818;0,249;0,241;135,059;323556;4;36,24582;12;0;1
Dietro casa;Ludovico Einaudi;spotify:track:1NNrdT3dU1hHmyVSLdV7JO;0,385;0,0944;8;-28,817;1;0,0581;0,986;0,869;0,0994;0,0289;103,808;233467;4;45,16532;11;0;1
Different World - 2015 Remaster;Iron Maiden;spotify:track:6D2YrcjFi1XgCI3ynbVr7E;0,406;0,975;4;-4,285;0;0,0937;0,000325;0,00018;0,613;0,602;91,826;258187;4;115,41355;9;0;1
Dirty Love;Division Of Laura Lee;spotify:track:5x6UOJnAnxMC6qZ0gVdNSV;0,365;0,976;6;-3,481;1;0,0538;0,00174;0,561;0,223;0,668;148,093;191588;4;27,79839;13;0;1
Divorced;Blacklisted;spotify:track:0iAdSLiQBIizTAiLUP7p5E;0,365;0,922;1;-2,644;1;0,071;0,00285;0;0,321;0,29;77,25;89427;4;45,77202;4;0;1
DJ Play A Love Song;Jamie Foxx Featuring Twista;spotify:track:2F1H1Tm2qJmeiFcUi7vZiL;0,793;0,618;2;-8,664;1;0,108;0,109;0;0,331;0,31;119,984;258800;4;33,7315;12;1;1
Djazeria;Mon Cote Punk;spotify:track:2UHz6N97V7BVINyGvs1pHi;0,729;0,749;11;-6,651;0;0,208;0,664;0;0,132;0,793;85,965;193187;4;32,40331;9;0;1
Do It To It;Cherish Featuring Sean Paul Of The YoungBloodZ;spotify:track:6MBEjJlXQYXr8dfxDvZuoA;0,826;0,67;2;-5,559;1;0,169;0,00798;0;0,495;0,794;74,007;226293;4;32,96251;8;1;1
Do You Run Away Now - Techno Kingdom Mix;Cappella;spotify:track:36ezp3NMfqQGFcuYJYGEzT;0,716;0,736;9;-11,715;1;0,0319;0,00731;0,0167;0,0594;0,617;144,993;469147;4;30,05515;26;0;1
Do You Want To;Franz Ferdinand;spotify:track:0vek0LcCbvcMtj0GkXMMJy;0,413;0,942;0;-2,871;1;0,0453;0,0783;0,000412;0,689;0,759;123,085;215000;4;80,74815;7;1;1
Doctor Doctor;Michael Schenker;spotify:track:1kUZTOYBORnOjvFP7tM1p5;0,251;0,875;2;-3,938;0;0,0641;0,0118;0;0,127;0,308;136,122;287280;4;47,38856;16;0;1
Don't Let Me Get Me;P!nk;spotify:track:1BfRdnfPYrni7zj4ANodBX;0,621;0,849;3;-4,754;1;0,0771;0,00234;0;0,0621;0,62;98,523;210693;4;54,29087;6;1;1
Don't Matter;Akon;spotify:track:7I6DceMT3utDOHjcYCbrr4;0,798;0,443;2;-6,062;1;0,0403;0,244;0;0,326;0,354;125,232;293053;4;29,04636;14;1;1
Don't Wait;Dashboard Confessional;spotify:track:0iufOeur7VOffzvM1U35QN;0,422;0,836;3;-4,088;1;0,0361;0,000251;0,00166;0,351;0,165;154,013;245000;4;38,8046;12;1;1
Don't You Forget It;Glenn Lewis;spotify:track:7vKYuqKAySUizIkcAl4Oal;0,708;0,513;6;-7,748;0;0,0888;0,118;0;0,114;0,31;89;248773;4;21,13532;11;1;1
Dope House Family;South Park Mexican;spotify:track:2faJAgAd7m29GgjWYVN1QJ;0,764;0,72;1;-3,086;0;0,0976;0,133;0;0,113;0,515;85,993;680920;4;46,82546;25;0;1
Dope House Intro;South Park Mexican;spotify:track:5AmtStkLbSlQVj19hrByja;0,642;0,705;11;-6,976;0;0,195;8,82E-05;0,000144;0,0886;0,201;157,08;99333;4;42,82105;4;0;1
Dream On;Depeche Mode;spotify:track:17ZX2lirfQGxbPLcn25sf7;0,811;0,563;10;-9,452;0;0,0412;0,271;0,00158;0,132;0,631;127,986;260680;4;39,19379;13;1;1
Dressed For Friend Requests;Drop Dead, Gorgeous;spotify:track:3E52b2s2M0tOtBKkXsNFrq;0,188;0,889;0;-4,91;0;0,119;0,000458;0,00533;0,0451;0,138;96,543;156707;4;69,82801;5;0;1
Drift;Jan Jelinek;spotify:track:6aorRgAdE6XinEMHvgqlC1;0,859;0,315;6;-18,074;0;0,107;0,345;0,925;0,108;0,153;120,518;309387;4;80,47378;10;0;1
Drive (For Daddy Gene);Alan Jackson;spotify:track:3xzoXqypESowMIDPX760Ds;0,709;0,61;11;-7,206;1;0,0434;0,317;0;0,102;0,475;125,189;242067;4;23,93504;9;1;1
Drugs Or Jesus;Tim McGraw;spotify:track:56DXpIS5RAMfRFs2mVcjf7;0,498;0,673;0;-4,589;1;0,0268;0,303;4,01E-05;0,0943;0,278;146,943;279933;4;56,7129;13;1;1
Duffle Bag Boy;Playaz Circle Featuring Lil Wayne;spotify:track:09lqmgrszQIGrS5tFlrmhE;0,66;0,65;1;-10,516;0;0,227;0,0543;0;0,237;0,685;143,922;238387;4;23,62248;14;1;1
Dumbledore's Farewell;Nicholas Hooper;spotify:track:0bmb8jg6ljmt8qBmIsMNvL;0,237;0,062;9;-22,176;0;0,0513;0,417;0,893;0,178;0,0357;114,738;142253;3;37,64359;6;0;1
Echoes of Fashion;Djako;spotify:track:2kEP1TKpYEiWS1mVLaP47f;0,71;0,787;7;-7,962;0;0,0365;0,00649;0,815;0,0609;0,422;128,05;288750;4;31,40298;11;0;1
Ehu Girl;Kolohe Kai;spotify:track:7hmvSpZSdBAaJmy0pHcGwh;0,803;0,625;0;-5,379;1;0,0382;0,135;0;0,0888;0,94;133,013;229760;4;22,91969;9;0;1
El Orden del Universo - Gravy Indie Union Remix;D3ndron;spotify:track:5rUdFTUT2Mgnbk0gLJ9QEj;0,779;0,946;0;-6,069;1;0,0636;0,00485;8,16E-05;0,189;0,604;119,945;310067;4;64,82979;13;0;1
El vacilon;7th Poet;spotify:track:5ZTjBClIl6dURzTo3ku69K;0,838;0,832;4;-6,507;0;0,149;0,387;0;0,24;0,964;90,027;203573;4;33,73327;9;0;1
Electricity (as made famous by OMD);Apoptygma Berzerk;spotify:track:1k6CD7AKuLf1RE3Wv5Xwfj;0,567;0,98;0;-7,029;1;0,0315;0,0224;0,614;0,292;0,67;144,847;301880;4;28,0421;14;0;1
Elegies (1997) for Mezzo-Soprano. Baritone and Orchestra: V. In paradisum;Richard Danielpour;spotify:track:7JUoPPBicWtmQGUXhub4ID;0,153;0,0458;10;-25,959;1;0,0416;0,951;0,0233;0,0743;0,0329;90,586;393800;4;66,71642;16;0;1
Embers;Max Richter;spotify:track:5y13OjQquerzFK0dIDETgG;0,277;0,0309;0;-28,141;0;0,0351;0,987;0,793;0,538;0,0702;65,546;218307;4;63,51774;8;0;1
Emotional;Carl Thomas;spotify:track:2qYIdNaktgtpaPHxDVMXbE;0,548;0,542;1;-8,435;0;0,0409;0,544;0;0,148;0,389;83,106;271868;4;62,29601;10;1;1
Encarnar no Seu Corpo;Sarcasmo;spotify:track:2KS0Ce6rbK7nsV67Lj85uQ;0,191;0,996;2;-4,596;1;0,159;5,12E-05;0,132;0,315;0,0752;110,512;318360;4;29,58095;12;0;1
Eppo Varuvaro - Johnpuri - Adi;Neyyattinkara Vasudevan;spotify:track:0SpnECT7VaSHxbRqR6gC3E;0,435;0,806;7;-5,222;1;0,0819;0,395;0;0,0842;0,596;93,162;258053;4;24,19913;9;0;1
Era De Maggio;Tito Schipa;spotify:track:1YJ7qQEFIkh2r8VEb5X8lp;0,395;0,248;1;-10,025;1;0,0519;0,979;0;0,177;0,324;85,174;207888;3;34,50252;10;0;1
Escape;Enrique Iglesias;spotify:track:6KRi6CBUitENJB4HQbSVSD;0,777;0,852;11;-5,329;1;0,0295;0,0299;0,000498;0,145;0,877;125,994;208040;4;23,7428;8;1;1
Evaroora - Mohanam - Misra Chappu;Neyyattinkara Vasudevan;spotify:track:1GESMbuEZlYThRwKIANXtR;0,577;0,657;7;-8,13;1;0,113;0,42;0,00129;0,0859;0,298;152,517;1661120;4;15,79032;61;0;1
Even The Sand Is Made Of Seashells;Thursday;spotify:track:4W9F7z80oilOCTLIDsXdvS;0,289;0,781;10;-5,981;0;0,037;0,0195;0,0633;0,128;0,194;120,259;250493;4;28,89805;13;0;1
Ever The Same;Rob Thomas;spotify:track:02acUMylPHMjJ9miDc9b38;0,435;0,729;1;-4,818;0;0,0307;0,0152;2,63E-05;0,11;0,524;188,017;256600;4;41,42314;10;1;1
Every Other Time;LFO;spotify:track:3uD4aRM8QoEAAhwpOke7QU;0,689;0,922;11;-4,56;1;0,0372;0,0143;0;0,335;0,72;103,975;247867;4;17,72377;13;1;1
Everybody Wants To Go To Heaven;Kenny Chesney With The Wailers;spotify:track:3u0iJcNE8fHupAO2OOqGlC;0,705;0,693;11;-7,153;1;0,155;0,374;1,21E-05;0,65;0,555;137,741;252987;4;23,85697;8;1;1
Everytime We Touch;Cascada;spotify:track:1eOHw1k2AoluG4VyjBHLzX;0,635;0,974;8;-5,373;1;0,052;0,00474;1,56E-05;0,41;0,495;142,049;196467;4;55,66834;11;1;1
Excuse Me Miss;JAY-Z;spotify:track:0ZHu7jkSSrT0eK4OxuG4O5;0,699;0,862;6;-5,531;1;0,29;0,0304;0;0,0884;0,885;92,861;281240;4;39,42346;12;1;1
Exterminate Annihilate Destroy;Rotersand;spotify:track:7nkE8IOqy4ZYFIjpd3CQMa;0,574;0,921;0;-5,747;0;0,0695;0,00157;0,475;0,669;0,257;121,995;317173;4;33,4943;6;0;1
F.U.R.B. (F U Right Back);Frankee;spotify:track:7jElrCgQJBcVLsbMRKni2t;0,787;0,632;8;-3,487;1;0,137;0,103;6,78E-06;0,388;0,612;141,026;198173;4;18,091;9;1;1
Fabulous;Jaheim Featuring Tha Rayne;spotify:track:7A1uqFLf1ZogDxxQZDoZHK;0,657;0,464;4;-7,573;0;0,0614;0,548;0;0,161;0,598;75,982;227067;4;37,16102;8;1;1
Face Down;The Red Jumpsuit Apparatus;spotify:track:4wzjNqjKAKDU82e8uMhzmr;0,545;0,932;7;-2,189;0;0,0399;0,000665;0;0,127;0,465;92,956;192000;4;37,74461;5;1;1
Fallen;Sarah McLachlan;spotify:track:0vruudBLCE0inwsooo7V65;0,503;0,492;2;-7,607;0;0,0357;0,61;2,40E-05;0,0853;0,352;74,967;227000;4;40,04613;8;1;1
Falling Down;Selena Gomez & The Scene;spotify:track:6PAL3nzEgroNOMurJAjpFX;0,58;0,898;0;-3,517;1;0,0832;0,000146;7,87E-06;0,359;0,805;140,016;184680;4;28,03375;10;1;1
Fallout (Of Our Being);Nausea;spotify:track:6SO0RfXtb6kgYO17lNwKn8;0,308;0,935;2;-7,309;0;0,124;0,00254;0,203;0,303;0,171;89,547;115853;4;71,55419;4;0;1
Fat Lip;Sum 41;spotify:track:4KacUpvbA3Mfo05gttTjhN;0,402;0,914;9;-5,215;1;0,142;0,000579;0;0,065;0,626;196,505;178267;4;40,7393;9;1;1
Feel you (I Love Trance Mix);Marc Et Claude;spotify:track:5uUZVbmtFxOWVqREYEeGhA;0,656;0,847;6;-7,47;0;0,0375;0,000123;0,329;0,0807;0,43;136,988;416133;4;28,94016;14;0;1
Feelin' On Yo Booty;R. Kelly;spotify:track:7cFQFr1VpkSp3BTIn7X719;0,737;0,258;10;-7,784;1;0,0528;0,259;2,71E-06;0,101;0,83;61,028;245867;4;26,67706;10;1;1
Feelin' Way Too Damn Good;Nickelback;spotify:track:4i2WUspbfNZCnhkypoFKrM;0,51;0,818;5;-5,626;1;0,0415;0,000722;0,000659;0,151;0,395;156,05;256453;4;27,13306;15;1;1
Feeling Good - No Apologize Radio Edit;DJ Wag;spotify:track:0wuMFLlxogpv7clNUG9KmW;0,71;0,796;0;-9,427;1;0,0554;0,00875;0,859;0,101;0,523;135,012;239964;4;18,22517;14;0;1
Feels Just Like It Should;Pat Green;spotify:track:4jVipHalgvFVz3Smp4aQID;0,658;0,742;1;-3,511;1;0,0319;0,39;0,000331;0,125;0,698;123,316;227027;4;42,51601;8;1;1
Feels Like Tonight;Daughtry;spotify:track:2tVCFmn2zKg2wGXS1TCIIA;0,483;0,907;6;-3,166;1;0,045;0,000822;0;0,117;0,352;130,984;238701;4;36,36371;8;1;1
Female Buddha Taras Mantra - Tibetan Chant plus Urban Groove;Lama Surya Das & Steven Halpern;spotify:track:4jltSJWHhH9IBq980mhfTg;0,603;0,253;5;-14,336;0;0,0282;0,67;0,0854;0,116;0,0999;76,912;347653;4;22,75065;17;0;1
Few and Far Between;Shutdown;spotify:track:3DNCnnOLmDRtm3WHId4Gib;0,42;0,973;2;-4,524;1;0,142;0,000162;0,0357;0,0969;0,336;94,212;172427;4;7,67978;3;0;1
Fighter;Christina Aguilera;spotify:track:7nXq1vaZiz7PdbfojpPjW5;0,435;0,92;4;-1,357;0;0,201;0,235;0,000353;0,552;0,45;188,899;245960;4;38,90238;12;1;1
Find Out Who Your Friends Are;Tracy Lawrence;spotify:track:73njvNJmgXA180vTPkA16C;0,524;0,797;2;-4,777;1;0,0329;0,209;0;0,286;0,783;159,859;227840;4;40,24797;11;1;1
Find You're Gone;Wolfsheim;spotify:track:13OoB5BIXincTLw8GcjbNT;0,694;0,834;5;-4,469;0;0,041;0,0188;0,0839;0,0807;0,845;120,021;263133;4;31,74872;9;0;1
Fire Above. Ice Below;Agalloch;spotify:track:0xdcWEV8BP3xuZRuibkXo1;0,4;0,871;7;-4,914;0;0,0506;0,000283;0,813;0,361;0,126;132,012;629173;3;22,35277;21;0;1
Fire Burning;Sean Kingston;spotify:track:2oENJa1T33GJ0w8dC167G4;0,839;0,804;1;-2,513;1;0,0329;0,0192;0;0,331;0,888;122,973;239987;4;24,88845;8;1;1
Fire! Battle! In Metal!;Dream Evil;spotify:track:0eiC6sT7dUO81PRXK0DR8s;0,337;0,99;7;-3,264;0;0,151;4,28E-05;0,000337;0,332;0,126;81,108;191400;4;39,62852;10;0;1
First Breath After Coma;Explosions In The Sky;spotify:track:619bPJZXSzqYi5vysR51Sa;0,328;0,479;4;-13,336;1;0,0313;0,0185;0,682;0,268;0,0569;119,596;574000;4;36,97853;22;0;1
Flashing Lights;Kanye West Featuring Dwele;spotify:track:31I3Rt1bPa2LrE74DdNizO;0,639;0,628;6;-7,578;0;0,0399;0,0381;0;0,386;0,43;90,482;237507;4;31,82586;18;1;1
Folk Melody (based on Rabindra Sangeet);Tarun Bhattacharya;spotify:track:2R5OmNmp06V7pwRdVZinLL;0,429;0,532;2;-14,171;1;0,0316;0,807;0,905;0,312;0,48;137,65;767987;3;60,17651;30;0;1
Foolish;Ashanti;spotify:track:6zMUIb4uce1CzpbjR3vMdN;0,665;0,696;0;-5,763;1;0,0521;0,337;0;0,106;0,711;90,116;227387;4;25,28125;9;1;1
Fools Of Contradiction;Magrudergrind;spotify:track:1cZIYPGLFnH4TKY3tzcKO8;0,41;0,952;1;-5,98;1;0,205;7,60E-05;0,0195;0,598;0,198;124,926;78640;4;49,33636;4;0;1
For You;Staind;spotify:track:464HG7mt7NNKtKY0Hco8Y8;0,318;0,958;10;-2,683;1;0,442;0,0603;4,68E-06;0,0981;0,3;163,089;206200;4;38,36981;11;1;1
Forever Heavy;Black Moth Super Rainbow;spotify:track:56e8Ac9LVRJf3SvVa9vVg0;0,384;0,735;5;-4,856;0;0,0383;0,703;0,921;0,232;0,276;133,906;256013;4;78,69983;10;0;1
Forgive;Rebecca Lynn Howard;spotify:track:6ry1WIweLN1nlQTNIYZ0JB;0,612;0,461;7;-5,698;1;0,0317;0,0441;0;0,103;0,232;134,281;238573;4;34,7227;10;1;1
Forgotten Scriptures;Disgorge;spotify:track:1fTG9HSw7saP8GIScPkGt2;0,24;0,984;5;-8,998;1;0,138;0,000204;0,877;0,202;0,0363;136,051;278853;4;65,05711;15;0;1
Frosthauch;Neun Welten;spotify:track:7uAG64VzhjGIXhyTOJiKgS;0,557;0,238;4;-12,889;0;0,0256;0,829;0,975;0,102;0,35;77,967;246133;4;50,25268;11;0;1
Full Metal Swimsuit;Agoraphobic Nosebleed;spotify:track:4ESpRPaf5sBc4rEPCkKtba;0,298;0,943;10;-4,019;0;0,18;8,53E-05;0,00382;0,52;0,199;102,7;34560;4;0;2;0;1
Fun in America;Jayne County;spotify:track:0pDrgytQok3cwE3RFFuCSW;0,359;0,979;2;-6,998;1;0,196;0,0105;0;0,0763;0,256;172,611;187907;4;20,91098;10;0;1
Fun Time;Iggy Pop;spotify:track:78eyZlGD7IWNwD4JyTfvCG;0,368;0,736;0;-9,128;1;0,0433;0,134;0,14;0,649;0,655;104,527;241067;4;31,97824;11;0;1
Funeralopolis;Electric Wizard;spotify:track:6DU1WKdUnR7OZkw7BZl9P0;0,0811;0,658;11;-6,804;1;0,051;1,41E-05;0,903;0,111;0,251;62,825;523333;4;24,52345;16;0;1
Furtive Monologue;Despised Icon;spotify:track:6D6wXQdRpFXhGPnt2b1dmq;0,381;0,964;5;-3,726;0;0,146;0,0104;0,0863;0,129;0,405;144,017;202227;5;25,14027;11;0;1
Game Over (Flip);Lil' Flip;spotify:track:79lmvU7Qmc8QpXilbSk37z;0,813;0,59;8;-8,998;1;0,378;0,00106;5,07E-05;0,0809;0,602;159,961;232467;4;38,94443;8;1;1
Ganesh Vandana;Brahmins;spotify:track:0hViEu5RuAx4Awe2ZJ5BRI;0,428;0,463;8;-9,594;1;0,0436;0,771;0;0,0899;0,0701;119,61;515106;3;39,51076;15;0;1
Gardermoen;Julia Kent;spotify:track:1WEGB2t1ZYHjQODNPaiftb;0,434;0,148;7;-20,672;0;0,0367;0,847;0,873;0,126;0,0939;127,997;250587;4;32,51601;10;0;1
G'd Up;Snoop Dogg Presents Tha Eastsidaz;spotify:track:1zIXpzuCC7FM4kECt2eEzu;0,908;0,763;1;-5,739;1;0,28;0,0395;0;0,0646;0,593;97,106;273467;4;23,51463;11;1;1
Get By;Talib Kweli;spotify:track:1LM6EReMkAxuDXDF26ekl2;0,662;0,928;2;-4,688;1;0,377;0,00324;0;0,17;0,775;90,509;227427;4;39,67826;8;1;1
Get Drunk And Be Somebody;Toby Keith;spotify:track:408wKFP7qp6ALbjcex2t9k;0,628;0,896;2;-4,132;1;0,0557;0,229;0;0,365;0,666;128,06;178840;4;28,47751;7;1;1
Get It On Tonite;Montell Jordan;spotify:track:0AcLrSfAEBQcUnHOTm5pXg;0,807;0,498;10;-9,91;0;0,0755;0,259;3,04E-05;0,0618;0,857;99,001;277413;4;29,42822;14;1;1
Get It Shawty;Lloyd;spotify:track:2a03afRiyAbNAleOByVju4;0,822;0,905;5;-4,032;0;0,241;0,123;0;0,0496;0,674;128,014;209533;4;26,05924;9;1;1
Get Like Me;David Banner Featuring Chris Brown;spotify:track:2IBF9lQ9lgVai8LkskI5L7;0,823;0,753;1;-4,199;1;0,476;0,00323;0;0,228;0,656;117,281;224547;5;51,43202;9;1;1
Get No Better;Cassidy Featuring Mashonda;spotify:track:30KGtFjHhlT3JMX5s4IklU;0,717;0,597;2;-7,83;1;0,189;0,292;0;0,128;0,566;95,018;234853;4;30,24518;12;1;1
Get The Party Started;P!nk;spotify:track:02jcEwywffn3Tsb48fXmlW;0,802;0,904;11;-3,267;0;0,0459;0,00108;0;0,173;0,961;128,931;192533;4;72,87538;7;1;1
Get'cha Head In The Game;Andrew Seeley;spotify:track:74DXAIMTlcfWfXXJbDtaiZ;0,799;0,946;1;-6,892;1;0,236;0,0321;3,36E-06;0,926;0,288;113,028;203907;4;74,25023;7;1;1
Gimmie Love;Collie Buddz;spotify:track:6UnR7DiYC4uGQW6YxkVcWT;0,648;0,675;10;-7,81;1;0,294;0,0387;0;0,154;0,631;79,419;224575;4;71,04259;6;0;1
Gin And Juice;Hot Rod Circuit;spotify:track:1xthH0Ze4FYo2y99QuJUUj;0,455;0,737;1;-6,206;1;0,0272;0,00114;0,000487;0,195;0,206;94,028;224053;4;62,77759;9;0;1
Girl Tonite;Twista Featuring Trey Songz;spotify:track:7zIxcV689lVTl924lAf9Kn;0,668;0,724;7;-5,953;1;0,0536;0,00551;0;0,218;0,318;148,522;221373;4;40,15019;12;1;1
Girls Around The World;Lloyd Featuring Lil Wayne;spotify:track:6fju5NbZznZRZDfP7mpZ56;0,727;0,83;7;-8,699;1;0,125;0,0286;0,000368;0,145;0,59;97,602;229800;4;47,60881;8;1;1
Girls Lie Too;Terri Clark;spotify:track:2Vn8Ea6fGOM3dsGYVcJ62G;0,499;0,883;4;-4,742;1;0,0451;0,0689;0;0,163;0,533;138,801;214200;4;77,12452;5;1;1
Girls. Girls. Girls;JAY-Z;spotify:track:0vzb8Ii9B2fP9c0POFGPOZ;0,509;0,952;2;-4,444;0;0,336;0,144;0;0,135;0,7;83,068;275373;4;49,43229;15;1;1
Glorious & Divine;Revolution Renaissance;spotify:track:7hRJ4O1nJWUvrnzqctFP3p;0,487;0,963;1;-5,204;1;0,0452;0,000458;0,0319;0,251;0,505;123,033;283013;4;39,86386;12;0;1
Gloves;The Horrors;spotify:track:4mpUmbJfckRnASbKMamJSR;0,36;0,924;2;-5,583;0;0,0672;0,000109;0,112;0,285;0,44;139,905;168547;4;61,97358;7;0;1
God Bless The USA;Lee Greenwood;spotify:track:1MnebCPkLm11EGCnrusLPu;0,368;0,45;5;-7,121;1;0,0276;0,156;0;0,107;0,184;139,217;196933;4;39,13522;9;1;1
God Is Dead;Heart Attack;spotify:track:0k3akiXIyGFLT31IC3twkP;0,343;0,972;1;-9,573;0;0,079;1,52E-06;0,51;0,0501;0,547;94,927;82187;4;14,98454;3;0;1
Good Enough to Keep Me;Willie Clayton;spotify:track:7KTU2hoSHzvCc6ltsTfPY6;0,678;0,643;10;-1,924;0;0,0441;0,663;0;0,142;0,415;114,943;321040;3;37,26179;13;0;1
Good Luck;Basement Jaxx;spotify:track:2bmmeB82W3J241MijDIiHk;0,577;0,936;5;-4,179;1;0,0915;0,0839;0;0,344;0,572;153,985;211547;4;25,54091;12;0;1
Good Luck Charm;Jagged Edge;spotify:track:0rJBJ4K6uNeDg1rGVyi0Tp;0,634;0,653;11;-5,89;1;0,0689;0,434;0;0,109;0,5;116,156;264640;4;38,37958;12;1;1
Goodbye;Jagged Edge;spotify:track:3PcocqQL1Qn6LtUxjSlk4R;0,821;0,727;6;-6,262;1;0,105;0,134;2,40E-06;0,0532;0,971;130;273020;4;67,4764;11;1;1
Got It Twisted;Mobb Deep;spotify:track:2nzFiCB8YoXf24MAM1qDmU;0,697;0,744;11;-5,702;0;0,229;0,0958;0;0,263;0,504;103,266;224627;4;33,09202;9;1;1
Got Your Money;Ol' Dirty Bastard Featuring Kelis;spotify:track:6YYd5MLpu45J0uLrMdivF7;0,934;0,459;1;-7,654;1;0,189;0,0516;0;0,222;0,697;103,04;239547;4;38,01367;12;1;1
Gotta Getcha;Jermaine Dupri;spotify:track:5gOYXiA88QUy9DdWR4oNni;0,762;0,324;4;-7,447;0;0,329;0,0663;2,33E-06;0,095;0,482;209,819;170933;4;61,73502;7;1;1
Gråt inga tårar mer;Titanix;spotify:track:3M9rd6Ypxn783h5Y5HLNjF;0,59;0,836;7;-2,805;1;0,0385;0,00334;0;0,0358;0,939;138,84;143000;4;45,10531;6;0;1
Greedy Awful People;The Stooges;spotify:track:7mxm3S1NcLBDekOcEnd4Wr;0,335;0,954;7;-8,08;1;0,105;0,000613;0;0,114;0,644;156,047;127106;4;26,70239;8;0;1
Green Light;John Legend Featuring Andre 3000;spotify:track:72by3Re4C3eVEBXvsUo0zV;0,622;0,882;9;-5,59;0;0,119;0,0912;0;0,216;0,762;77,506;284187;4;27,35507;11;1;1
Grind With Me;Pretty Ricky;spotify:track:3B7i9OKRRmIsSBHEbJz58Y;0,7;0,538;1;-5,952;1;0,045;0,000204;0;0,105;0,189;136,518;237733;4;30,0575;11;1;1
Grounded;Approaching Nirvana;spotify:track:4o7K8Mb3ww0NnerXuZ2VuK;0,279;0,259;0;-11,694;1;0,0317;0,522;0,763;0,302;0,0364;118,228;176968;3;45,08377;7;0;1
Häie - Folk Aesthetic Version;Tenhi;spotify:track:5icna4wXzgURBOshT7cbON;0,15;0,0275;10;-17,912;1;0,04;0,987;0,941;0,0921;0,0324;74,843;254427;3;32,50827;14;0;1
Hall of the Mountain King;Apocalyptica;spotify:track:6U6ShLCW3mGVgkGARKNLhL;0,233;0,609;7;-5,852;1;0,0438;0,000849;0,826;0,0874;0,28;96,808;209347;4;29,07217;11;0;1
Halle Berry (She's Fine);Hurricane Chris Featuring SupaSTAAR;spotify:track:63XXvHR6FfiRDk5lKNNCMI;0,709;0,744;11;-5,905;0;0,134;0,0119;0;0,0609;0,508;145,112;281480;4;22,3177;12;1;1
Hands Clean;Alanis Morissette;spotify:track:3NmAPSJMgKo4bqoUbO1qcB;0,513;0,82;7;-5,428;1;0,0299;0,00192;2,83E-06;0,504;0,52;99,952;269400;4;64,50208;9;1;1
Hanging On;Cheyenne Kimball;spotify:track:6Su4jst3IXkvneQb4OUiLE;0,573;0,934;5;-3,377;1;0,0372;0,0105;7,26E-05;0,318;0,544;118,773;249160;4;24,91959;11;1;1
Happy;Liam Lynch;spotify:track:4NHywppSq0JNtm7iDpTjs0;0,735;0,715;1;-8,98;0;0,0695;0,41;0;0,277;0,978;90,407;61587;4;33,37259;3;0;1
Happy?;Mudvayne;spotify:track:0INUE1K7cEiE8VH63Rv5RJ;0,546;0,971;5;-2,661;0;0,0965;0,000823;2,11E-05;0,275;0,383;100,078;216427;4;77,54385;5;1;1
Hate It Or Love It;The Game Featuring 50 Cent;spotify:track:2wGSgTmgSF3xjRrHkTc25R;0,802;0,785;9;-4,781;1;0,207;0,14;0;0,123;0,435;99,998;206400;4;38,8086;12;1;1
Hate Rock Trio;HTRK;spotify:track:0BYiWjZbgUaDDWAH3W7qeb;0,222;0,567;5;-12,595;0;0,0345;0,0629;0,857;0,11;0,0849;163,634;154440;4;34,51556;7;0;1
Hatho Pai Kariya Na Kar;Kartar Ramla;spotify:track:7KA8tQVcGqCHHdGwSCRi6v;0,497;0,421;2;-14,059;0;0,187;0,985;0,839;0,148;0,804;92,19;232719;4;33,3613;15;0;1
He Can't Love U;Jagged Edge;spotify:track:3VEZvzr84WVnoorZ4tlBSw;0,721;0,836;8;-3,972;0;0,206;0,112;0;0,235;0,508;126,279;244053;4;18,75298;11;1;1
He Gets That From Me;Reba McEntire;spotify:track:46a3BjDPBdi6OngVhTkuM6;0,643;0,391;10;-10,09;1;0,0296;0,622;1,38E-05;0,11;0,418;143,786;219933;4;28,43124;12;1;1
He Said She Said;Ashley Tisdale;spotify:track:0jTTjg6q4jsd2RhuHwTvLj;0,694;0,709;7;-6,205;0;0,103;0,0966;0;0,267;0,566;114,966;188000;4;20,99816;9;1;1
Headsprung;LL Cool J;spotify:track:1GIN41bLhiKeEPeC2vXH8i;0,718;0,786;0;-5,76;1;0,0284;0,0114;2,50E-05;0,0745;0,465;99,916;267320;4;40,33202;20;1;1
Heartless;Kris Allen;spotify:track:4gwDrsXJPXfCAYFbpUjeCW;0,577;0,747;10;-4,675;0;0,052;0,133;0;0,141;0,502;94,954;222333;4;22,93863;9;1;1
Heaven;Los Lonely Boys;spotify:track:2mQ1RBK7s87mdPCzh97RSH;0,664;0,862;6;-5,403;1;0,0679;0,378;4,19E-06;0,0824;0,782;91,91;227347;4;33,83419;8;1;1
Heavy Metal. Raise Hell!;Zwartketterij;spotify:track:2IjBPp2vMeX7LggzRN3iSX;0,188;0,994;4;-3,745;1;0,166;7,39E-06;0,0784;0,192;0,333;148,44;255667;4;58,59528;9;0;1
Hellraiser - VNV Nation Remix;Suicide Commando;spotify:track:53SYH7zZomYLOBSMNUW1Xl;0,524;0,894;2;-9,573;1;0,0328;0,000364;0,846;0,15;0,212;140,003;403573;4;30,59056;15;0;1
Help Pour Out The Rain (Lacey's Song);Buddy Jewell;spotify:track:4xWIqUIlfrusaaygS9RQsR;0,565;0,562;0;-7,43;1;0,0339;0,263;0;0,0994;0,652;75,035;229093;4;25,98469;9;1;1
Here Comes The Summer;The Fiery Furnaces;spotify:track:257xjCQOUQaSOwQWw9fTe1;0,723;0,785;5;-5,722;1;0,0302;0,0247;0,00347;0,26;0,816;128,03;209987;4;64,24515;9;0;1
Here I Am;Rick Ross Featuring Nelly & Avery Storm;spotify:track:67yGTWcR72BZvsrSS2dHST;0,746;0,717;10;-5,788;0;0,127;0,189;0;0,0704;0,475;109,753;209547;4;38,40043;11;1;1
Here We Go Again;Demi Lovato;spotify:track:33RJ3P6wc0B0FIyDalhNTv;0,585;0,927;5;-5,253;1;0,04;0,00432;0;0,178;0,672;142,043;226253;4;47,06438;6;1;1
Hero;Chad Kroeger Featuring Josey Scott;spotify:track:779ooI3rBd0CLqCiiJmtVo;0,427;0,843;4;-4,54;1;0,0364;0,00216;0;0,179;0,304;147,387;200480;3;51,69731;10;1;1
Hey Black Ho Ya White;Himesh Reshammiya;spotify:track:3MpNljXgqgEbH9Ci8t39Y5;0,658;0,948;11;-5,614;0;0,0451;0,013;0,00337;0,358;0,797;142,949;309493;4;28,93631;12;0;1
Hey Mama;The Black Eyed Peas;spotify:track:6W3c6pmDgT04I0Nk87JFyK;0,865;0,877;11;-6,339;0;0,239;0,106;1,21E-06;0,597;0,942;100,177;214893;4;39,08781;10;1;1
Hey There Delilah;Plain White T's;spotify:track:4RCWB3V8V0dignt99LZ8vH;0,657;0,291;2;-10,572;1;0,0293;0,872;0;0,114;0,298;103,973;232533;4;26,4119;13;1;1
Higher;Creed;spotify:track:1ZozJfi8u9cO2Ob8KwiwNT;0,459;0,83;2;-6,254;1;0,0364;5,15E-05;0,00014;0,206;0,431;155,826;316733;4;28,21589;14;1;1
Hillbilly Deluxe;Brooks & Dunn;spotify:track:1BMhbPsW66IXqksKC8jrCf;0,568;0,829;7;-4,713;1;0,0461;0,312;2,57E-06;0,514;0,551;155,041;258693;4;26,48483;11;1;1
Hip-Hop Music;Phanatik;spotify:track:1WPacZsM1WIIsKzGJFkMm8;0,567;0,85;6;-8,576;0;0,351;0,157;0;0,304;0,714;92,804;309973;4;24,6679;14;0;1
Hit That;The Offspring;spotify:track:3lfmqF0ULXRHlWxBeaHo3t;0,704;0,809;4;-3,045;1;0,0321;0,0233;0;0,0596;0,962;131,952;169413;4;19,16367;9;1;1
Hold On;Good Charlotte;spotify:track:3UyL1yzD5B1nIaFJRs4W8r;0,424;0,937;1;-5,354;1;0,0769;0,000884;0;0,113;0,156;137,861;245600;4;41,42371;10;1;1
Hold On;Jonas Brothers;spotify:track:7qaicljodAhcFLwo1iOV69;0,472;0,892;11;-3,52;1;0,135;0,00532;0;0,406;0,813;149,157;164973;4;68,40105;5;1;1
Holler Back;The Lost Trailers;spotify:track:3Q39dywbYuBZmQ7sW8sc95;0,442;0,921;2;-2,344;1;0,0635;0,259;0;0,163;0,601;178,124;190813;4;43,06213;10;1;1
Holly Park;Brandtson;spotify:track:0eGWKb3AFCQGPzEzrHK9HW;0,244;0,67;6;-5,924;1;0,0286;0,000685;0,00274;0,109;0,502;170,654;331467;3;59,1293;13;0;1
Holy Water;Big & Rich;spotify:track:4qCGe8cM5ycEKcPJdRyk3m;0,536;0,765;0;-1,991;1;0,0277;0,0451;6,97E-06;0,344;0,456;94,677;256813;4;31,7809;11;1;1
Home;Blake Shelton;spotify:track:2uEVQb8FstYyxpd8Gy6ndR;0,576;0,455;7;-7,587;1;0,0267;0,583;2,73E-05;0,0912;0,206;127,856;227040;4;31,2698;10;1;1
Honey;Erykah Badu;spotify:track:2z4ypE6YI1mybsczNx4eRU;0,399;0,802;6;-7,869;0;0,35;0,0273;0,00387;0,187;0,437;87,818;320973;4;41,45883;14;1;1
Hot 2Nite;New Edition;spotify:track:5CQRazABqSKJL9iokIcQrG;0,726;0,799;1;-5,082;0;0,173;0,49;0;0,14;0,867;100,069;203760;4;28,28972;10;1;1
Hot N Cold;Katy Perry;spotify:track:1y4eb6hmAvsqlDOl3fx9kk;0,706;0,841;7;-3,956;1;0,0418;7,95E-05;0;0,0688;0,861;132,032;220227;4;125,52983;5;1;1
Hotarunohikari;Ikimonogakari;spotify:track:7HAkrW8JUYoVR9dXwb6Uku;0,566;0,919;2;-1,901;0;0,0639;0,0666;0;0,34;0,55;146,99;242293;4;30,40491;11;0;1
Hour Of Rats;The Red Chord;spotify:track:2fO0Tn70zvS4OH37YqLdYd;0,264;0,974;10;-4,433;0;0,115;3,24E-05;0,154;0,493;0,384;156,367;160800;4;34,49535;10;0;1
How Did You Know?;Mynt Featuring Kim Sozzi;spotify:track:2UdD7uzjIURMsdx0DFK0Cn;0,698;0,889;9;-4,288;0;0,0409;0,012;1,49E-06;0,065;0,818;128,015;229172;4;29,21658;10;1;1
How Far;Martina McBride;spotify:track:45wdPEiLuyv4oSwWQOX93R;0,473;0,59;6;-5,373;1;0,0298;0,359;0;0,101;0,334;140,191;235307;4;38,45284;10;1;1
Hush Hush;The Pussycat Dolls Featuring Nicole Scherzinger;spotify:track:2H9CKpZiLDF223BbwehpDF;0,613;0,778;10;-3,933;0;0,0689;0,0985;0;0,356;0,626;129,483;252093;4;91,30839;8;1;1
Hypnotize;System Of A Down;spotify:track:6oO7WMjD6kEvCITLbVj0mu;0,274;0,92;6;-4,096;1;0,0489;0,0303;0,000412;0,115;0,0397;153,986;189440;4;35,21482;9;1;1
Hypnotized;Plies Featuring Akon;spotify:track:3LN41NUdHkyNqQhi9gExMm;0,84;0,571;10;-7,421;1;0,0797;0,16;0;0,406;0,617;116,59;188493;4;37,17445;8;1;1
I;Benn Jordan;spotify:track:46uuuGgjsgmD7mYFBJul5J;0,268;0,346;10;-18,869;1;0,0307;0,75;0,828;0,283;0,376;144,313;186228;4;21,14103;7;0;1
I Am Dracula - Sighisoara Tasnad Mix;Rexanthony;spotify:track:1QlpvejQFaiSVfIU7O1kmO;0,476;0,949;1;-9,017;1;0,103;0,00289;0,86;0,109;0,188;180,858;235807;4;61,60835;11;0;1
I Breathe In. I Breathe Out;Chris Cagle;spotify:track:3r513lY50AOJBqaG4nP2LT;0,316;0,514;7;-7,048;1;0,0271;0,178;0;0,194;0,242;185,882;243947;4;56,40952;10;1;1
I Can't Sleep;Clay Walker;spotify:track:4wGKVFDAFaIkdmKqgKERuK;0,614;0,619;2;-5,345;1;0,0229;0,012;0;0,152;0,278;81,043;247387;4;42,46622;12;1;1
I Can't Take You Anywhere;Scotty Emerick With Toby Keith;spotify:track:0lzcNtphdk0YXXVr4KvFws;0,733;0,751;4;-5,761;1;0,0311;0,262;0;0,0532;0,814;107,105;214200;4;48,06799;9;1;1
I Couldn't Beat The Rap;Dizzy Gillespie;spotify:track:3ByOzf7SOGLh1VVbsiXMsE;0,567;0,214;10;-18,469;0;0,129;0,174;0;0,0797;0,639;137,01;178400;4;40,04615;8;0;1
I Did It My Way;Revolution Renaissance;spotify:track:0X3nTDHQzWVC8v7xjKfDdS;0,643;0,884;3;-5,083;0;0,0398;0,00562;0;0,132;0,751;123,992;262987;4;39,89773;11;0;1
I Do (Wanna Get Close To You);3LW Featuring P. Diddy & Loon;spotify:track:1gf5KKoAbd1vUWwRKzeXF3;0,836;0,491;1;-5,734;1;0,19;0,139;0;0,0489;0,862;97,303;254227;4;35,21774;11;1;1
I Do!!;Toya;spotify:track:0NdEFLohwfZpyncrBCq1ZY;0,781;0,583;6;-7,83;0;0,0628;0,0859;0,00216;0,058;0,91;156,264;213493;4;24,8497;11;1;1
I Found The F;Broadcast;spotify:track:3fSps53A2agi4sDU84AEmQ;0,599;0,729;9;-6,182;0;0,0262;0,00206;0,0205;0,337;0,215;98,078;141840;4;36,58817;8;0;1
I Get Money;50 Cent;spotify:track:1FKFCvi0i46qEJLZSEBH8p;0,525;0,933;9;-4,673;1;0,356;0,159;0,000241;0,311;0,457;122,631;223720;5;25,31908;9;1;1
I Got A Feelin';Billy Currington;spotify:track:1tF370eYXUcWwkIvaq3IGz;0,63;0,764;2;-4,353;1;0,0275;0,363;0;0,125;0,631;112,098;193760;4;22,62384;10;1;1
I Learned From The Best;Whitney Houston;spotify:track:3wACjmQo7ZkRNMLfZXndFB;0,609;0,563;5;-6,284;0;0,0328;0,0109;7,76E-06;0,156;0,306;148,949;259533;4;41,68325;14;1;1
I Look To You;Whitney Houston;spotify:track:1rAESNsSXvXpJh9hCjgHVX;0,55;0,373;4;-6,31;1;0,0286;0,717;0;0,096;0,101;101,84;265613;4;73,7704;11;1;1
I Love Rock;Oneida;spotify:track:7now6xoy3GNgJHvwSxPqbu;0,131;0,949;9;-6,243;1;0,12;0,000824;0,476;0,142;0,148;187,127;230240;3;51,11584;9;0;1
I Love You;Dru Hill;spotify:track:6gTQ91lrQ2QIZ7IwPv4Go8;0,369;0,677;6;-7,562;0;0,0652;0,338;0;0,418;0,567;124,086;313587;4;33,57129;13;1;1
I Love You;Faith Evans;spotify:track:6gsmFgUiSTuinJlScwFODv;0,489;0,757;11;-4,062;0;0,0926;0,00981;0;0,234;0,567;168,004;267160;4;29,03989;13;1;1
I Miss You;Blink-182;spotify:track:1oTo3ijRbaDAtrjJrGAPSw;0,664;0,781;11;-6,547;1;0,0339;0,00103;5,33E-06;0,0867;0,593;110;227240;4;30,64844;10;1;1
I Need To Know;Marc Anthony;spotify:track:7ffwRz8lZyDOE4Vj58Lo72;0,813;0,949;3;-2,563;0;0,0336;0,486;9,75E-06;0,112;0,792;115,061;227707;4;31,46063;10;1;1
I Remember;Keyshia Cole;spotify:track:1dObJGQUgJ7tWxJ0byON6W;0,422;0,736;5;-4,426;0;0,049;0,203;0;0,102;0,303;129,278;260093;4;29,05424;12;1;1
I Saw God Today;George Strait;spotify:track:7maV3I3KQNYpsOWYTOhGqn;0,588;0,587;3;-6,89;1;0,0302;0,599;0;0,162;0,381;147,897;203200;4;55,44742;8;1;1
I Should Have Cheated;Keyshia Cole;spotify:track:5tFDgH6do20IXdSoNBAmXK;0,436;0,533;2;-4,266;0;0,0472;0,265;0;0,332;0,366;130,768;327693;4;219,63624;9;1;1
I Think I'm In Love With You;Jessica Simpson;spotify:track:34PsixEmIceg39NpaYxBsH;0,715;0,815;9;-5,867;1;0,0576;0,0689;0;0,233;0,804;106,001;197693;4;23,49583;8;1;1
I Touch Myself;Jan Wayne;spotify:track:5GrqtGJhoa6EqvCUs5fVYf;0,636;0,993;5;-5,203;0;0,0508;0,00878;0,268;0,26;0,478;141,97;223947;4;56,28675;11;0;1
I Wanna Be With You;Mandy Moore;spotify:track:4du0TY3NTgvQGlelrBHfDL;0,515;0,908;8;-4,632;1;0,0368;0,0158;1,88E-05;0,412;0,637;150,031;252600;4;36,74395;13;1;1
I Wanna Be Your Dog;Sky Saxon;spotify:track:1jEOVktr2HSpay9i6pqWBG;0,598;0,782;4;-6,018;1;0,0305;0,407;6,55E-05;0,558;0,298;118,938;205053;4;21,29442;10;0;1
I Wanna Do It All;Terri Clark;spotify:track:56sAXFMfTagQGl5KOxvdxt;0,626;0,886;4;-4,787;1;0,034;0,0668;0;0,118;0,782;132,905;173333;4;30,81479;10;1;1
I Want to Know Your Plans;Say Anything;spotify:track:3pjnCLIHbRczUjenWOEo56;0,647;0,324;7;-9,679;1;0,0377;0,354;0;0,115;0,344;124,213;314286;3;32,66343;16;0;1
I Want You;Janet Jackson;spotify:track:5xDDEqO786YBj3tJDSR2Ms;0,643;0,843;3;-5,533;1;0,0384;0,172;0,0247;0,122;0,666;105,744;252800;3;50,25079;9;1;1
I Will Possess Your Heart;Death Cab For Cutie;spotify:track:77vYwoC7e3pVoPq8BA9CuL;0,605;0,619;9;-8,971;0;0,0261;0,423;0,313;0,0732;0,578;133,074;505773;4;35,74844;15;1;1
I Will Return;The Black Dahlia Murder;spotify:track:5sFfSPYg2oypNTLW3qfWL6;0,441;0,98;3;-5,258;1;0,114;0,000163;0,0371;0,262;0,0964;107,965;334800;4;41,62795;11;0;1
I Will...But;SHeDAISY;spotify:track:0oP29136UYddJ9DnGpKKQg;0,675;0,837;2;-5,105;1;0,0354;0,103;0;0,123;0,888;112,53;219973;4;48,86585;9;1;1
I Write Sins Not Tragedies;Panic! At The Disco;spotify:track:4bPQs0PHn4xbipzdPfn6du;0,567;0,795;9;-4,985;0;0,134;0,0938;0;0,114;0,635;170,06;187613;4;34,73216;9;1;1
Icky Thump;The White Stripes;spotify:track:09QZAEmdbq28OaNyqTOEvY;0,424;0,632;9;-7,243;1;0,0922;0,021;0,0117;0,0545;0,356;97,694;254533;4;42,52066;12;1;1
I'd Do Anything;Simple Plan;spotify:track:4uVjbl6daCwjhDur7qLddu;0,395;0,917;8;-6,86;1;0,133;0,00143;0;0,261;0,563;169,088;197640;4;30,63383;6;1;1
I'd Rather Be With You;Joshua Radin;spotify:track:0FdQ98kOrGCnheoeZWayZm;0,574;0,481;1;-12,306;1;0,0353;0,0717;0,0003;0,113;0,228;81,582;169213;4;35,67454;6;1;1
If - Original Mix;Phaeleh;spotify:track:2ltpigohYJYHBQgy34u2LF;0,712;0,496;10;-13,591;0;0,0602;0,0338;0,801;0,108;0,15;137,002;312000;4;28,90139;10;0;1
If I Am;Nine Days;spotify:track:0yA6uXukVZbi29GcmtK6i5;0,223;0,902;11;-5,955;1;0,0579;0,00587;1,63E-06;0,34;0,539;98,038;258113;4;71,1147;7;1;1
If I Had Eyes;Jack Johnson;spotify:track:3FnkZFv7kbxwlgaLgbqeDc;0,794;0,569;2;-8,057;1;0,0371;0,663;0,00343;0,0898;0,706;92,915;238813;4;33,51435;12;1;1
If I Never See Your Face Again;Maroon 5 Featuring Rihanna;spotify:track:4xSjIgsYgd36OAK4QZ55Pr;0,745;0,867;1;-2,446;1;0,0374;0,017;0;0,281;0,936;106,006;201000;4;20,84027;13;1;1
If Nobody Believed In You;Joe Nichols;spotify:track:28NvPQZ8XVVlV2eGmUw2Za;0,679;0,316;6;-11,327;1;0,031;0,625;4,85E-05;0,109;0,273;127,968;235067;4;42,55397;9;1;1
If Today Was Your Last Day;Nickelback;spotify:track:4QJLKU75Rg4558f4LbDBRi;0,485;0,911;3;-5,749;1;0,0355;8,67E-05;0;0,092;0,568;89,956;249067;4;38,5206;7;1;1
If You Ever Stop Loving Me;Montgomery Gentry;spotify:track:7zywdG4ysfC5XNBzjQAo2o;0,443;0,885;7;-6,172;1;0,0414;0,123;3,09E-05;0,28;0,536;185,034;202760;4;44,8832;9;1;1
Il trattamento;Cor Veleno;spotify:track:5qUWO7mmcF83PMftjF3P09;0,803;0,821;1;-4,342;0;0,252;0,0449;0;0,115;0,763;100,031;229973;4;49,96968;7;0;1
I'll Be Waiting;Lenny Kravitz;spotify:track:2HPVtKMWRlP1r9ODenvePM;0,677;0,452;10;-6,468;1;0,0332;0,0736;0,0065;0,0969;0,595;72,78;259187;4;39,45712;10;1;1
I'll Forgive You For Throwing That Rock. Cos That Dance Was Kinda Funny;TTNG;spotify:track:03R6JBjwjmzjYXzsbJdulv;0,385;0,388;10;-11,672;1;0,0294;0,387;0,00503;0,0983;0,324;130,867;183200;3;41,99688;10;0;1
I'm A King;P$C Featuring T.I. & Lil Scrappy;spotify:track:5h21AlYy4mgHfQp9jUAUGi;0,73;0,483;0;-8,959;1;0,327;0,0428;0;0,103;0,535;168,049;212800;4;24,33991;10;1;1
I'm a Metal Head (Reprise);Apokalyptic Raids;spotify:track:01WpWVOHUCe7yICDPHwesF;0,266;0,949;8;-8,649;1;0,0531;0,000103;0,121;0,0739;0,232;160,623;65000;4;32,90386;4;0;1
I'm Alive;Kenny Chesney With Dave Matthews;spotify:track:12Nri9FR6o4Gpmrll3O2rW;0,564;0,244;3;-11,149;1;0,0329;0,758;0,000607;0,106;0,346;78,076;197627;4;33,73216;11;1;1
I'm Gonna Be Alright;Jennifer Lopez Featuring Nas;spotify:track:2UbFyKS0gTj9NcGLO4NpyZ;0,843;0,612;10;-4,71;0;0,157;0,0573;0,000305;0,154;0,791;93,975;200200;4;60,25908;8;1;1
I'm Like A Bird;Nelly Furtado;spotify:track:2tP7ZekzXfduShx8C6cbll;0,622;0,608;10;-5,085;1;0,036;0,138;5,38E-06;0,273;0,607;89,661;243160;4;44,45434;8;1;1
I'm Throwed;Paul Wall Featuring Jermaine Dupri;spotify:track:3n5rIcC04MiNx4T2GOS06g;0,739;0,777;4;-5,7;0;0,239;0,0135;0;0,134;0,756;82,01;231307;4;28,28997;11;1;1
Immortal Sorcery;Absu;spotify:track:1f7KqnlGCxVzRqHrA4FPuG;0,177;0,988;6;-5,142;1;0,0996;0,000212;0,914;0,206;0,0312;146,67;191000;4;36,27824;10;0;1
Improvisation 10;Joe Mcphee;spotify:track:2Rafn6JsLdVC9AFwhVXVie;0,393;0,0523;9;-22,591;0;0,0452;0,967;0,255;0,0768;0,0853;140,557;439240;3;63,46445;21;0;1
Improvisation 5;Joe Mcphee;spotify:track:5H1K7aT6Ox3rDBygoqVpNo;0,536;0,081;8;-20,968;1;0,0877;0,958;0,922;0,113;0,477;138,498;186973;1;27,01863;8;0;1
In A Red Dress And Alone;Evans Blue;spotify:track:4Mt82f1x76cieBiHaCLQxi;0,347;0,882;0;-4,444;1;0,0799;0,000163;0,142;0,296;0,455;178,321;189533;4;25,29914;8;0;1
In Noctem;Nicholas Hooper;spotify:track:2FnHMItLWhhPIxXeRC1lCe;0,283;0,0575;0;-29,881;0;0,0442;0,982;0,952;0,115;0,0362;63,853;120773;3;19,33937;5;0;1
In The Ayer;Flo Rida Featuring will.i.am;spotify:track:6RpiAj9Ofv0Uqp6n2OuRoh;0,83;0,746;5;-6,286;0;0,0579;0,00456;0;0,26;0,646;125,992;220507;4;28,11012;11;1;1
In the Dreamlife You Need a Rubber Soul;The Clean;spotify:track:5HKa6wcKiCxpBDSt3sY0mk;0,56;0,808;10;-6,725;1;0,0306;0,2;0,308;0,416;0,691;128,051;205827;4;30,93391;11;0;1
in vain;Georg Friedrich Haas;spotify:track:6vSXnHFYBwhkriLVx4Dhn4;0,157;0,0941;0;-21,943;1;0,0394;0,905;0,75;0,332;0,0246;133,114;3791480;4;37,33634;159;0;1
Increíble;Moderatto;spotify:track:1FHdOrt5shheU57hb4NZM5;0,472;0,83;2;-5,047;1;0,0366;0,144;1,86E-05;0,0817;0,523;132,04;267585;4;29,9886;13;0;1
Infinity;The xx;spotify:track:17eEVo7K960G9wGKNS6rag;0,626;0,267;9;-13,962;1;0,0301;0,812;0,882;0,111;0,142;109,191;313387;4;34,09603;15;0;1
Insatiable;Darren Hayes;spotify:track:4Q8yCpsxxJF0tRsjzu6Ytw;0,67;0,847;0;-5,449;0;0,0545;0,0974;0;0,0842;0,852;143,872;310227;4;57,89096;11;1;1
Inside Your Heaven;Carrie Underwood;spotify:track:25ry9EyyRsp1dDctlAclin;0,38;0,596;7;-3,469;1;0,0315;0,123;1,46E-06;0,132;0,16;134,443;243267;4;92,71175;7;1;1
Interzone. Pt. 1: Part I: Why don't you have a sode pop;Enno Poppe;spotify:track:1krOnVXLfg0PJvipYsQ0iB;0,336;0,545;1;-16,639;1;0,0981;0,789;0;0,43;0,265;86,013;31787;4;0;2;0;1
Into You;Fabolous Featuring Tamia Or Ashanti;spotify:track:0JC3ynTNoZaWjZHXzeapYy;0,677;0,531;7;-7,683;0;0,0327;0,219;0;0,173;0,57;91,104;294093;4;24,94535;16;1;1
Intro;The American Dollar;spotify:track:21l6t1x0FcF9CzZMvRcIhx;0,117;0,0495;2;-28,552;0;0,0341;0,956;0,864;0,0985;0,122;69,638;172750;4;17,52383;12;0;1
It Was;Chely Wright;spotify:track:1fC89py9z6DXa2mWvsGaJZ;0,53;0,563;3;-10,407;1;0,0348;0,217;2,14E-05;0,113;0,64;170,292;231093;4;31,16745;11;1;1
It's So Hard;Big Punisher Featuring Donell Jones;spotify:track:5NQdweL8O7nGdM7e4IS1lf;0,9;0,593;10;-6,629;0;0,333;0,0554;0;0,0304;0,633;92,946;172933;4;21,78144;9;1;1
Jaan Meri Ja Rahi Sanam;Anuradha Paudwal;spotify:track:58t0hestQdlxOHdz85AUyI;0,627;0,466;7;-11,2;1;0,0294;0,705;4,66E-06;0,182;0,74;109,944;344413;1;25,7077;15;0;1
J'adore Hardcore;Scooter;spotify:track:27DkDhMTVYlZhwQVitCTAk;0,516;0,906;7;-5,515;1;0,051;0,0153;0,0173;0,705;0,327;150,003;260694;4;18,88981;15;0;1
January 1979;mewithoutYou;spotify:track:0BMzC3hYff1zj2MsllexiU;0,453;0,956;4;-4,973;1;0,0666;0,0014;0,877;0,0997;0,269;81,529;206440;4;36,69378;8;0;1
Jay Jay Ma;Govind Das;spotify:track:0NFBmozSCsuhrpABEY4WfI;0,274;0,414;9;-10,147;0;0,0279;0,105;1,86E-06;0,141;0,148;98,225;252827;4;33,18505;10;0;1
Jazz;Pretty Balanced;spotify:track:5DynuE4Qw0OPVifgP0BPWK;0,374;0,344;6;-9,012;0;0,0341;0,459;0,397;0,0915;0,0386;152,11;318880;4;26,48821;15;0;1
Jonchaies;Iannis Xenakis;spotify:track:1zOqrZCX1qyzyIlhMXALH2;0,273;0,702;11;-12,429;0;0,281;0,626;0,884;0,18;0,0375;118,712;958533;4;43,97106;35;0;1
Journey Through The Valley Of O;Relatively Clean Rivers;spotify:track:6l0QVHyjw1eECrnzit6cD5;0,519;0,721;11;-6,372;1;0,0675;0,151;0,884;0,0494;0,378;153,233;253493;4;35,8456;8;0;1
Journeyman - 2015 Remaster;Iron Maiden;spotify:track:7HDCn9GB7qInP5bOHOCPpt;0,188;0,628;9;-7,963;0;0,0353;0,183;0,00474;0,153;0,308;198,146;426307;3;40,14292;17;0;1
Jupiter Room - Martian Assault Edit;Digitalism;spotify:track:6IEnMBmoXs2ZMohvqg8WxL;0,872;0,677;9;-6,417;1;0,246;0,000995;0,881;0,081;0,324;124,959;349880;4;49,03761;14;0;1
Just A Baby Boy;Snoop Dogg Featuring Tyrese & Mr. Tan;spotify:track:6CMr41ezXYJT0nTfT9trMh;0,856;0,717;6;-4,358;0;0,209;0,0464;0;0,355;0,738;94,822;238000;4;34,83472;12;1;1
Just A Dream;Carrie Underwood;spotify:track:7g8OpS827dAYU067lZaR0L;0,526;0,781;7;-3,673;1;0,0369;0,0613;0;0,121;0,358;142,06;284707;4;44,42779;13;1;1
Just LIke Dr. Jones;International Superheroes Of Hardcore;spotify:track:5XKfNFtrN8a7alzhO8ewGr;0,179;0,868;10;-4,234;1;0,0648;4,01E-05;0;0,0903;0,531;172,422;66173;4;19,92164;4;0;1
Just Want You To Know;Backstreet Boys;spotify:track:17lJlBTeJZEC5r4m8kqrE4;0,709;0,555;2;-3,506;1;0,0348;0,000269;0;0,0804;0,638;106;231187;4;23,44629;10;1;1
Kaléidoscope 2;Bernard Parmegiani;spotify:track:44Ce8z1Iq6i4YfsxPoribK;0,304;0,555;11;-12,4;1;0,0411;0,633;0,787;0,0782;0,156;94,877;262880;4;43,11183;10;0;1
Kanulu Palikey;Karthik;spotify:track:49hiYhUQXEMqkZz031DQHq;0,754;0,697;7;-8,942;0;0,0321;0,0767;0,000553;0,25;0,706;129,949;262956;4;50,9822;10;0;1
Karukarethoru;Mohanlal;spotify:track:4SyvhgNRknW44KdZBDOkdl;0,721;0,578;0;-9,705;1;0,254;0,196;0,000287;0,202;0,958;180,055;265787;4;29,79354;13;0;1
Keelhauled;Alestorm;spotify:track:6pKA3P1JERZutikZtZpoUo;0,476;0,967;10;-3,255;0;0,16;0,000767;0;0,297;0,575;110,057;222253;4;25,78389;9;0;1
Keep Holding On;Avril Lavigne;spotify:track:4UPcXTh26ilb7owtuyHqNI;0,274;0,786;7;-2,354;1;0,0333;0,0374;0;0,143;0,146;161,061;239907;3;35,03301;10;1;1
Keep Holding On;Glee Cast;spotify:track:36EjGAZQMh8QFx7gdESSgr;0,311;0,637;7;-6,303;1;0,0347;0,175;0;0,483;0,102;160,745;244333;3;34,82896;9;1;1
Keg In The Closet;Kenny Chesney;spotify:track:3ggmtswnS5czhEAGDsm6D8;0,654;0,901;1;-6,401;1;0,0477;0,00446;4,68E-06;0,057;0,73;138,879;212427;4;31,52885;11;1;1
Kegyetlen asszony;Pokolgép;spotify:track:4YjarMRsOAXZdux8vE4g4k;0,404;0,778;9;-5,405;1;0,0365;0,00035;1,15E-05;0,257;0,821;148,188;286573;4;22,01576;15;0;1
Kids;MGMT;spotify:track:1jJci4qxiYcOHhQR247rEU;0,451;0,931;9;-3,871;1;0,0719;0,00076;0,0049;0,361;0,172;122,961;302840;4;20,25869;10;1;1
Kielo - Folk Aesthetic Alternate Version;Tenhi;spotify:track:5FdSTQRSNIVF3x44q93tjk;0,327;0,207;11;-12,046;0;0,0336;0,79;0,125;0,234;0,0613;93,408;748093;4;23,57157;33;0;1
Kill The Music;Every Time I Die;spotify:track:3V7sCNSTdkMW8C0SF3XEcT;0,308;0,987;0;-3,474;1;0,147;0,00529;0;0,73;0,434;101,372;194253;4;80,0989;6;0;1
Kingdom Business;Canton Jones;spotify:track:5XFzsWkAeiWVasprx2CBOE;0,648;0,776;11;-5,698;0;0,252;0,00362;0;0,179;0,446;91,218;246960;4;35,9768;12;0;1
Kiss A Girl;Keith Urban;spotify:track:4DyKZmONpoggnn3piyjad2;0,653;0,786;2;-5,418;1;0,0338;0,0103;2,19E-06;0,201;0,477;120,992;226733;4;33,55326;9;1;1
Knight Of The Wind;Crush 40;spotify:track:5Ypq31YwFroillIOSLWdP5;0,369;0,89;8;-6,192;1;0,0516;6,01E-06;0,26;0,178;0,582;84,94;271920;4;29,48449;12;0;1
Kodou;Dir En Grey;spotify:track:4m2bk3l0Ah6UEEoIa7XCeZ;0,5;0,892;3;-6,195;0;0,0624;3,59E-06;0,019;0,0856;0,583;118,92;219400;4;27,06885;10;0;1
Königin;Faun;spotify:track:5ZaquedAbEd7VAJfe0FLhE;0,602;0,328;3;-16,128;1;0,0249;0,842;0,000758;0,208;0,413;108,003;385253;4;43,01027;21;0;1
L.A. Song;Beth Hart;spotify:track:69pBTbnLue0leYUCMAFqPj;0,351;0,615;7;-7,621;1;0,0451;0,206;0;0,985;0,337;127,798;271107;3;58,57055;10;1;1
La Balada;Cuca;spotify:track:1uGfA3nwqg6bd7IzE7K0Rp;0,672;0,5;8;-9,866;1;0,0322;0,277;0;0,0954;0,201;95,758;292787;4;75,21086;8;0;1
La Tortura;Shakira Featuring Alejandro Sanz;spotify:track:5BSclXJTa9B0iURhUjZo50;0,74;0,783;0;-5,367;1;0,0427;0,0297;0,000308;0,123;0,812;100,011;212893;4;19,72847;13;1;1
La valse d'Amélie - Version piano;Yann Tiersen;spotify:track:78IQDW7yyMzJavHiWqfBWR;0,194;0,179;9;-16,836;0;0,0413;0,988;0,86;0,0819;0,179;177,667;158667;3;30,35531;7;0;1
Ladies Love Country Boys;Trace Adkins;spotify:track:13Oda4GsHXzRAfquxWkrzA;0,661;0,959;7;-4,439;1;0,0408;0,0539;1,74E-05;0,381;0,96;116,284;221413;4;17,10427;11;1;1
Last Resort;Papa Roach;spotify:track:5W8YXBz9MTIDyrpYaCg2Ky;0,589;0,89;4;-3,719;0;0,0603;0,000481;0,00082;0,201;0,692;90,598;199907;4;22,41895;11;1;1
Last Wave;Jeff Greinke;spotify:track:3xE2uc5Es7oGviqf65wpqt;0,065;0,23;11;-17,236;0;0,0442;0,978;0,925;0,0955;0,0384;62,16;627013;4;26,8173;32;0;1
Laule - Folk Aesthetic Version;Tenhi;spotify:track:7yyqGmBIJvLf9m4Z4P6gFQ;0,675;0,21;2;-20,452;1;0,029;0,97;0,105;0,103;0,226;93,39;84093;4;35,20945;5;0;1
Le damnation de Faust. Op. 24: Rákóczi March;Hector Berlioz;spotify:track:7DntMfWcztVDZTjPOQyYAD;0,426;0,275;9;-16,654;1;0,032;0,972;0,878;0,106;0,603;105,225;261160;4;24,89973;12;0;1
Leave The World Behind - Dimitri Vegas & Like Mike vs. SHM Dark Forest Edit;Axwell;spotify:track:4yOJAsHfk50n62T2fHOEkd;0,737;0,713;3;-7,039;0;0,139;0,0311;0,488;0,0866;0,139;128,002;393750;4;43,62834;18;0;1
Leaving This;Novembers Doom;spotify:track:1YI2IFvvkc21VjaHzXrTB6;0,165;0,689;2;-6,745;0;0,0327;9,42E-05;0,158;0,0722;0,0883;82,448;448067;3;36,06022;17;0;1
Let Me Love You;Mario;spotify:track:3ibKnFDaa3GhpPGlOUj7ff;0,656;0,578;7;-8,97;0;0,0922;0,235;0;0,118;0,556;94,514;256733;4;34,93115;9;1;1
Let's Get Blown;Snoop Dogg;spotify:track:0NdxbFFknA7kQ4E2zvJfey;0,94;0,621;4;-4,615;0;0,199;0,402;0,079;0,245;0,694;106,001;280680;4;66,62034;13;1;1
Let's Get Dirty (I Can't Get In Da Club);Redman Featuring DJ Kool;spotify:track:5BlLqiaTwttKiqzLhBrN1v;0,539;0,966;1;-5,02;1;0,433;0,0542;0;0,466;0,432;99,142;235533;4;35,7428;12;1;1
Life Ain't Always Beautiful;Gary Allan;spotify:track:3unLUM6bJcy5beGawHpynM;0,481;0,508;2;-7,666;1;0,0248;0,216;0,000175;0,105;0,268;86,013;224613;4;71,34437;7;1;1
Lights & Music;Cut Copy;spotify:track:2dngx6srtqsxvyh7oGV8FM;0,601;0,947;10;-4,258;0;0,0399;0,0543;0,173;0,782;0,566;126,023;277360;4;30,98628;12;0;1
Lights And Sounds;Yellowcard;spotify:track:4XOZaPYeMn9hcbpyS90NnD;0,344;0,972;11;-3,675;0;0,116;8,48E-05;0;0,293;0,387;167,819;208187;4;22,94801;8;1;1
Lights. Camera. Action!;Mr. Cheeks;spotify:track:36gOOIQaBwXZVKL5z2vC3Z;0,792;0,93;1;-6,32;1;0,0693;0,115;0;0,292;0,812;105,505;261027;4;39,73957;13;1;1
Like A Pimp;David Banner Featuring Lil' Flip;spotify:track:0DW5anNzTO7h0OlKqFsVQ6;0,851;0,848;7;-5,136;1;0,181;0,00472;0;0,0783;0,897;144,092;254707;4;24,75047;11;1;1
Like Red On A Rose;Alan Jackson;spotify:track:1ayFArNqsYgGT8gWWSscTD;0,598;0,315;11;-9,83;1;0,0282;0,634;0,191;0,0825;0,172;96,684;213307;3;38,34967;9;1;1
Like This;Mims;spotify:track:2Z2JnZNB7lbUdKR5GynUlV;0,771;0,693;7;-7,483;1;0,293;0,0317;0;0,342;0,525;97,163;203627;4;71,22774;7;1;1
Lip Gloss;Lil Mama;spotify:track:1Y4ZdPOOgCUhBcKZOrUFiS;0,619;0,87;2;-4,956;1;0,501;0,41;1,37E-06;0,0571;0,94;188,772;219773;4;19,52978;12;1;1
Little Wonders;Rob Thomas;spotify:track:6j6bTAiW0oEfLlAjmRNcbb;0,333;0,61;9;-10,133;1;0,0368;0,0262;0;0,0817;0,281;83,622;224720;3;20,33742;9;1;1
Livin' Our Love Song;Jason Michael Carroll;spotify:track:5NhZkLMccDVhxocmVHDu4G;0,488;0,855;7;-3,417;1;0,0399;0,287;0;0,132;0,799;148,971;231467;4;22,76559;13;1;1
Living In Fast Forward;Kenny Chesney;spotify:track:0cE0J96KeivafL6goJwpmq;0,689;0,907;9;-5,587;1;0,037;0,0254;0,000732;0,138;0,912;116,968;211893;4;41,28787;10;1;1
Living to Die;Vision Of Disorder;spotify:track:3w8lbCMKWBMu40MoNyV0Il;0,248;0,881;5;-5,147;0;0,076;4,76E-05;3,72E-05;0,101;0,347;102,913;246467;4;68,94163;8;0;1
Ljósið;Ólafur Arnalds;spotify:track:1tlJp4XADa7tYkPmgX894R;0,482;0,149;5;-11,91;1;0,0288;0,992;0,399;0,101;0,281;146,472;209682;4;77,89839;9;0;1
Locked Up;Akon Featuring Styles P.;spotify:track:0YUrjFy4qFKOO5NhM9tYdV;0,828;0,58;7;-4,395;1;0,0941;0,0255;0;0,103;0,407;89,973;235067;4;34,37934;10;1;1
Lollipop;Lil Wayne Featuring Static Major;spotify:track:4P7VFiaZb3xrXoqGwZXC3J;0,829;0,428;0;-9,469;1;0,083;0,055;0,00423;0,137;0,448;148,077;299333;4;54,38274;12;1;1
Long Time Gone;Dixie Chicks;spotify:track:0JiX8NsRdCHm8GliFuf97V;0,549;0,693;2;-5,572;1;0,0311;0,18;1,75E-06;0,153;0,819;170,241;249412;4;42,68728;11;1;1
Looking For You;Kirk Franklin;spotify:track:7lXbmBVZsyhxsxBzodG1w3;0,81;0,72;1;-4,793;1;0,0503;0,0138;0;0,221;0,805;121,984;246560;4;19,4207;11;1;1
Lost One;Jay-Z Featuring Chrisette Michele;spotify:track:206QiQ5OnKTZE3cnuMYu3H;0,806;0,686;8;-2,754;0;0,156;0,254;0;0,0613;0,63;84,011;224227;4;54,35844;9;1;1
Love Is Sold;Dj Spinna;spotify:track:5WOj1kKV0HWrCsK5ibnRup;0,777;0,635;1;-7,231;1;0,13;0,00061;0,516;0,0688;0,503;112,019;399840;4;25,52146;16;0;1
Love Like Winter;AFI;spotify:track:3cDE9Yn4GrsxSrlMCLdmTT;0,592;0,914;10;-4,753;0;0,0468;0,000259;0,000139;0,0452;0,524;120,031;165653;4;21,11438;7;1;1
Love Of My Life (An Ode To Hip Hop);Erykah Badu Featuring Common;spotify:track:0ieS2bue78yadTdPiyzsaO;0,571;0,404;7;-9,271;1;0,392;0,116;0,000567;0,0913;0,487;86,472;337573;4;22,30668;15;1;1
Love Rhymes With Hideous Car Wreck;The Blood Brothers;spotify:track:4ZDgRXaafbD7MTx1iep94S;0,536;0,7;5;-6,583;0;0,0522;0,00575;0,0368;0,2;0,611;135,192;194587;4;25,29259;11;0;1
Love You More;Ginuwine;spotify:track:2KIxyCvBR4u1f9B2IRdlXX;0,661;0,422;8;-6,918;0;0,0282;0,0887;2,39E-06;0,164;0,428;117,007;241373;4;30,53396;13;1;1
Lovebug;Jonas Brothers;spotify:track:5G5BOAz7sMWNCOQnbv4ODc;0,577;0,495;4;-6,007;1;0,0593;0,158;0;0,269;0,522;158,215;220693;4;38,46346;10;1;1
Lovers Rock;Billy T Band;spotify:track:6ovsuo5hcSGYY1bEG7kfCV;0,588;0,556;5;-7,657;0;0,0342;0,662;0,0122;0,11;0,625;117,079;257973;4;41,03262;14;0;1
Low Pressure Zone;Clubroot;spotify:track:0xLmLMC5phGgyrq2c5bAfc;0,478;0,349;11;-12,641;0;0,0371;0,337;0,908;0,124;0,0776;139,981;214160;4;41,91553;9;0;1
Luckiest Man;The Wood Brothers;spotify:track:26uHwSHlaK5mskSMhbRod3;0,571;0,281;5;-10,56;1;0,0475;0,74;0;0,163;0,294;142,263;233667;4;42,29581;9;0;1
Lucky 4 You (Tonight I'm Just Me);SHeDAISY;spotify:track:1mpWPva1J4iAzM6mvfeSCF;0,566;0,718;7;-6,371;1;0,0292;0,206;0;0,223;0,503;148,139;240600;4;35,88652;9;1;1
Lucky Man;Montgomery Gentry;spotify:track:4GiXBCUF7H6YfNQsnBRIzl;0,578;0,471;4;-7,27;1;0,0289;0,368;0;0,159;0,532;133,061;196707;4;30,88059;13;1;1
Lust For Life;Girls;spotify:track:72DTGt2tVAL6ATVhzVjvkk;0,25;0,705;6;-6,044;1;0,0313;0,0101;0,377;0,128;0,458;154,299;145293;4;50,47381;6;0;1
Ma. I Don't Love Her;Clipse Featuring Faith Evans;spotify:track:3VbPE4nMEkIB9PWWquCSGB;0,802;0,757;6;-3,152;0;0,271;0,4;0;0,0389;0,922;97,181;257493;4;63,19312;12;1;1
Made of Metal;Halford;spotify:track:4yDyFKt0goGNnWJeKTu3Lg;0,42;0,941;10;-8,101;1;0,0645;0,000147;0,0151;0,288;0,267;149,049;241013;4;41,70144;8;0;1
Main Naiyon Bolna;Bally Sagoo;spotify:track:6b04yst6iSkPBN5gXUw60v;0,818;0,517;7;-7,196;1;0,108;0,0587;0,00139;0,13;0,52;92,997;357093;4;38,89224;15;0;1
Make It Rain;Fat Joe Featuring Lil Wayne;spotify:track:1Ji8DhJGIQuV9kBiTgcChh;0,744;0,697;11;-5,063;0;0,197;0,0106;0;0,0842;0,767;149,28;247413;4;42,63475;9;1;1
Making Memories Of Us;Keith Urban;spotify:track:0Sg5kWoILCs2zBoIHIsDAa;0,687;0,454;4;-9,379;1;0,0255;0,614;0,000107;0,107;0,331;103,93;236000;4;33,70585;11;1;1
Mamá;Los Amantes De Lola;spotify:track:2oA3tCnnhyMaCVzS5MLZZY;0,552;0,854;9;-6,742;0;0,0456;0,335;0,000264;0,161;0,818;141,977;226560;4;30,94961;11;0;1
Mama's Song;Carrie Underwood;spotify:track:0m8Ta268d1kBBG7lxMyWqa;0,341;0,659;2;-5,419;1;0,0357;0,442;0;0,096;0,269;79,987;240240;4;25,29826;14;1;1
Maria Rosario;Los Amantes De Lola;spotify:track:1QnaEDLQn4nz0z8vWOrh0r;0,723;0,65;2;-7,128;0;0,0419;0,0115;0,00774;0,077;0,966;124,471;297187;4;62,76144;10;0;1
Mary Mac;Beatnik Turtle;spotify:track:1OjOrdq4861Yq8G7BGoKcD;0,461;0,936;2;-7,171;1;0,112;0,232;6,89E-05;0,366;0,78;124,604;144880;4;39,39169;7;0;1
Mass of Lords;Jon Kennedy;spotify:track:05bg2rg77FfmpHdSfmo9SB;0,625;0,944;7;-10,45;1;0,0457;0,000268;0,368;0,142;0,637;135,033;217267;4;44,93304;11;0;1
Massage Situation;Flying Lotus;spotify:track:6OHWgUuDDedHRVhcg8vlaf;0,603;0,606;3;-5,06;0;0,0688;0,0108;0,00157;0,108;0,403;93,06;167173;4;50,40641;7;0;1
Maula Mere Maula;Roop Kumar Rathod;spotify:track:5KNuHsIeFtD0oukst77hBi;0,548;0,737;0;-7,865;1;0,0386;0,458;0,00806;0,091;0,412;119,961;364330;4;27,50818;16;0;1
Me And The Bean;Spoon;spotify:track:5oXaBT2x1pESGjgHFZApKa;0,665;0,646;4;-7,949;0;0,0394;0,00491;0,000204;0,199;0,962;133,724;213800;4;22,82569;12;0;1
Meanwhile Back At The Ranch;The Clark Family Experience;spotify:track:2NpEN6jlCVuUBAJoptmaSF;0,585;0,84;7;-6,109;1;0,0324;0,0649;0;0,367;0,534;94,944;179467;4;18,12;8;1;1
Meet Me Halfway;The Black Eyed Peas;spotify:track:0xfpx7AiwgSKEtjotea2L6;0,798;0,629;11;-6,857;0;0,0735;0,00474;2,17E-05;0,324;0,4;130;284373;4;30,48537;14;1;1
Megalomania;Therion;spotify:track:4KLRtj98NPcVOBSrBzk6tU;0,133;0,745;7;-8,36;1;0,0449;1,22E-05;0,925;0,078;0,246;80,799;301000;3;38,18346;15;0;1
Memory Lane;H2O;spotify:track:2y8X7WgVaWriFl5IJhkVSS;0,605;0,933;11;-5,051;0;0,06;0,000399;0;0,106;0,402;101,07;207133;4;36,74254;10;0;1
Men In Black;Forever The Sickest Kids;spotify:track:52d1CVjEhfJF3xf8Y1dr3C;0,698;0,859;5;-5,45;0;0,0976;0,0051;0;0,128;0,678;111,045;185800;4;33,08447;10;0;1
Merciless Onslaught;Metal Church;spotify:track:05g88rY76FUxXlTMmCEk8V;0,279;0,966;8;-14,235;0;0,0568;0,000546;0,783;0,0694;0,141;147,957;176000;4;40,88873;6;0;1
Messa da Requiem. Agnus Dei: Agnus Dei - soprano/mezzo soprano/chorus;Giuseppe Verdi;spotify:track:7igPPe9KswPmFeNFwFqj8C;0,201;0,00536;0;-38,917;1;0,0498;0,947;0,0869;0,126;0,0679;79,311;275400;3;88,56364;9;0;1
Message Horn's Enchanting Echo;Daemonia Nymphe;spotify:track:32MUHfMmhX9qNmNw1MawUb;0,252;0,111;0;-15,312;0;0,0368;0,981;0,516;0,116;0,23;95,929;137520;4;57,71955;7;0;1
Metal Army March;Witchtrap;spotify:track:1S0gaD9ikgSVPF1NQ60aS6;0,469;0,894;4;-8,321;1;0,0843;0,0676;0,188;0,0765;0,326;96,906;446560;4;41,58398;14;0;1
Metal Firecracker;Lucinda Williams;spotify:track:2a0L5f7Xr9ESaf17EIDvE8;0,585;0,656;0;-7,289;1;0,038;0,00522;0;0,0774;0,717;123,531;209653;4;56,64349;9;0;1
Metal Firecracker - WXPN Live At The World Café;Lucinda Williams;spotify:track:5M3cWmgUE71Wdsu9ar1qT8;0,569;0,702;0;-7,184;1;0,0315;0,127;2,53E-06;0,64;0,543;122,204;219573;4;101,49479;9;0;1
Metal Heart;Cat Power;spotify:track:4i9FUNliymlNGvGsvTZU44;0,449;0,418;4;-8,935;0;0,0294;0,791;0,000767;0,122;0,232;119,273;234920;4;50,2888;8;0;1
Metál Lidérc: Metál nénike;Irigy Honaljmirigy;spotify:track:77MtYIJ010NNZf9GCymIOY;0,618;0,785;11;-6,937;1;0,109;0,116;4,28E-06;0,0862;0,826;157,831;201760;4;40,80373;11;0;1
Metal Postcard - John Peel Session;Siouxsie and the Banshees;spotify:track:1gKpqF1Z8ef80bPPmcipbk;0,564;0,836;0;-7,011;1;0,14;0,00387;0,00279;0,107;0,442;116,721;213293;4;24,21061;11;0;1
Mighty Disco King - Radio Mix;Megastylez;spotify:track:0XAWlUKcOzBb3mYDbENYnL;0,643;0,801;4;-7,774;0;0,0356;0,023;0,613;0,343;0,762;143,99;206000;4;32,12268;10;0;1
Misery Business;Paramore;spotify:track:6SpLc7EXZIPpy0sVko0aoU;0,517;0,906;1;-3,677;1;0,0735;0,00272;9,26E-06;0,113;0,731;172,977;211520;4;25,39745;8;1;1
Miss Murder;AFI;spotify:track:0Ti2dlF2xLjXblvdU5fCxM;0,308;0,873;8;-4,542;1;0,0533;0,00022;0,000729;0,0974;0,686;143,519;206587;4;52,81161;7;1;1
Mississippi Girl;Faith Hill;spotify:track:79YeQbd1p7MsuT7wHQLRYY;0,499;0,765;9;-4,148;1;0,0521;0,113;0;0,0509;0,665;83,916;232707;4;27,97209;11;1;1
Mistletoe;Colbie Caillat;spotify:track:4BveoHoGwzJHuWn7TRtRrx;0,573;0,452;11;-8,219;1;0,0279;0,0431;0;0,111;0,314;125,991;230440;4;46,85225;13;1;1
Mockingbird;Eminem;spotify:track:561jH07mF1jHuk7KlaeF0s;0,637;0,678;0;-3,798;1;0,266;0,209;0;0,156;0,254;84,039;250760;4;23,25917;13;1;1
Money For Fish (And Your Chips For Free);Hellfish;spotify:track:12tlbcm1mXoDEwxGfwR1QX;0,666;0,828;3;-7,599;1;0,0788;0,00602;0,71;0,643;0,221;134,131;344976;4;31,72338;12;0;1
Money To Blow;Birdman Featuring Lil Wayne & Drake;spotify:track:4gaz3uvhKgO078XcdzyPsl;0,708;0,578;6;-8,686;1;0,0631;0,0095;0;0,353;0,696;133,03;258587;4;28,54212;12;1;1
Montego Bay Spleen;St Germain;spotify:track:38LpbjQx5XAA95pb7AGRnE;0,705;0,649;11;-7,742;0;0,0651;0,375;0,0102;0,099;0,74;143,625;385677;4;28,43605;15;0;1
Moonstruck;Lalu;spotify:track:7AktiDkh9TUPdkaPIit57d;0,138;0,91;6;-5,869;0;0,146;0,000137;0,00534;0,135;0,076;183,828;261387;4;47,43733;16;0;1
Morseton 2.0 (Elektro Pop Cut);Heiko & Maiko;spotify:track:02yLzMazdCqRGUDcW1cbxC;0,924;0,629;0;-6,753;1;0,074;0,00401;0,805;0,0484;0,543;130,004;202284;4;34,72338;8;0;1
Mouth Of Ghosts;The Dillinger Escape Plan;spotify:track:0Le202Yj1zphNm3QyfN1sB;0,279;0,901;1;-7,052;1;0,0557;0,000529;0,118;0,37;0,268;119,95;409827;4;47,32667;13;0;1
Move Along;The All-American Rejects;spotify:track:2l57cfmCnOkwNX1tky02n1;0,518;0,916;3;-3,858;1;0,0454;0,000148;0;0,291;0,646;109,864;238880;4;19,81215;10;1;1
Move Shake Drop;DJ Laz Featuring Flo Rida & Casely;spotify:track:3rZ4v2IOSbJj5SRq3eoSox;0,806;0,868;7;-3,684;1;0,0794;0,00493;0;0,157;0,597;127,938;190573;4;53,53277;9;1;1
Mozart / Arr Grieg: Piano Sonata No. 16 in C Major. K. 545: I. Allegro (Arr. Grieg for 2 Pianos) [Live];Wolfgang Amadeus Mozart;spotify:track:6LKsT6X9BxMK8ePCDNRLal;0,401;0,14;0;-22,696;1;0,0338;0,99;0,929;0,078;0,326;130,037;283213;4;35,20385;19;0;1
Mr. Brightside;The Killers;spotify:track:7oK9VyNzrYvRFo7nQEYkWN;0,356;0,924;1;-3,74;1;0,0808;0,00101;0;0,0953;0,232;148,017;222587;4;32,67887;8;1;1
Mr. Carter;Lil Wayne Featuring Jay-Z;spotify:track:2tQM1BUrXp2kqOM6mN11TC;0,486;0,71;7;-6,287;1;0,363;0,0445;0;0,35;0,472;170,86;316267;4;20,01532;15;1;1
Mr. Mom;Lonestar;spotify:track:0jSIovJtKxEXH6vI4oRx7I;0,505;0,842;10;-3,316;1;0,0475;0,0576;0;0,111;0,671;172,136;208693;4;18,50444;10;1;1
Mustang Nismo;Brian Tyler;spotify:track:1KFg8BWCMwBRmDbEUdorty;0,647;0,666;9;-7,514;1;0,0758;0,000402;0,711;0,117;0,299;99,986;143947;4;75,57142;6;0;1
My Band;D12;spotify:track:4XHQyvbrBsQaaBUW1VvmsL;0,848;0,854;6;-3,305;0;0,0845;0,47;2,29E-06;0,106;0,876;120,024;298773;4;33,02932;15;1;1
My Girl Hates My Heroin;The Stooges;spotify:track:6Od3VagypWdUBrDnLMx8d0;0,168;0,596;9;-13,892;1;0,0469;0,582;0,11;0,594;0,493;145,902;253507;4;27,11679;9;0;1
My Life;The Game Featuring Lil Wayne;spotify:track:4GXH9A6fzuE0MNtqtzjhLg;0,673;0,766;11;-5,018;1;0,349;0,0724;0;0,0563;0,382;148,113;320893;4;28,68812;12;1;1
My Life Would Suck Without You;Glee Cast;spotify:track:0UrheRSNBXBiZgudI7tVQ2;0,471;0,663;9;-6,284;1;0,0348;0,0177;0;0,0801;0,449;145,078;211800;4;42,53785;8;1;1
My Love Goes On And On;Chris Cagle;spotify:track:7apaBXGNnhJ5iSGjmtVP7t;0,577;0,932;6;-6,137;1;0,0593;0,352;0;0,0609;0,92;161,949;182867;4;40,01974;10;1;1
My Sister;Reba McEntire;spotify:track:21gIIm2pGR0VK36gLVvY26;0,56;0,614;2;-8,538;1;0,0418;0,0598;5,25E-06;0,112;0,526;187,954;239640;4;49,8278;10;1;1
My Way;Limp Bizkit;spotify:track:2gSVKxPDww9Eep5rdvtdem;0,576;0,864;6;-3,981;1;0,0462;0,02;1,68E-06;0,683;0,609;97,225;272973;4;62,47095;9;1;1
My Will Be Done;Unearth;spotify:track:76u2aab2a33Ohs7dOKoUOa;0,219;0,921;7;-5,663;1;0,0787;1,37E-05;0,0515;0,123;0,535;166,307;217133;4;36,19929;13;0;1
N.Y.C.;Easy Mo Bee;spotify:track:6fDUxP6x8iNxua9J00gzzx;0,566;0,933;6;-3,405;0;0,396;0,016;0;0,291;0,489;75,88;307827;3;92,84037;10;0;1
Na Mohabbat Na Dosti (Waqt Rukta Nahin Kisi Ke Liye) - Phir Aayee Barsaat / Soundtrack Version;Jagjit Singh;spotify:track:6ni7w5q6Et96s4vBqbXLfL;0,537;0,526;10;-11,005;1;0,0278;0,508;0,000571;0,83;0,594;98,155;309200;4;45,66119;10;0;1
Nattoppet;Detektivbyrån;spotify:track:1rH72YcWHiBndW2cDMMtWg;0,263;0,674;9;-8,337;0;0,0441;0,345;0,594;0,0664;0,23;157,937;200613;4;25,68262;8;0;1
Necta (Butterfly);Sashamon;spotify:track:2ZUjks7eu5jmj2qnWLm8qm;0,887;0,528;7;-7,59;1;0,0862;0,107;0,00158;0,0613;0,729;144,118;305987;4;32,50794;11;0;1
Neva Eva;Trillville;spotify:track:6QwwsJC57SitPcWuyEpuwd;0,777;0,81;7;-4,968;1;0,0462;0,0192;0;0,0861;0,787;78,021;276320;4;41,99645;13;1;1
Never Alone - Original Mix;Al Storm;spotify:track:7xeFtghb5Eg1A7e30nF1HX;0,46;0,992;5;-2,9;0;0,0573;4,13E-05;0,00294;0,0638;0,63;173,959;244138;4;44,16682;13;0;1
Never Scared;Bone Crusher Featuring Killer Mike & T.I.;spotify:track:4kmIO0yPq92dXtKCL28RfC;0,586;0,927;11;-4,077;0;0,194;0,00924;1,85E-06;0,344;0,528;73,023;316133;4;27,20698;16;1;1
Never Wanted Nothing More;Kenny Chesney;spotify:track:2q49JWdTqa951SdCXZW44g;0,528;0,742;7;-7,044;1;0,0526;0,0412;1,99E-05;0,236;0,746;177,842;207720;4;21,1097;11;1;1
Neverland;Avantasia;spotify:track:3cltha6ZPutKM8YmRBBb9L;0,579;0,914;1;-6,253;0;0,0383;9,84E-05;0,000901;0,153;0,504;101,169;300360;4;32,00299;14;0;1
New Day;Patti LaBelle;spotify:track:3uxXquDyiqlkXNchJYQjge;0,742;0,477;1;-4,403;1;0,0379;0,0722;5,84E-06;0,0911;0,594;95,19;199840;4;20,39367;12;1;1
New Divide;Linkin Park;spotify:track:6Wx88Mv6b9ofjKMKkdwOJd;0,493;0,808;5;-3,365;0;0,0362;0,000235;0;0,0983;0,38;117,971;268613;4;19,85766;12;1;1
Nin-com-pop - Two Lone Swordsmen - Sampler Version;Lali Puna;spotify:track:6VVvxfr9thHNyd61X0FNAV;0,726;0,294;4;-14,451;0;0,0472;0,595;0,717;0,0385;0,185;125,712;206733;4;29,71117;12;0;1
No Cigar;Millencolin;spotify:track:3XSX8AICldLHwxnONB4NLW;0,383;0,986;9;-2,796;1;0,0617;0,000287;0;0,179;0,578;157,871;163227;4;19,36855;7;0;1
No Letting Go;Wayne Wonder;spotify:track:5dWfl2PBpKHpBVdz95wxK1;0,495;0,819;5;-5,656;0;0,0444;0,0479;0,000215;0,177;0,318;100,213;202013;4;39,11311;7;1;1
No More Drama;Mary J. Blige;spotify:track:7GCE5mQQsyqswYbEkCieK5;0,623;0,828;6;-6,265;0;0,212;0,509;7,77E-06;0,0946;0,592;97,926;248320;4;40,53372;8;1;1
No Room For Squares - Alternate Take / Remastered 2000 / Rudy Van Gelder Edition;Hank Mobley;spotify:track:4bQPKZ32HHu7K59y5mnOgh;0,558;0,755;5;-7,799;0;0,0778;0,647;0,00235;0,271;0,825;125,782;405867;4;31,55364;19;0;1
Nocturnal;The Black Dahlia Murder;spotify:track:0b01eiSseb2nvVa9izc2rJ;0,302;0,984;1;-3,142;1;0,125;0,000101;2,91E-06;0,701;0,165;100,723;192933;3;35,96933;10;0;1
Norsk Black Metal;Red Warszawa;spotify:track:5HGuqnaIQc9cuYRGatqUu9;0,632;0,923;9;-6,102;0;0,0978;0,000656;0,000582;0,0558;0,618;120,082;136975;4;40,69591;5;0;1
Not Nineteen Forever;Courteeners;spotify:track:1bSkRvS1uWHI1QL0aJbvyC;0,402;0,92;2;-2,944;1;0,0408;0,000174;0;0,0807;0,297;139,793;243973;4;150,0781;6;0;1
Not Today;Mary J. Blige Featuring Eve;spotify:track:1tWgwttq1I2RlcJFN1dfNh;0,907;0,628;10;-2,551;0;0,0796;0,448;1,32E-06;0,0423;0,902;94,027;253867;4;29,4249;13;1;1
Nothin' To Die For;Tim McGraw;spotify:track:3lRSz6HujrSy9b3LXg2Kq9;0,481;0,786;10;-5,654;1;0,0288;0,0538;0;0,0759;0,389;153,105;253640;4;19,65701;11;1;1
Nothing Else Matters;Carl Henry;spotify:track:19vcAPfKWO8S7RyX5hEBFn;0,6;0,455;1;-7,676;0;0,0642;0,0909;0;0,133;0,591;77,091;219253;4;25,16319;11;0;1
Notorious B.I.G.;The Notorious B.I.G. Featuring Puff Daddy & Lil' Kim;spotify:track:5ByAIlEEnxYdvpnezg7HTX;0,889;0,816;9;-4,67;1;0,247;0,472;0;0,204;0,777;96,056;302693;4;19,67192;11;1;1
Notorious Thugs;Scary Kids Scaring Kids;spotify:track:6BjA89sjpmQyvcWBQSZQGY;0,664;0,761;4;-5,809;0;0,07;0,015;0;0,618;0,345;129,939;443080;4;24,17369;19;0;1
Notte D'Amore Con Te;A Touch Of Class;spotify:track:7elKAMubTOQBZn9ykS99ZO;0,774;0,822;9;-7,487;0;0,0512;0,0352;1,92E-06;0,0795;0,535;132,084;245203;4;50,03385;11;0;1
Now Night Her Course Began;Sephiroth;spotify:track:2uK3MyZTClTtjMaisrbLYE;0,0609;0,241;8;-20,051;1;0,0399;0,688;0,86;0,107;0,0375;64,138;543560;4;41,05025;27;0;1
Nude;Radiohead;spotify:track:5k7VKj1Xwy5DjO4B0PdAOb;0,537;0,342;4;-9,785;1;0,0338;0,833;0,6;0,0856;0,156;128,331;255387;3;40,58623;10;1;1
Numb;Linkin Park;spotify:track:2nLtzopw4rPReszdYBJU6h;0,496;0,863;9;-4,153;1;0,0381;0,0046;0;0,639;0,243;110,018;185587;4;52,77931;6;1;1
Number One;R. Kelly Featuring Keri Hilson;spotify:track:5nB5bek72WORC5jegCIPNk;0,65;0,813;0;-4,673;1;0,112;0,228;0;0,18;0,576;136,796;260867;4;48,46709;10;1;1
O Gladsome Radience (kiev-pechersk Chant);Kiev Theological Academy & Seminary choir;spotify:track:5hVhG3zOH1IUHiWb6c9MvO;0,105;0,0694;8;-23,635;0;0,0393;0,992;0,0583;0,0938;0,0362;90,915;442053;3;58,37173;20;0;1
O2;ORANGE RANGE;spotify:track:3vCqZxrmAmYIFYWSEAKltj;0,51;0,946;9;-3,569;0;0,0848;0,00444;0;0,126;0,811;170,07;237173;4;23,54543;11;0;1
ObZen;Meshuggah;spotify:track:4PHppm7v48ys7YrVelKSYq;0,149;0,999;5;-4,225;1;0,114;3,17E-06;0,91;0,518;0,322;85,03;264413;4;45,46376;11;0;1
Occult Glider;Jazkamer;spotify:track:2Q4VI3YbXvqzq22dWmPkp8;0,168;0,808;7;-4,563;0;0,108;0,0329;0,964;0,331;0,0209;91,269;745600;3;76,55211;28;0;1
Offering Chant - Unplugged;Lama Gyurme;spotify:track:169rPv0jBiT1Q0r2srVwiG;0,467;0,102;1;-14,601;1;0,0328;0,984;0,000266;0,118;0,272;114,157;315400;4;53,20646;10;0;1
Offerrök;Fejd;spotify:track:0iKKePvWWbU9hP5VqWBn7I;0,507;0,932;2;-4,376;1;0,0398;0,0107;0,000918;0,0382;0,263;107,96;339200;4;35,2483;15;0;1
Oklahoma;Billy Gilman;spotify:track:2TIzsX5IvHW2ppG5PD7Qma;0,42;0,268;1;-10,217;1;0,0332;0,484;0;0,0892;0,27;138,595;244000;4;44,34768;11;1;1
Om Namo Narayana Karna Ranjani K.Chappu Ambujam Krishna;Sudha Ragunathan;spotify:track:4N5jef6tQn5wg8pjxQ2BBd;0,522;0,328;1;-13,715;1;0,0394;0,944;0,0885;0,106;0,727;155,673;382200;5;166,1522;9;0;1
On Fire;Lil Wayne;spotify:track:50mX6QmpQX4cCsRYJ9fGM3;0,626;0,866;11;-4,065;0;0,0408;0,00316;0,000364;0,171;0,545;132,031;248240;4;29,76757;13;1;1
On Fire;Lloyd Banks;spotify:track:0B2ZuTLZnWQ6gz8RlNwBu1;0,759;0,825;8;-4,289;1;0,22;0,0923;0,00057;0,24;0,429;94,857;187280;4;74,85128;9;1;1
On The Hotline;Pretty Ricky;spotify:track:1zyqZONW985Cs4osz9wlsu;0,704;0,854;10;-5,477;0;0,183;0,0185;0;0,148;0,688;92,988;242587;4;41,51106;10;1;1
On the River;Nigel Eaton;spotify:track:35MdvfWnGUK25u0FSe72kd;0,444;0,384;9;-15,618;0;0,0377;0,782;0,961;0,0712;0,258;92,891;257173;3;49,00916;12;0;1
One More Time;Daft Punk;spotify:track:0DiWol3AO6WpXZgp0goxAV;0,611;0,697;2;-8,618;1;0,133;0,0193;0;0,332;0,476;122,752;320357;4;58,19603;14;1;1
One Song Glory;Adam Pascal;spotify:track:6Bp80mBzCSf3XAy31Qo7fA;0,648;0,475;6;-7,301;1;0,118;0,201;0;0,127;0,267;143,599;166840;4;34,80108;8;0;1
One Thing;Finger Eleven;spotify:track:2BepFzUWfczDk68DXj10w3;0,588;0,555;1;-9,401;1;0,0334;0,447;0;0,0806;0,445;151,991;279573;4;25,8805;13;1;1
One Time;Justin Bieber;spotify:track:6eDApnV9Jdb1nYahOlbbUh;0,691;0,853;1;-2,528;0;0,0372;0,0631;7,13E-05;0,082;0,762;145,999;215867;4;21,48442;13;1;1
Only Time;Enya;spotify:track:6FLwmdmW77N1Pxb1aWsZmO;0,418;0,249;3;-13,744;1;0,0301;0,841;0,661;0,112;0,213;82,803;218547;4;33,61878;9;1;1
Only You Can Love Me This Way;Keith Urban;spotify:track:1ddEJFVOCOjNqh19FTQAsX;0,566;0,429;2;-9,478;1;0,0286;0,457;3,38E-05;0,173;0,325;147,957;247680;4;55,41528;11;1;1
Open House;Guru;spotify:track:2nIQLI6m0qgjuZ6eO3f7r3;0,744;0,739;4;-6,272;0;0,307;0,119;0;0,106;0,678;79,245;185582;4;28,99861;8;0;1
Opus 17 (Don't You Worry 'Bout Me) - 2006 Remaster;Frankie Valli & The Four Seasons;spotify:track:26C0PwEYOoEuXtNw6fwZIv;0,775;0,698;11;-9,1;1;0,0427;0,399;0;0,319;0,924;121,919;153320;4;16,79992;9;0;1
Ora;Ludovico Einaudi;spotify:track:2aUUsj6puY14yvfbSyM6Jj;0,231;0,124;10;-26,448;1;0,0557;0,963;0,883;0,0859;0,0514;129,758;477000;4;129,95233;13;0;1
Ordinary People;John Legend;spotify:track:2ZA4uMlSZjaoWGFqP1tsLI;0,469;0,132;10;-14,001;1;0,0807;0,929;0;0,0873;0,36;67,011;281467;3;23,73524;11;1;1
Our Song;Taylor Swift;spotify:track:15DeqWWQB4dcEWzJg15VrN;0,668;0,672;2;-4,931;1;0,0303;0,111;0;0,329;0,539;89,011;201107;4;25,73794;9;1;1
Out Here Grindin;DJ Khaled Feat. Akon, Plies, Young Jeezy, Rick Ross, Ace Hood, Trick Daddy & Lil' Boosie;spotify:track:61RnPNHdba0aB7Itq2qCut;0,646;0,829;6;-1,953;0;0,147;0,0119;0;0,145;0,344;175,972;263133;4;59,70245;14;1;1
Over You;Daughtry;spotify:track:7mXmxXLAnsvXKt4Q37KoMI;0,423;0,922;3;-2,602;1;0,0411;0,017;0;0,102;0,567;156,063;204853;4;23,03406;11;1;1
Overdriver;Joe Satriani;spotify:track:36HslbqwAK3jf21gGe313T;0,464;0,9;4;-5,701;0;0,0369;0,00246;0,905;0,167;0,71;81,991;305187;4;24,27857;20;0;1
Oxygen Corrosion;Insect Warfare;spotify:track:0pbqL0YsmbwdzRdEVRg7bK;0,222;0,994;1;-5,394;1;0,125;0,000107;0,000408;0,181;0,0247;66,222;53453;3;0;2;0;1
P.I.M.P.;50 Cent;spotify:track:2D1hlMwWWXpkc3CZJ5U351;0,7;0,758;10;-3,012;0;0,342;0,0444;1,30E-05;0,0401;0,889;78,693;249467;4;24,60842;11;1;1
Paagal Tujhe Mein;Babul Supriyo;spotify:track:2avgnzfTL4xo3r9SnBxG9p;0,58;0,551;9;-6,659;0;0,0459;0,00897;8,67E-05;0,0444;0,533;170,008;351973;4;23,33851;18;0;1
Pachchadanamey;Hariharan;spotify:track:49nQCpklrhXuaK5s1TQwOl;0,538;0,487;1;-13,105;0;0,0643;0,409;0,00016;0,394;0,521;175,925;357947;4;34,78642;21;0;1
Parasitic;Psyclon Nine;spotify:track:5tfVH7jQWJEdwUGO9rfRWv;0,589;0,851;6;-11,285;1;0,0587;0,00208;0,642;0,0961;0,256;108,002;293053;4;37,26237;13;0;1
Parks on Fire;Trifonic;spotify:track:44VAp0xmmV3DVoIe3Hs7V1;0,483;0,617;10;-8,464;0;0,0466;0,147;0,528;0,21;0,203;167,823;443173;3;18,11225;15;0;1
Party People;Nelly Featuring Fergie;spotify:track:61WgPdz6Ik7v0LMOfEgpSv;0,64;0,849;1;-3,994;1;0,357;0,354;0;0,587;0,666;163,925;238573;4;24,80093;11;1;1
Pass The Courvoisier Part II;Busta Rhymes Featuring P. Diddy & Pharrell;spotify:track:7nYUOwj0CkkGlIV3mZqAJJ;0,775;0,897;9;-8,327;1;0,106;0,0234;4,19E-05;0,536;0,719;127,004;230507;4;30,28463;9;1;1
PCP Rock;Friends Forever;spotify:track:53LaeFXgkHNb9hM9n5ptTP;0,137;0,839;5;-3,048;1;0,0601;3,94E-05;0,885;0,305;0,132;142,318;219973;3;32,59319;11;0;1
Peacekeeper;Fleetwood Mac;spotify:track:47QCcoUKxDP1vuli0LwT8G;0,604;0,759;7;-4,896;0;0,0317;0,136;1,38E-05;0,101;0,671;127,208;250760;4;31,85241;11;1;1
Peaches & Cream;112;spotify:track:2SLZ2rX5773RS16mcqBxG7;0,677;0,52;4;-6,255;0;0,334;0,00277;0;0,0532;0,768;203,862;193093;4;35,51483;10;1;1
Peligroso Pop;Plastilina Mosh;spotify:track:5lwPvoxq9H3eAawY4236zP;0,713;0,907;6;-4,132;0;0,0336;0,000468;0,00524;0,0846;0,739;135,055;216600;4;28,53523;9;0;1
People Make The World Go Round (Boris Main Mix);Joi Cardwell;spotify:track:6UhrIkR4sDh8LpoWdUVzt1;0,792;0,637;4;-9,826;0;0,0743;0,000443;0,448;0,0698;0,366;127,989;481350;4;57,90045;18;0;1
Photograph;Nickelback;spotify:track:3hb2ScEVkGchcAQqrPLP0R;0,513;0,877;8;-3,756;1;0,0292;0,000932;0,000163;0,136;0,389;145,919;258920;4;56,84924;11;1;1
Piece Of Me;Britney Spears;spotify:track:2EvwLVrnYbCZEG6Kx5DCRy;0,769;0,638;11;-5,054;1;0,216;0,0902;0;0,0857;0,782;115,007;212107;4;28,94398;9;1;1
Play;Jennifer Lopez;spotify:track:7fFCnttacpotkyhTOxKv14;0,775;0,729;1;-4,229;0;0,162;0,0303;0,00247;0,0361;0,895;104,719;211493;4;46,64891;8;1;1
Play My Music;Jonas Brothers;spotify:track:5MTQbjkMmE6WsDQ8JlyEVo;0,471;0,875;2;-3,499;1;0,087;0,000652;0;0,239;0,759;177,98;197507;4;27,87034;7;1;1
Polka Dots And Moonbeams - Rudy Van Gelder/24 Bit Mastering/1998 Digital Remaster;Bud Powell;spotify:track:7pKWTcPfT9mg2iAhobFHpS;0,552;0,171;2;-13,66;0;0,0544;0,955;0,877;0,122;0,152;102,4;244467;4;53,96447;11;0;1
Pollution Rock;Nordre Sving;spotify:track:0nDQHCFVIZSudI5KigcO8z;0,547;0,683;2;-7,749;1;0,0368;0,0236;0;0,093;0,888;94,937;163997;4;48,12128;8;0;1
Polonaise Brilliante;Nikolai Kapustin;spotify:track:3sO3HX4EP1jS9rZW9OvHCN;0,387;0,268;0;-13,996;1;0,0348;0,995;0,828;0,0942;0,337;113,357;518227;4;28,63663;17;0;1
Pop 4;GAS;spotify:track:6tjzp1mCVaTeK5ZFAye3Ou;0,479;0,744;8;-15,271;1;0,0352;0,499;0,845;0,155;0,714;119,463;591093;4;60,6117;23;0;1
Pop 5;GAS;spotify:track:0rSc1SiAsd8Eo6B4KBnoQz;0,159;0,0331;10;-22,488;1;0,071;0,82;0,998;0,104;0,0336;129,425;646600;5;25,2304;39;0;1
Poppin';Chris Brown Featuring Jay Biz;spotify:track:7vGRXiYWFk6NjUnsNjQJQd;0,767;0,419;9;-3,011;0;0,0369;0,00895;0;0,0521;0,547;122,963;265333;4;35,88071;11;1;1
Pork And Beans;Weezer;spotify:track:7wclPheMJAUKn2njmO2s3A;0,599;0,624;6;-6,622;1;0,0339;0,0109;8,06E-06;0,158;0,706;119,838;189400;4;34,26945;9;1;1
Pravus;Meshuggah;spotify:track:1P8g3xrrKDZ8rQ6ESX3LS2;0,455;0,995;5;-5,194;1;0,0592;9,30E-06;0,863;0,697;0,166;133,086;310480;4;44,033;11;0;1
Prelude and Fugue in c-minor op. 37: Fugue;Felix Mendelssohn;spotify:track:6DwnOj01tAOlzZgtNy2zxN;0,106;0,0424;0;-19,749;0;0,0365;0,887;0,899;0,134;0,0377;63,533;256240;4;23,27108;12;0;1
Pretty Wings;Maxwell;spotify:track:22NLm3IIR9NLG0cUYtmHMW;0,563;0,402;9;-10,496;1;0,0668;0,252;2,07E-06;0,0886;0,2;115,561;310520;4;100,00688;10;1;1
Pride (Times Are Changing);Madball;spotify:track:0gKATHq1UtBZlFESbxP0En;0,394;0,988;8;-4,948;1;0,0661;0,00937;7,97E-06;0,188;0,338;149,817;158240;4;34,19064;7;0;1
Private Emotion;Ricky Martin Featuring Meja;spotify:track:1rjHJSGgt10GAtgLrDtHTM;0,51;0,726;1;-7;1;0,0337;0,265;0;0,0911;0,489;146,553;241000;4;59,99771;11;1;1
Problematic;All;spotify:track:4RMmoTW92A1hffg29g2net;0,434;0,989;2;-3,91;1;0,182;0,0395;6,34E-06;0,186;0,328;111,514;82533;4;26,07456;5;0;1
Prom Queen;Lil Wayne Featuring Shanell AKA SNL;spotify:track:1WGguXX9FkzBHeLb5ISfgg;0,514;0,876;7;-4,828;1;0,0625;3,52E-05;2,56E-05;0,17;0,365;144,035;217400;4;20,1212;10;1;1
Proper Rock;The Chap;spotify:track:7tCql58FzOCWiROAfH2O6o;0,509;0,59;9;-10,096;1;0,0891;0,00413;0,0202;0,0633;0,624;159,945;235173;4;52,04269;10;0;1
Psycho;Puddle Of Mudd;spotify:track:3e2KBwxibC1rq4bA5TNKW2;0,573;0,897;1;-3,549;1;0,0553;0,00473;0;0,278;0,463;126,034;210653;4;25,40819;9;1;1
Pull Over;Trina;spotify:track:6M33HiUHLC3R3gfXYNGMAy;0,955;0,768;1;-5,54;0;0,181;0,0134;0;0,308;0,741;125,04;194293;4;23,83386;10;1;1
Punk Fact Or Faction;Extreme Noise Terror;spotify:track:0dRyY3VAXutGwDyK1cB4ZL;0,173;0,997;4;-3,692;1;0,195;1,03E-05;0,631;0,324;0,0329;121,013;96013;4;28,09894;6;0;1
Punk Rock Academy (Live);Atom And His Package;spotify:track:1jq7PaR6WZQGv5nPy8FT9p;0,669;0,824;7;-4,377;1;0,207;0,64;0;0,6;0,563;90,01;153507;4;20,05156;9;0;1
Punk Rock Is Not Dangerous Anymore;Yesterday's Ring;spotify:track:07NkvhZA6uynNc1qqkqBVi;0,682;0,432;6;-7,962;0;0,0347;0,44;0,00765;0,503;0,434;120,008;165973;4;41,27424;7;0;1
Punk Rock Love;The Casualties;spotify:track:4onKDOYooNaBgWzOuS8Cla;0,156;0,999;2;-1,499;1;0,147;0,0249;0;0,227;0,0899;151,199;108440;4;27,55792;7;0;1
Purest Of Pain (A Puro Dolor);Son By Four;spotify:track:6RUa3ZwZYnJnNgZxtIYJR9;0,593;0,939;7;-3,431;1;0,0616;0,45;1,33E-05;0,109;0,743;134,108;247480;4;38,51149;9;1;1
Pushin' Me Away;Jonas Brothers;spotify:track:6IxbD3Vdv7AIYC11ABftOW;0,473;0,903;7;-6,123;1;0,0678;0,0145;1,23E-06;0,195;0,452;161,956;183120;4;28,2859;6;1;1
Put A Girl In It;Brooks & Dunn;spotify:track:2whdkf4NsAloiUJ9ISRVDM;0,589;0,953;4;-3,317;1;0,0619;0,0328;0,00102;0,062;0,772;119,967;207880;4;23,00748;10;1;1
Rakata;Wisin & Yandel;spotify:track:1kQqiC1rS1FiuVpeBKN0QN;0,872;0,786;1;-5,473;1;0,142;0,0348;0;0,0776;0,722;96,002;172680;4;42,35007;11;1;1
Rakkaudesta Sotaan;Sotajumala;spotify:track:5nkwLQYDMZWdpqVNmZpX32;0,46;0,995;4;-5,467;0;0,19;5,91E-05;0,89;0,189;0,0489;124,944;112960;4;27,50549;6;0;1
Rani;Faun;spotify:track:4f5hVnrSBAPuVfEaUDrogc;0,49;0,82;7;-6,704;1;0,0466;0,363;0,000386;0,0898;0,509;94,804;200520;4;38,20245;11;0;1
Rehab;Amy Winehouse;spotify:track:1L5tZi0izXsi5Kk5OJf4W0;0,434;0,872;0;-2,974;1;0,0702;0,0473;1,83E-06;0,396;0,732;71,515;213760;4;29,94703;12;1;1
Remember;Trans-Siberian Orchestra;spotify:track:2KsUNNRu4VUwvRuv5S2mU8;0,507;0,385;0;-8,279;1;0,0297;0,859;0,0382;0,0945;0,136;134,614;205000;4;39,28183;11;0;1
Rex Rebi Rebellis;Turisas;spotify:track:4Dir1HkBCcJrHIFDG705JG;0,41;0,771;7;-7,807;1;0,0452;0,00156;0,235;0,122;0,245;109,956;430360;4;18,14376;22;0;1
Right Round;Flo Rida;spotify:track:3GpbwCm3YxiWDvy29Uo3vP;0,72;0,672;7;-6,852;1;0,0551;0,009;0;0,232;0,705;124,986;204640;4;23,27898;10;1;1
Right Thurr;Chingy;spotify:track:0l3GEbH3CviUytD6iX4wzg;0,866;0,749;2;-3,977;1;0,253;0,15;0;0,0614;0,891;92,074;250747;4;20,80496;10;1;1
Right Where You Want Me;Jesse McCartney;spotify:track:58ZvuqZgeuZMCbpCsH9E76;0,72;0,548;4;-4,805;0;0,0291;0,00269;0,000118;0,0511;0,709;99,004;211693;4;28,30516;8;1;1
Ring around the Moon;Elephant Revival;spotify:track:4m0MxfIXvKBe3cATug1PUg;0,419;0,362;5;-9,383;1;0,0279;0,656;0,00943;0,0918;0,341;79,963;260547;4;56,15778;10;0;1
Rise Of The Pagan Folk;Eliwagar;spotify:track:7uDHXDNK0H4ybi2CX7nkN8;0,313;0,667;11;-7,65;0;0,0372;0,0318;0;0,0697;0,0391;123,363;262147;4;28,48022;6;0;1
Roc Boys (And The Winner Is)...;JAY-Z;spotify:track:7qTHHJ8MeXEKBVuopWdw4b;0,656;0,923;11;-1,647;1;0,252;0,0356;0;0,156;0,67;94,623;252107;4;26,23021;9;1;1
Rock and Roll Marionett;Stein Ingebrigtsen;spotify:track:1VOPQGI9tO0S1SKSoOqAiC;0,682;0,579;7;-7,924;1;0,0712;0,196;0;0,136;0,784;100,186;222589;4;43,76046;8;0;1
Rock de la Carcel;Enrique Guzman;spotify:track:7LUtYl1Q0l6ImNwcBZJHyO;0,592;0,418;2;-10,741;1;0,0585;0,679;0,00246;0,16;0,643;90,732;139627;4;30,69739;8;0;1
Rock del gato - Vivo;Ratones Paranoicos;spotify:track:6kH6b7sxXoccjzBikdwCJ3;0,483;0,967;9;-3,467;1;0,0778;0,416;0,108;0,927;0,629;118,667;254773;4;85,72657;5;0;1
Rock Discreetly;Rhune Kincaid;spotify:track:6RgR614putlhuLuTcJtEE5;0,531;0,91;0;-6,831;1;0,13;0,0025;0,000422;0,109;0,266;145,048;117907;4;61,67736;4;0;1
Rock Formations;Yawning Man;spotify:track:0EAwKFwPX0JMI5QxuKxteG;0,496;0,656;11;-7,349;0;0,0384;0,00138;0,938;0,0554;0,504;115,504;321640;4;26,66693;12;0;1
Rock Formations;Yawning Man;spotify:track:3yGECrjAhzkWpOxt17cdGr;0,495;0,654;11;-7,352;0;0,0389;0,000993;0,943;0,0547;0,503;115,505;321640;4;26,68372;11;0;1
Rock House;Twaang;spotify:track:5wCK2aI09TP0nlBjv54o3c;0,647;0,967;2;-2,715;1;0,116;0,196;0,504;0,284;0,539;99,987;186427;4;28,24596;7;0;1
Rock In The Video Age;Jan Jelinek;spotify:track:6b9I77bVLGkPfhgeQHDzhS;0,668;0,397;6;-12,649;0;0,0869;0,175;0,918;0,111;0,379;119,987;483973;4;70,40987;16;0;1
Rock My Wool;Dingobats;spotify:track:21oXBCxpXmyK5h0lx8JEcv;0,387;0,507;4;-9,704;0;0,036;0,173;0,142;0,142;0,385;145,626;149969;4;36,25763;9;0;1
Rock 'N Roll Is King;The Carburetors;spotify:track:0txjeclTnYY1saSl7spsFY;0,359;0,865;7;-8,612;1;0,0442;5,99E-05;0,0164;0,0699;0,783;190,172;250080;4;24,38193;12;0;1
Rock of Gibraltar;Trumans Water;spotify:track:0MwzDfNlkrjO8fkjAdQgJD;0,158;0,839;2;-4,326;1;0,086;2,45E-05;0,928;0,113;0,134;132,885;171693;4;114,44852;6;0;1
Rock On;Skatebård;spotify:track:0soVcdz7WW1ZIUB7MteTGi;0,532;0,664;9;-11,387;1;0,033;0,00205;0,914;0,177;0,225;94,984;372947;4;26,79582;15;0;1
Rock This Town;Daniel Johnston;spotify:track:3PaSRhmdsbY3GTQ2ibXrxm;0,52;0,845;4;-5,997;1;0,0467;0,274;0,00085;0,154;0,488;111,139;374067;4;28,47678;18;0;1
Rock You Baby;Toby Keith;spotify:track:1hDyukwpyJ9H5QBZoIs0Dm;0,519;0,57;6;-6,772;0;0,029;0,163;0;0,144;0,17;154,093;241760;4;49,83334;10;1;1
Rock Your Body;Justin Timberlake;spotify:track:1AWQoqb9bSvzTjaLralEkT;0,891;0,714;4;-6,055;0;0,14;0,202;0,000234;0,0521;0,818;100,972;267267;4;37,11249;12;1;1
Rosa de Metal;Red Wine;spotify:track:7x2v2qFUQRCeG9QEsfrRHs;0,404;0,958;9;-4,405;0;0,0683;0,00139;0;0,0451;0,328;90,099;257760;4;103,01444;7;0;1
Rose Room;Pee Wee Russell;spotify:track:0Wm7OK3IJalak5ReFiTQ8X;0,533;0,728;6;-7,092;1;0,115;0,429;0,00834;0,714;0,558;102,026;524680;4;46,86559;20;0;1
Round And Round;Jonell & Method Man;spotify:track:42ENIUbWw6VusXuB2VMhPx;0,679;0,732;5;-4,393;0;0,238;0,306;0;0,0946;0,904;90,634;230640;4;54,95882;9;1;1
Runaway;Love And Theft;spotify:track:3x5VSzCT9x9LB6uPomLZXs;0,606;0,804;1;-4,386;0;0,0416;0,153;0;0,117;0,653;140,496;229760;4;41,69627;10;1;1
Runaway;NB Ridaz Featuring Angelina;spotify:track:49hhlarIcc7kZe459BrXQ8;0,718;0,671;11;-7,517;0;0,113;0,377;0;0,114;0,552;170,012;240133;4;38,89064;13;1;1
Rush;Aly & AJ;spotify:track:1dpXikU9kSyxm1mKulwHws;0,548;0,815;2;-5,218;0;0,0409;0,0175;8,90E-06;0,127;0,212;129,963;191733;4;42,49121;8;1;1
Russian Roulette;Rihanna;spotify:track:3rMsX63C0IZVnOT5LGYoTH;0,48;0,486;6;-5,754;0;0,0447;0,046;0;0,107;0,265;80,051;227533;4;27,76427;7;1;1
S.O.S.;Jonas Brothers;spotify:track:4BfmwIHuo6LITtvxFHsNnw;0,602;0,669;7;-3,904;1;0,0635;0,000917;0;0,114;0,74;137,058;153347;4;22,46207;7;1;1
Samovar;The Dreadnoughts;spotify:track:5uoWdMOke4jG5OCOQ1NbVx;0,549;0,976;9;-4,73;1;0,0829;0,00102;0,000504;0,227;0,461;97,093;210720;4;29,76924;11;0;1
Santa Fe;Adam Pascal;spotify:track:2TN1LttjDusbg3hzeH9MzJ;0,697;0,56;9;-6,926;1;0,121;0,594;1,71E-06;0,112;0,448;157,521;207640;3;33,67072;9;0;1
Save A Horse (Ride A Cowboy);Big & Rich;spotify:track:5s7m2xNZWgz5FqVSIvJcGA;0,7;0,896;2;-2,276;1;0,191;0,108;0;0,453;0,817;102,065;200307;4;26,83527;8;1;1
Save Me;Shinedown;spotify:track:23SlyxzUtQtExgEButcOtR;0,524;0,816;11;-3,49;0;0,0308;0,00044;0;0,0777;0,252;116,026;213933;4;33,76876;8;1;1
Savior;Rise Against;spotify:track:3asFGFY3uLjMDmML1p0tYm;0,339;0,931;5;-3,425;0;0,062;0,0015;0,000142;0,425;0,467;112,548;242280;4;40,73236;10;0;1
Say Aah;Trey Songz Featuring Fabolous;spotify:track:2fQ6sBFWaLv2Gxos4igHLy;0,724;0,87;1;-3,614;0;0,113;0,00453;0;0,833;0,81;93,01;207547;4;31,87471;13;1;1
Scars;Papa Roach;spotify:track:1UREw2MCfU0xwBzCAjxlUD;0,471;0,936;11;-3,354;1;0,0448;0,0783;0;0,171;0,45;89,881;208186;4;22,21413;7;1;1
Schilflied (Reed Song);Ernst Bacon;spotify:track:57iTOIuB2fkON8fP08ZCKA;0,39;0,0674;2;-21,313;1;0,0465;0,993;0,801;0,105;0,0699;86,059;156747;3;30,93779;9;0;1
Second Chance;Shinedown;spotify:track:0CwYG1UnRmOx8Q1EzElCIL;0,46;0,796;0;-4,501;0;0,0333;0,00107;0;0,106;0,182;100,011;222067;4;33,51396;10;1;1
Self Destruct (Live);Nausea;spotify:track:6S7nrJEPRdRobUAB7as2tf;0,454;0,925;6;-5,78;1;0,0727;0,000744;0,517;0,144;0,478;88,438;140240;4;74,4553;6;0;1
Sen No Yoru Wo Koete;Aqua Timez;spotify:track:1N96Zrw2aAQVA9baB0gXPq;0,377;0,777;1;-3,784;1;0,0307;0,0422;0;0,118;0,519;87,808;293187;4;36,70331;12;0;1
Serenata concertante in E Minor. Op. 105: II. Allegro moderato;Anton Diabelli;spotify:track:5JjmjeQ2p3CFEaSfEgkNNt;0,443;0,045;7;-24,951;1;0,0406;0,991;0,794;0,113;0,449;115,223;366000;4;72,82041;17;0;1
Serenata concertante in E Minor. Op. 105: V. Allegro ma non tanto;Anton Diabelli;spotify:track:3wDtPnH617jFucYi14NWog;0,426;0,0527;4;-25,464;0;0,0469;0,991;0,679;0,118;0,184;114,872;299600;4;35,56752;12;0;1
Serenata concertante in E Minor. Op. 105: VI. Marcia- Allegro moderato - Artaria Trio;Anton Diabelli;spotify:track:2EKLBatNcnStYZUR75Xdty;0,519;0,0248;4;-24,994;1;0,0567;0,989;0,737;0,0827;0,397;124,92;355667;4;35,17017;18;0;1
Serious Hardcore - Original Mix;Ham;spotify:track:6mGnxmegYYJA2TkhXCbOkb;0,509;0,942;11;-6,899;1;0,0628;0,000639;0,882;0,0788;0,163;169,96;460080;4;34,78597;12;0;1
Serpents in Paradise;Avantasia;spotify:track:6EABa3lfsdxgNuyPdVkOpA;0,473;0,968;11;-4,498;1;0,0674;3,24E-05;4,16E-06;0,119;0,319;91,14;376760;4;35,77998;16;0;1
Set It Off;Juvenile;spotify:track:44LFap7VrB4356vfbQOZHg;0,695;0,595;1;-9,091;1;0,194;0,18;1,20E-05;0,087;0,746;168,136;257000;4;46,41866;13;1;1
Settle For A Slowdown;Dierks Bentley;spotify:track:23wZ7ClwPgwBNkFvnTlMwk;0,533;0,665;5;-5,632;1;0,0317;0,0813;1,86E-05;0,332;0,212;80,975;223200;4;37,20245;9;1;1
Seu mal / Moon da lua / Metal leve;Lulu Santos;spotify:track:2JiNF2UR8CcQYMRavhlqyx;0,4;0,732;9;-9,946;1;0,0486;0,0006;0,00212;0,104;0,788;120,036;370333;4;50,82655;18;0;1
Sex Ed Rocks;I Set My Friends On Fire;spotify:track:70bIXA78HdQB7QCMZ5YwLF;0,419;0,918;2;-5,111;0;0,0828;0,00128;0;0,306;0,395;154,394;192699;4;62,40818;7;0;1
Sexual (Li Da Di);Amber;spotify:track:4jCWcK6PhbnzOCAFJEztUm;0,623;0,898;4;-6,604;0;0,0309;0,000192;0,303;0,138;0,786;130,993;226227;4;30,7697;12;1;1
SexyBack;Justin Timberlake;spotify:track:0O45fw2L5vsWpdsOdXwNAR;0,967;0,583;7;-5,562;0;0,0789;0,0584;0;0,0519;0,964;117;242733;4;45,9564;13;1;1
Shadow;Ashlee Simpson;spotify:track:1xus3kv8tqlzeOxVZzDd0f;0,462;0,738;0;-3,852;1;0,0282;0,0355;7,40E-06;0,101;0,303;77,966;237427;4;43,28616;10;1;1
Shadow Of The Day;Linkin Park;spotify:track:0OYcEfskah1egYHjYRvbg1;0,534;0,393;11;-7,813;1;0,0292;0,00479;0,0107;0,107;0,0641;110,007;290360;4;58,45602;9;1;1
Shakara;Fela Kuti;spotify:track:7ahuB6eBMgz9jGm6AMLHuM;0,648;0,713;10;-6,622;0;0,0421;0,27;0,0504;0,205;0,611;120,352;805733;4;78,13706;29;0;1
Shake That Monkey;Too Short Featuring Lil Jon & The East Side Boyz;spotify:track:3XabgBQYC7H80agKcAq83Y;0,937;0,695;0;-6,932;1;0,134;0,000577;3,19E-05;0,295;0,457;99,997;278707;4;20,82038;11;1;1
Shake Your Bon-Bon;Ricky Martin;spotify:track:1yKDl9K9lrbIFSpPBzEQtb;0,638;0,937;0;-4,642;1;0,0444;0,0942;0;0,327;0,762;100,03;192333;4;22,51275;9;1;1
Shaker Loops (version for string orchestra): A Final Shaking;John Adams;spotify:track:23SlZxePmn6hTVgmFHZblr;0,222;0,0381;0;-29,152;1;0,0459;0,871;0,563;0,221;0,0847;143,065;249373;4;89,22733;10;0;1
She Couldn't Change Me;Montgomery Gentry;spotify:track:3zjLEJ6EPYJHZRtWGMhMSJ;0,67;0,823;5;-10,592;1;0,033;0,00436;0,000192;0,318;0,787;117,44;260133;4;18,88981;15;1;1
She Is The New Thing;The Horrors;spotify:track:0OlEggyotSFvMujRcc6A4u;0,494;0,889;6;-5,524;0;0,0455;0,000606;0,425;0,11;0,525;120,472;200680;4;24,6178;9;0;1
She Let Herself Go;George Strait;spotify:track:1mIQiN9xMz58kfQO6wjOeX;0,659;0,572;6;-7,817;0;0,0252;0,0888;1,08E-05;0,0813;0,386;113,987;198213;4;28,14129;9;1;1
She Never Cried In Front Of Me;Toby Keith;spotify:track:4CA1ZvDNhoaCJcozvGP8WH;0,458;0,621;7;-4,553;1;0,0306;0,374;0;0,0999;0,34;145,904;239507;4;53,25203;11;1;1
She Wolf;Shakira;spotify:track:4cS2HQ6jK80vqdY9ofpztx;0,865;0,69;7;-7,448;1;0,0444;0,289;0,0138;0,225;0,868;121,983;188867;4;52,72801;9;1;1
Sheena Is A Parasite;The Horrors;spotify:track:4gQP59lYowoVb9hlYMKboc;0,267;0,932;9;-4,981;0;0,158;2,42E-06;0,174;0,0396;0,411;172,318;102440;4;22,97723;5;0;1
Sheena Is A Punk Rocker;The Vandals;spotify:track:46A2izIc1SrawwyysXMati;0,361;0,982;0;-2,01;1;0,275;0,0241;0,00035;0,33;0,36;145,736;135867;4;35,36464;6;0;1
She's Country;Jason Aldean;spotify:track:0PspNrE4MSjr1JeB4OW0jn;0,553;0,872;1;-2,832;0;0,0782;0,198;0;0,0659;0,638;172,138;220573;4;21,84293;12;1;1
She's Not Just A Pretty Face;Shania Twain;spotify:track:5xh0pLWWOuHiHsqvIX8JpH;0,565;0,878;9;-4,388;1;0,0385;0,0431;0;0,365;0,451;98,985;229027;4;54,63931;8;1;1
Shoulda Woulda Coulda - Blacksmith R&B Rub;;;;;;;;;;;;;;;;;;;
Show Me What I'm Looking For;Carolina Liar;spotify:track:2h8iXIwEdEnQywhFC4q5e5;0,449;0,864;9;-1,159;0;0,0378;0,0133;1,31E-06;0,0984;0,355;105,121;240467;4;31,86774;9;1;1
Show Me What You Got;Blessed By A Broken Heart;spotify:track:7uvn4zzwralcYsZU5tmuvY;0,471;0,934;10;-2,779;0;0,107;0,000159;1,22E-05;0,135;0,174;149,781;247813;4;27,93188;14;0;1
Sick Of Being Lonely;Field Mob;spotify:track:0rBzABScu9c6D1Juislm2z;0,692;0,921;8;-4,853;1;0,105;0,0016;2,05E-05;0,299;0,856;173,837;229160;4;40,9831;13;1;1
Sign of the Cross;Avantasia;spotify:track:6b3IhqhLZeo3h5JGFkTYVI;0,537;0,917;6;-5,171;1;0,0322;9,31E-05;1,02E-06;0,351;0,432;101,23;386333;4;62,83441;15;0;1
Signs Of Love Makin';Tyrese;spotify:track:6RYynPLHZLnpwjejfGWpQl;0,687;0,363;8;-10,144;1;0,0857;0,215;3,08E-06;0,305;0,519;137,365;245893;4;42,14456;9;1;1
Silence Is Golden - 2006 Remaster;Frankie Valli & The Four Seasons;spotify:track:0QIzzr7JXaE4ENWiMV7eVs;0,528;0,499;3;-7,994;1;0,0257;0,742;0;0,12;0,306;99,018;186040;4;27,49034;11;0;1
Sink Venice;Ikara Colt;spotify:track:5mFdPN72XGqmto8hRNfHQ0;0,101;0,939;2;-4,936;1;0,136;0,000729;3,56E-06;0,267;0,189;178,614;164173;4;40,6711;10;0;1
Sinking;Incendiary;spotify:track:691zGt8f43n3D2X068fHaa;0,209;0,923;7;-3,286;1;0,0598;5,66E-05;0,0505;0,326;0,42;93,347;170813;4;105,99946;5;0;1
Six-Pack Summer;Phil Vassar;spotify:track:23qDMWnwf8p0pr5slljB6i;0,725;0,733;0;-6,66;1;0,0242;0,508;0;0,173;0,843;100,311;219827;4;27,0663;8;1;1
Size Matters (Someday);Joe Nichols;spotify:track:6AuUXX8vRuLccpJvgHoR86;0,562;0,754;5;-5,163;1;0,0392;0,0199;0;0,311;0,676;175,021;170960;4;39,71916;9;1;1
Ska-Boom!;The Fad;spotify:track:3AIPPSb1RDk96adVLHyXp6;0,478;0,973;0;-4,952;1;0,0485;1,84E-05;6,11E-06;0,398;0,865;169,963;151173;4;35,72352;9;0;1
Skull Creek Logger;The Wages of Sin;spotify:track:6ZGdCZ2kyGgEXx5PjCji2Y;0,411;0,9;0;-4,079;1;0,0805;0,0319;0,0577;0,131;0,921;162,003;211213;4;57,437;7;0;1
Slaughtered Corpse;Slaughter Lord;spotify:track:2tWnDCm1VSwcVNB7l8DES2;0,172;0,889;2;-10,191;1;0,0851;2,67E-05;0,766;0,274;0,174;117,694;216587;4;32,29776;11;0;1
Sleepy Silver Door;Dead Meadow;spotify:track:2HlBvuaKhdftTRb3TCklhQ;0,365;0,632;11;-6,574;1;0,0303;0,444;0,708;0,127;0,289;129,545;452747;4;43,87393;15;0;1
Small Town Southern Man;Alan Jackson;spotify:track:5ExWY6ojo1Qm3rC7iaEqx2;0,683;0,438;3;-12,433;1;0,0264;0,12;8,49E-06;0,269;0,568;132,951;280267;4;28,15337;13;1;1
Small Town USA;Justin Moore;spotify:track:5pyB5WEAEwqwl18UaBLeBl;0,593;0,601;6;-5,996;1;0,029;0,122;5,69E-06;0,181;0,531;131,929;218853;4;25,23919;9;1;1
Smells Like Teen Spirit;The Bad Plus;spotify:track:6RoModa3txoHpxBtJMwnv2;0,384;0,729;5;-9,379;0;0,0311;0,349;0,876;0,109;0,398;105,067;357133;4;58,87797;8;0;1
Snap Yo Fingers;Lil Jon Featuring E-40 & Sean Paul Of The YoungBloodZ;spotify:track:6o3s08kk2fQI37vxGZDrJ1;0,835;0,757;8;-5,029;0;0,23;0,00647;0;0,29;0,626;82,038;274387;4;23,45474;11;1;1
Snoop Dogg;Snoop Dogg;spotify:track:5rLnRYky5ktJYGUMAmqeWx;0,856;0,804;1;-6,148;1;0,231;0,311;0;0,322;0,83;107,377;243160;4;28,0338;13;1;1
So Far. So Good... So What;CIV;spotify:track:4q7q3gmlXa2cJ35roZXROY;0,512;0,93;7;-4,65;1;0,0664;0,00126;0,234;0,275;0,75;156,488;131680;4;39,89194;7;0;1
So Fresh. So Clean;OutKast;spotify:track:6glsMWIMIxQ4BedzLqGVi4;0,725;0,64;5;-7,905;0;0,332;0,0278;0;0,099;0,915;166,029;240027;3;33,86082;10;1;1
Sognare;División Minúscula;spotify:track:3EYPZf5gtyU9suVqTWChzk;0,568;0,734;10;-4,108;1;0,0279;0,00885;1,29E-06;0,162;0,642;99,993;313933;4;29,48074;10;0;1
Solstice. Part 1: Garden Of The Sun;Lou Harrison;spotify:track:15H3yecsiyp22Tq2hKjeJj;0,17;0,0672;4;-25,958;1;0,0405;0,966;0,958;0,0885;0,178;103,401;262160;4;40,47188;13;0;1
Some Beach;Blake Shelton;spotify:track:7kWeSMXLxUHHOkFxsS0vhP;0,787;0,765;0;-6,331;1;0,0265;0,231;1,79E-05;0,323;0,964;115,979;204827;4;30,21304;10;1;1
Some Girls (Dance With Women);JC Chasez Featuring Dirt McGirt;spotify:track:1mJkU57DxmxPrjd3l91HDD;0,872;0,838;6;-6,687;1;0,26;0,055;0;0,0596;0,932;98,011;272093;4;44,39378;13;1;1
Some People Change;Montgomery Gentry;spotify:track:7cmZDjXMF1A0dGV726pMYs;0,55;0,61;2;-6,358;1;0,0388;0,0456;0;0,11;0,357;168,186;201867;4;24,3249;11;1;1
Somebody;Reba McEntire;spotify:track:4m3VFxVwSPk8VGoA9qcLRC;0,544;0,169;1;-17,224;1;0,0283;0,272;1,46E-06;0,0831;0,39;98,649;213560;4;42,21306;10;1;1
Someday;Sugar Ray;spotify:track:6NcHJ23mLQKnVxQcOmT7JW;0,743;0,67;1;-4,547;0;0,0293;0,0108;0,0702;0,22;0,934;110,832;243333;4;25,36994;12;1;1
Something More;Sugarland;spotify:track:3C3oknuBLo3jxhmRk67glu;0,613;0,857;4;-4,46;1;0,0545;0,29;0;0,113;0,349;102,261;216733;4;23,52359;10;1;1
Somewhere I Belong;Linkin Park;spotify:track:3agtg0x11wPvLIWkYR39nZ;0,451;0,951;1;-3,754;1;0,0645;0,00038;2,39E-06;0,261;0,442;162,065;213933;4;24,16702;10;1;1
Son Of A Gun;Janet Featuring Missy Elliott, P. Diddy & Carly Simon;spotify:track:24ubPZy7FsV76XMzrjh6TN;0,887;0,759;9;-5,762;0;0,274;0,00998;9,97E-05;0,0967;0,488;104,471;356373;4;60,46684;12;1;1
Sonic Heroes;Crush 40;spotify:track:0wZAQokPco04V9a9oOvm4M;0,312;0,924;10;-5,738;1;0,0833;3,57E-05;1,48E-05;0,105;0,465;188,226;208360;4;18,30565;11;0;1
Soul Sista;Bilal;spotify:track:54SqlaPV5mzRTBBWdnE1OO;0,598;0,412;11;-9,838;1;0,14;0,815;0,000352;0,114;0,431;146,039;339847;4;28,83319;18;1;1
Soultrain;Scooter;spotify:track:4zyNWOdTmi95SNl2comaql;0,522;0,918;3;-6,773;0;0,0402;0,00272;0,821;0,065;0,247;141,995;308333;4;50,70028;13;0;1
Sound Of Madness;Shinedown;spotify:track:0W9Xvd4Qx1aZPxEi94vgRY;0,328;0,939;2;-1,654;0;0,0423;4,93E-05;0,0065;0,337;0,329;185,971;233987;4;78,255;7;1;1
Southern Voice;Tim McGraw;spotify:track:1R9tieT3ZujuJ77a9U5wR3;0,63;0,877;9;-4,106;1;0,0321;0,0446;0;0,113;0,758;112,051;242427;4;59,40747;9;1;1
Special Needs;Placebo;spotify:track:2h0HkReHGCQPOEDZXEMcTO;0,301;0,571;8;-10,152;0;0,0332;0,00082;0,8;0,0851;0,0412;178,084;315987;4;43,14694;13;0;1
Spirited Away - The Sixth Station;Joe Hisaishi;spotify:track:5EWcBYfePistjwchTjLjzo;0,314;0,0273;4;-27,306;0;0,0354;0,926;0,8;0,126;0,0399;77,708;228253;4;22,20585;11;0;1
Splash Waterfalls;Ludacris;spotify:track:2T8hXV9LUZMDBKR5RALGEa;0,728;0,846;6;-6,102;1;0,407;0,102;0;0,233;0,702;145,813;290760;4;85,26459;11;1;1
Stand Up;Ludacris Featuring Shawnna;spotify:track:1dVmVlJ8mAIJf0UeWm5Edo;0,697;0,891;6;-4,372;1;0,342;0,453;0;0,11;0,684;98,738;212866;4;34,84179;10;1;1
Starry Eyed Surprise;Oakenfold Featuring Shifty Shellshock;spotify:track:6A4Kuy7JL0Znab3Skgloiv;0,721;0,794;4;-6,134;1;0,132;0,0195;0,00013;0,283;0,562;103,211;228493;4;42,45346;9;1;1
Starscapes - Ambient;The American Dollar;spotify:track:10MJDo72p2fgxPlPYFUMfX;0,0768;0,235;7;-14,95;0;0,0333;0,891;0,953;0,0825;0,0366;65,853;469556;4;26,66967;20;0;1
Starwatcher;Lalu;spotify:track:3BFj1uEYQhYOJAdGBsAbRO;0,532;0,856;4;-6,672;0;0,0453;0,0822;0,00627;0,147;0,216;134,984;276520;5;17,57167;12;0;1
Station Waggin;Pretty Balanced;spotify:track:0ZKumbInmGR4KooEtKkiSx;0,731;0,634;10;-10,956;1;0,0425;0,647;0,000201;0,0876;0,659;90,52;169880;4;30,06264;8;0;1
Stay - 2006 Remaster;Frankie Valli & The Four Seasons;spotify:track:4T8LdAE3UU0mWIzrB9gnIg;0,735;0,732;10;-8,915;1;0,0699;0,572;2,61E-05;0,0997;0,656;117,58;116507;4;45,59357;5;0;1
Steam;Ty Herndon;spotify:track:2sPXJCnKyQ1SWjc2JdFnQK;0,676;0,738;6;-6,693;1;0,0262;0,0497;2,70E-06;0,0784;0,697;101,944;216693;4;21,42116;12;1;1
Steine Sind Steine;And One;spotify:track:03hqY0WW5PGHjsgxXBAuww;0,635;0,752;3;-6,906;0;0,0385;0,0391;0,921;0,0614;0,961;128,018;238413;4;68,72572;7;0;1
Step Daddy;Hitman Sammy Sam;spotify:track:1TKRumlRMXv2SEKPhueya0;0,93;0,773;1;-5,98;1;0,0457;0,00609;0,000481;0,0767;0,348;118,997;230493;4;31,99187;10;1;1
Still Broken;Plan Three;spotify:track:2ajt6aQwvgu2eJbNIZhJFY;0,51;0,881;11;-4,384;0;0,0354;0,000591;1,46E-05;0,131;0,278;91,034;232093;4;31,97236;9;0;1
Stole;Kelly Rowland;spotify:track:4CTX9iU2a0Q9vM2T4YMUQL;0,649;0,718;7;-4,984;0;0,0594;0,00676;4,26E-06;0,174;0,477;79,993;249293;4;52,60902;11;1;1
Strange Things Happening Every Day;Sister Rosetta Tharpe;spotify:track:0R1gbCoIdyZlozzBzHLMF0;0,724;0,414;0;-9,952;1;0,0711;0,808;1,71E-05;0,161;0,737;154,875;166507;4;24,17586;9;0;1
Streetcorner Symphony;Rob Thomas;spotify:track:20117nklRrpujknMRpueYQ;0,633;0,886;1;-3,892;1;0,0456;0,109;0;0,0438;0,753;81,811;247827;4;66,38407;9;1;1
Stupid Girl;Cold;spotify:track:40u9RFyKQfXwpPjFzK1bGO;0,43;0,868;0;-4,44;1;0,0639;0,000119;0,000389;0,0836;0,164;138,805;189853;3;28,8868;11;1;1
Substream;Kyoto Jazz Massive;spotify:track:19EPTHJf2GpZaKWq2CW019;0,771;0,903;0;-5,688;1;0,0551;0,00438;0,481;0,333;0,879;123,014;394880;4;32,53368;12;0;1
Subtext;John Foxx;spotify:track:4Piypso6HAayTb3FwJIIaW;0,109;0,00459;9;-32,667;0;0,0338;0,989;0,89;0,0796;0,0441;70,122;359680;3;26,43355;14;0;1
Suffering You;16Volt;spotify:track:0HzbDl381rdXtSOaJk20eH;0,509;0,904;7;-3,686;1;0,0579;2,61E-05;0,716;0,334;0,611;141,949;187520;4;19,92387;6;0;1
Suffocate;J. Holiday;spotify:track:3nJjIYchBNkYm7B8XfJf5N;0,458;0,445;9;-8,391;0;0,361;0,64;0;0,118;0,447;82,82;220053;5;33,16176;7;1;1
Sugar;SDIB;spotify:track:1dIFK7mcbKMEn2Z28CsMXu;0,811;0,456;7;-8,288;0;0,0353;0,58;1,75E-06;0,111;0,627;123,984;270840;4;29,66499;9;0;1
Summer Love;Justin Timberlake;spotify:track:1MBM7CyZbwJpVbbZJnHHRg;0,606;0,591;0;-7,228;0;0,087;0,0756;0;0,328;0,477;95,802;252973;4;58,37948;11;1;1
Sun;Daphne Loves Derby;spotify:track:1f8PUcGMw089re9AvFWO42;0,643;0,554;1;-6,475;1;0,0608;0,253;0;0,263;0,617;145,106;197813;4;62,47934;8;0;1
Sunday School;Pretty Lights;spotify:track:0eU8KglPlVxVMZVDNGi7GU;0,729;0,746;9;-4,84;0;0,0599;0,0464;0,114;0,105;0,562;94,977;391361;4;34,23814;16;0;1
Suortuva - Folk Aesthetic Version;Tenhi;spotify:track:0JwBVwGW4YhuliVGwB6icc;0,539;0,233;0;-14,906;0;0,029;0,924;0,805;0,13;0,165;110,245;240600;4;36,85271;12;0;1
Supermegalithic;Half the World;spotify:track:3D4s9xeAHnDjxCbTsJDizG;0,472;0,975;4;-4,191;1;0,171;0,009;4,11E-06;0,318;0,371;119,243;239853;4;25,93249;9;0;1
Suspended by the Throat;Job For A Cowboy;spotify:track:3mdrXhIO3XOoS8MMSx8o12;0,304;0,957;7;-4,909;1;0,203;2,51E-05;0,829;0,181;0,299;117,573;255120;3;45,05235;11;0;1
Suspicions;Tim McGraw;spotify:track:35bEmBJLZeCeNERYl6t4FU;0,599;0,733;0;-6,182;0;0,0299;0,327;0;0,091;0,798;147,305;316973;4;39,56064;15;1;1
Swear It Again;Westlife;spotify:track:2x1D20z93vGEjtTP07GOOr;0,626;0,532;9;-7,205;1;0,0276;0,296;0;0,123;0,33;130,076;247933;4;23,07814;10;1;1
Sweet And Low;Augustana;spotify:track:1W4c3lEi67BG5Ev7CgYqNi;0,443;0,727;11;-4,455;1;0,0315;0,00572;0,000845;0,106;0,407;151,93;214067;4;30,76823;11;1;1
Swing. Swing;The All-American Rejects;spotify:track:003FTlCpBTM4eSqYSWPv4H;0,553;0,717;7;-5,857;1;0,0318;6,48E-05;0,128;0,0385;0,318;127,947;233267;4;29,84441;12;1;1
Swinging In The Jungle;Scooter;spotify:track:2LYPeCTajPZ0EocoYMcFLS;0,485;0,928;0;-5,876;1;0,0367;0,000396;0,54;0,9;0,283;142,017;224333;4;46,30464;9;0;1
Sworn In The Metal Wind;Lost Horizon;spotify:track:16bhZesmjjZZ5O1Hs8q2VS;0,467;0,975;10;-5,028;1;0,166;6,37E-05;0,065;0,429;0,265;92,405;343600;4;51,41262;11;0;1
Take My Breath Away;Jessica Simpson;spotify:track:7AHZb0GnILBBitj0MxObO5;0,568;0,607;7;-6,006;1;0,0271;0,252;0;0,25;0,405;99,692;195347;4;50,09753;8;1;1
Take You There;Sean Kingston;spotify:track:6AdLyvisRKHLAwARaZMGr6;0,752;0,921;5;-4,321;0;0,0696;0,0182;0;0,256;0,634;115,033;236693;4;51,40239;13;1;1
Take Your Time (Coming Home);fun.;spotify:track:2WmF4SAbX81fLDXhYsAMf9;0,436;0,746;2;-5,301;1;0,0843;0,0768;2,49E-06;0,126;0,301;132,06;471267;4;46,90335;18;0;1
Tal Vez;Ricky Martin;spotify:track:2VspVkHity8i4H9jammhhR;0,512;0,615;11;-5,318;1;0,0319;0,216;0;0,123;0,193;115,884;279227;4;32,57099;9;1;1
Taste of Blood;Slaughter Lord;spotify:track:6j2MEc7WIrDzfMUs3iSopy;0,191;0,989;11;-10,553;0;0,329;0,0229;0,249;0,356;0,0377;85,219;197307;4;43,00753;9;0;1
Tattoo;Jordin Sparks;spotify:track:3Ui2jdyxbZQrZohfM0NOgG;0,566;0,766;2;-5,036;1;0,0399;0,431;0;0,101;0,547;168,005;233467;4;38,62764;9;1;1
Tattoos Fade;World / Inferno Friendship Society;spotify:track:6ODgAJmmQAiESP03dOa8gQ;0,293;0,877;9;-6,469;1;0,0707;0,0813;0,0437;0,0917;0,584;69,219;312893;4;57,28589;14;0;1
Taxidermist;False Prophets;spotify:track:5TmLCuGKfXZVahBnTs2Bws;0,137;0,853;11;-8,79;0;0,0972;0,000129;0,00229;0,0473;0,252;187,209;274493;4;106,25521;8;0;1
Techno Dup;Marc Smith;spotify:track:38gzBsBLkGM4V8G6UFus80;0,654;0,943;8;-6,127;1;0,0964;0,0025;0,908;0,141;0,691;165,992;305373;4;23,90276;15;0;1
Tempting Time;Animals As Leaders;spotify:track:3TwKLIOl2hIPDE7z7rvOH3;0,17;0,931;1;-5,176;0;0,0832;2,38E-05;0,915;0,165;0,102;170,097;323933;4;118,36804;9;0;1
Ten;Parts & Labor;spotify:track:6vSwfQIcybCa3FUZFSZvZC;0,0858;0,929;6;-5,755;1;0,138;0,000745;0,834;0,57;0,12;169,809;28920;4;0;2;0;1
Tequila Makes Her Clothes Fall Off;Joe Nichols;spotify:track:6IC6VhpV7D8T1t037Atqpu;0,664;0,706;2;-7,045;1;0,027;0,129;1,06E-06;0,0857;0,681;93,968;187053;4;48,33546;7;1;1
Tere Dar Pe Aya Hoon (remastered);Talat Mahmood;spotify:track:0tzWJ0nf2VRFzxixw0kkmg;0,265;0,183;8;-22,961;0;0,0486;0,985;0,851;0,11;0,577;80,74;183999;4;58,47059;8;0;1
Terzett. Op. 10: II. Dreher;Joseph Küffner;spotify:track:0D480PwG5JodF52u9x7FpT;0,502;0,0526;0;-22,677;1;0,0443;0,99;0,932;0,0763;0,325;84,49;102493;4;45,63817;5;0;1
Thaalam - Version 2;Job Kurian;spotify:track:1KoVdUNBYZkjSQves13B4C;0,323;0,333;3;-10,069;0;0,0316;0,862;1,87E-06;0,151;0,297;170,073;345533;4;23,85915;14;0;1
Thank God I Found You;Mariah Carey Featuring Joe & 98 Degrees;spotify:track:1RS3LStQYhju50eBdD9Uul;0,472;0,532;10;-5,882;1;0,0319;0,586;0;0,106;0,152;129,777;257360;4;43,336;11;1;1
That's How Country Boys Roll;Billy Currington;spotify:track:7KnMHRj5xqsOGLv8lGCPa6;0,677;0,919;2;-3,009;1;0,0344;0,054;1,48E-06;0,113;0,902;120,961;224267;4;22,10361;11;1;1
The Aftermath;Origin;spotify:track:5y25DV4hGYUizcnAH1kFgM;0,366;0,94;1;-8,244;1;0,116;2,01E-06;0,815;0,114;0,142;130,224;274800;4;48,51991;12;0;1
The Beast and Dragon. Adored;Spoon;spotify:track:0BGkmV4Sjl61ct6dcmQgK7;0,677;0,51;5;-6,087;1;0,0363;0,069;0,000199;0,378;0,423;127,131;258440;4;47,27295;12;0;1
The Big Heavy Metal;Massacration;spotify:track:3VBmDO3nmzXWzxgAhRFO38;0,268;0,827;11;-4,755;1;0,0551;5,08E-05;0,00957;0,392;0,618;148,714;307693;4;19,84467;14;0;1
The Black Cat - Alt. Take;London After Midnight;spotify:track:6IQVEjfLUChdMjeUm2guMO;0,628;0,671;5;-6,273;1;0,0271;0,000623;0,762;0,11;0,291;112,016;231333;3;40,20114;12;0;1
The Book of Heavy Metal (March of the Metallians);Dream Evil;spotify:track:07Vk1JPd5MgBJxdrMpnLNh;0,386;0,944;0;-4,334;1;0,0941;6,79E-05;0,0153;0,338;0,374;154,175;325800;4;28,60038;15;0;1
The Boss;Rick Ross Featuring T-Pain;spotify:track:3n5qF6aprwEIjHWuH5jECM;0,431;0,842;7;-4,072;1;0,357;0,00876;0;0,309;0,61;83,66;225653;4;61,26174;11;1;1
The Boys Of Summer;The Ataris;spotify:track:5BmagRD7Thki6O1zZwbxBy;0,251;0,954;6;-2,879;1;0,0691;0,000674;0,000132;0,0975;0,264;191,059;258000;4;24,57698;12;1;1
The Climb;Miley Cyrus;spotify:track:0V8FYVlBFuXXTIvRnMbZyS;0,327;0,588;4;-6,611;1;0,0336;0,0834;0;0,104;0,329;161,074;236067;4;40,07128;11;1;1
The Clown;Novalis Deux;spotify:track:3osZTsCdVadWhUJciAtiXx;0,528;0,961;0;-5,084;1;0,0803;0,0283;0,000197;0,329;0,602;135,027;183440;4;18,34262;9;0;1
The Crystal Palace;Forlorn;spotify:track:0AxHgqW0MQkFiJDjlsXI9e;0,423;0,954;4;-7,985;0;0,0786;0,00142;0,835;0,0627;0,0639;129,993;307801;3;24,86722;14;0;1
The Curly Shuffle;Jump 'N' The Saddle Band;spotify:track:5Pijq9ImAu5xweS1lxAKwK;0,632;0,484;9;-11,772;1;0,104;0,156;0;0,153;0,873;80,687;174707;4;46,8153;9;0;1
The Enemy Guns;DeVotchKa;spotify:track:5ehtsWOeNiU9HzknmMD2lY;0,52;0,839;11;-7,38;1;0,107;0,0847;0,00265;0,161;0,563;135,145;261520;4;29,05562;13;0;1
The Fear;Lily Allen;spotify:track:7bW6MqAdTclmHVHAOkIyPS;0,661;0,847;10;-6,948;1;0,0404;0,419;8,82E-05;0,107;0,522;134,002;207120;4;22,45476;8;1;1
The Feel Good Drag;Anberlin;spotify:track:5sTVykpRs4eiZKn96bZogj;0,342;0,677;5;-11,906;0;0,0568;0,0013;0,00671;0,201;0,501;188,6;207360;4;14,33235;10;0;1
The Glory of Rome;Avantasia;spotify:track:2AzA784JhnlTimX0FtiKX9;0,442;0,941;11;-5,166;1;0,0482;4,45E-06;3,19E-06;0,236;0,365;90,977;329160;4;23,62101;12;0;1
The Gold Torques Of Ulàid;Absu;spotify:track:5qYFUzP9ukCcVIj54uh4FK;0,209;0,997;5;-3,253;1;0,126;0,0125;0,173;0,112;0,29;165,76;232307;4;73,98002;10;0;1
The Goose Is Getting Fat;Jon Kennedy;spotify:track:3XV92cwnyFmUa7OfX5xpFe;0,637;0,701;10;-9,885;0;0,0363;0,0266;0,775;0,128;0,637;112,993;255920;4;37,84722;10;0;1
The Hardcore Massive;Scooter;spotify:track:4IFVfkljTHE6b26xcvMiHg;0,688;0,995;8;-6,518;1;0,0568;0,00167;0,878;0,455;0,159;145,996;265541;4;53,13951;12;0;1
The House Of Lost Hope;Joey Fehrenbach;spotify:track:0AVUmIkyhpsrxlvaPIWE1u;0,741;0,806;5;-7,565;0;0,0423;0,0308;0,9;0,138;0,97;110,002;332640;4;19,25348;8;0;1
The Lamb;John Tavener;spotify:track:1iUNUV6RiPrwKTKJjNQb5B;0,133;0,0312;4;-35,098;0;0,0463;0,989;0,0287;0,12;0,0361;75,058;213147;4;86,34541;7;0;1
The Land of Hope and Glory;Turisas;spotify:track:5y6Yiopz61lDYZg2DdZ42P;0,179;0,84;5;-6,63;0;0,0857;0,00269;0,532;0,295;0,357;85,025;382173;4;85,72342;14;0;1
The Light;The Album Leaf;spotify:track:3YlJKAnvDjHNFjFVy2MXMG;0,176;0,123;1;-16,596;1;0,0439;0,908;0,879;0,208;0,0388;109,536;269067;5;104,80845;7;0;1
The Little Girl;John Michael Montgomery;spotify:track:572R9OVMyWKBeg1hOMgSsW;0,658;0,434;1;-8,527;1;0,025;0,354;1,75E-05;0,112;0,218;83,921;232640;4;62,05212;10;1;1
The Lord of the Wasteland;Toxic Holocaust;spotify:track:3wrBeZiS7ZEwitbsvPUW6u;0,181;0,959;2;-4,565;1;0,0794;5,58E-06;0,851;0,262;0,344;192,771;167693;4;65,24168;7;0;1
The Lucky One;Faith Hill;spotify:track:3H2PYvePtlKoErKnlP943M;0,677;0,864;5;-4,062;1;0,0319;0,0551;0;0,351;0,69;119,981;216427;4;47,7337;12;1;1
The Ministry of Magic;Nicholas Hooper;spotify:track:4E6aFvCuVykwekXRK2m2pg;0,229;0,0476;8;-17,752;1;0,0317;0,922;0,947;0,0782;0,0442;85,037;167093;3;19,65797;10;0;1
The Next Episode;Dr. Dre Featuring Snoop Dogg;spotify:track:4LwU4Vp6od3Sb08CsP99GC;0,922;0,909;10;-2,429;0;0,27;0,0281;0;0,0856;0,309;95,295;161507;4;73,03954;6;1;1
The One You Love;Paulina Rubio;spotify:track:5nuvvKXACbvkftbe1oS0Oy;0,577;0,881;5;-3,919;1;0,0393;0,0634;0;0,132;0,678;91,885;227600;4;21,61808;11;1;1
The Orange Fox Waits;Robin Spielberg;spotify:track:1aTcDNvEBoqWN9FxuoBhfB;0,441;0,0712;2;-21,625;1;0,0456;0,995;0,934;0,0917;0,157;94,35;185533;4;58,47325;7;0;1
The Pilgrim - 2015 Remaster;Iron Maiden;spotify:track:3v11n0mUl2VmWcnjiTzbGm;0,308;0,934;9;-4,145;0;0,0606;0,000306;0,0313;0,0863;0,541;97,848;307867;4;49,45041;14;0;1
The Portal Of Doom;Runemagick;spotify:track:30IxvumcYdsJsrM0fIxFtg;0,281;0,392;0;-9,238;1;0,0353;0,49;0,000283;0,299;0,0697;75,048;90680;3;45,025;5;0;1
The Pretender;Foo Fighters;spotify:track:7x8dCjCr0x6x2lXKujYD34;0,433;0,959;9;-4,04;1;0,0431;0,000917;0;0,028;0,365;172,984;269373;4;75,70684;9;1;1
The Quidditch World Cup;Patrick Doyle;spotify:track:668l1jLhA5t4nYsSIvdPf1;0,389;0,539;8;-14,537;1;0,0563;0,132;0,684;0,377;0,355;129,877;111693;4;87,25926;4;0;1
The Ravenous Beast;Destruction;spotify:track:1PJSHuwghcl1htfLf4KvBV;0,419;0,988;3;-2,241;0;0,111;0,000304;0,589;0,289;0,378;97,036;189133;4;25,31017;10;0;1
The River;Good Charlotte Featuring M. Shadows And Synyster Gates;spotify:track:0d8aJLKZI1r4uOSLZBJaBK;0,439;0,945;1;-2,21;1;0,138;0,00677;0;0,166;0,455;161,954;195680;4;19,02015;10;1;1
The Saints Are Coming;U2 & Green Day;spotify:track:6uQL0epVs9N9Bergafaf6x;0,315;0,81;4;-7,026;0;0,0468;0,0781;0,00321;0,152;0,118;152,116;201907;4;33,25761;11;1;1
The Serpent's Nemeton;Opera IX;spotify:track:129OlRQyvmeze6UpXAQI1e;0,0597;0,872;0;-4,693;1;0,0679;4,19E-06;0,798;0,336;0,151;65,172;402907;4;26,85053;26;0;1
The Sniper At The Gates Of Heaven;The Black Angels;spotify:track:3tX4hDnn0n6B066kOFmziQ;0,311;0,709;4;-7,235;1;0,0331;0,000104;0,215;0,156;0,343;108,284;256627;4;29,34654;12;0;1
The Sprig of Thyme: No. 1. The bold grenadier;John Rutter;spotify:track:0qrluoRkYlnM7R46lJs6Gr;0,19;0,0237;5;-29,269;0;0,0397;0,991;0,0387;0,104;0,14;103,604;182400;3;20,01717;10;0;1
The Sprig of Thyme: No. 6. The cuckoo;John Rutter;spotify:track:0uG5kQ57Aeks1vHfQnAXjk;0,271;0,0442;1;-26,772;1;0,049;0,983;0,0424;0,0935;0,0488;131,029;152093;4;40,62539;6;0;1
The Struggle;The Dead Texan;spotify:track:4l4XUD5bwLaCKB6i9lM4eq;0,348;0,0386;2;-22,766;1;0,0334;0,982;0,861;0,0996;0,0368;137,681;328667;4;46,77829;11;0;1
The Trooper - 1998 Remaster;Iron Maiden;spotify:track:5MdzI3rWBZIVl4IdZtlWdA;0,288;0,857;4;-6,77;0;0,0641;0,0215;0,0631;0,713;0,69;161,918;250680;4;37,07876;13;0;1
The Truth;Jason Aldean;spotify:track:25rV6ArwFMht49oONoqSLQ;0,496;0,577;9;-5,305;1;0,0257;0,234;2,40E-06;0,109;0,381;143,014;238413;4;42,26902;12;1;1
The Way I Live;Baby Boy Da Prince Featuring Lil Boosie;spotify:track:68Zq7PMcPIQE8ol1x3gAqw;0,88;0,438;0;-7,562;1;0,248;0,0147;0;0,0907;0,714;90,02;324907;4;39,73121;13;1;1
The Way I Loved You;Taylor Swift;spotify:track:5P4wWhUYWM0IaVYLuZxdar;0,433;0,7;5;-3,709;1;0,0336;0,0408;0;0,115;0,398;160,927;244227;4;25,23044;13;1;1
The Way We Get By;Spoon;spotify:track:0ZXmGxjtSWLD1KO8IRRuIg;0,725;0,662;9;-5,819;0;0,0291;0,363;5,30E-06;0,125;0,591;75,009;160747;4;24,31415;7;0;1
The Way You Love Me;Faith Hill;spotify:track:6vgN6KGstss0GnBbKlMNK9;0,627;0,716;2;-7,175;1;0,0352;0,127;0;0,0344;0,734;101,99;186067;4;26,1471;12;1;1
The Worms Will Get In;Jazkamer;spotify:track:5HwXiRSQIJfDDzZatkpMMY;0,0775;0,00796;1;-10,458;1;0,0413;0,841;0,923;0,102;0,029;72,592;1011760;4;12,57441;57;0;1
Then They Do;Trace Adkins;spotify:track:7tUZJ2ZcRZXYZQlV7CsMB2;0,448;0,453;10;-6,563;1;0,0286;0,273;0,000342;0,0751;0,359;149,815;270893;4;29,33115;15;1;1
There She Goes;Sixpence None The Richer;spotify:track:43z6scIZU2QcEieMQFAJRG;0,498;0,789;10;-5,724;1;0,0319;0,000856;5,83E-06;0,104;0,455;120,176;164280;4;29,92569;7;1;1
These Are The Days;O-Town;spotify:track:4Mem5PZWPaqQ7X1bGysNxl;0,598;0,627;9;-6,323;1;0,038;0,000968;0;0,0626;0,432;119,991;263933;4;37,07733;11;1;1
Thirten - Original Mix;Phaeleh;spotify:track:7vZfWIaHKXFTmIr1UThDdX;0,335;0,533;1;-16,441;1;0,0558;0,0487;0,861;0,0694;0,0358;149,197;342447;4;26,26478;13;0;1
This Everyday Love;Rascal Flatts;spotify:track:7aNsPkxjfpxr6LM2Mg5sQr;0,673;0,812;0;-3,436;1;0,0468;0,348;0;0,106;0,96;95,024;184107;4;21,67837;9;1;1
This Is Me;Demi Lovato & Joe Jonas;spotify:track:5pomCBdsTZSDCFHH8BAUQe;0,421;0,821;1;-2,783;1;0,0372;0,00971;0;0,1;0,594;91,245;189173;4;32,78359;9;1;1
This Time Around;Hanson;spotify:track:6pISWFsFAZRH7xU5vlIN5n;0,308;0,895;1;-4,131;1;0,103;0,0795;0;0,135;0,328;164,277;257973;4;45,07388;9;1;1
Three Cheers For Five Years;Mayday Parade;spotify:track:3hJoAM3O7q1i70lJRf8Cky;0,36;0,505;11;-5,485;1;0,0314;0,616;0;0,326;0,382;69,126;290787;4;37,33819;10;0;1
Threnody;Goldmund;spotify:track:7hyAAjHZaDWSPDzlUYNUIa;0,217;0,00572;2;-30,767;1;0,0394;0,989;0,925;0,109;0,174;85,279;281120;4;23,62906;19;0;1
Through The Fire And Flames;DragonForce;spotify:track:6nnacTL5on2aVsRhVDNUSo;0,113;0,951;0;-4,743;0;0,129;0,00176;0,00718;0,334;0,139;200,024;441560;4;39,84572;19;1;1
Thug Holiday;Trick Daddy Featuring LaTocha Scott;spotify:track:10TfdwQqSz1DzJirOAcqZI;0,767;0,654;1;-9,088;0;0,289;0,372;0;0,147;0,546;138,062;294067;4;26,58424;13;1;1
Thug Lovin';Ja Rule Featuring Bobby Brown;spotify:track:2EhZdDMJBk529B7I57vJb8;0,769;0,685;1;-5,648;1;0,177;0,133;0;0,667;0,771;93,043;290387;4;26,08229;13;1;1
Ticks;Brad Paisley;spotify:track:736KP0gdltJQWPKk0wVL7l;0,623;0,79;4;-6,316;1;0,0283;0,0312;3,77E-05;0,106;0,718;94,433;273160;4;24,5084;11;1;1
Time - Film Edit;The American Dollar;spotify:track:6n8iWKyjoSEsYyU3WMmoqU;0,0698;0,0948;0;-20,031;0;0,0396;0,892;0,925;0,0896;0,0335;75,984;226250;4;38,20202;6;0;1
To Thee We Sing (bulgarian Chant);Sretenyie;spotify:track:1zyA7zTQr51Fo4C27HWc0z;0,146;0,153;1;-18,736;0;0,0533;0,993;0,532;0,134;0,0386;172,796;179853;4;48,99941;9;0;1
Todo se transforma;Jorge Drexler;spotify:track:4YEU9N2XAE0DfUwxWI5ijA;0,761;0,488;9;-7,326;1;0,043;0,199;0,00236;0,0864;0,682;100,024;217146;4;59,13317;8;0;1
Tommib;Squarepusher;spotify:track:5bgbePi06Jpajb3CfgEhgJ;0,347;0,143;1;-16,349;1;0,0336;0,949;0,921;0,094;0,0396;90,091;79173;4;17,4163;3;0;1
Tonight I Wanna Cry;Keith Urban;spotify:track:61hmCqoIlTJjcVMMLhcH5n;0,579;0,385;7;-7,885;1;0,0256;0,88;2,17E-06;0,164;0,145;103,779;259507;4;32,65811;12;1;1
Too Bad;Nickelback;spotify:track:2cCWbBmadLbKvr9xddC79R;0,598;0,808;10;-5,209;1;0,0388;0,00304;0;0,147;0,288;128,025;232240;4;34,01039;11;1;1
Too Many Rappers;Beastie Boys Featuring Nas;spotify:track:22hR7aDYKZrPKH18YLlyaV;0,627;0,872;11;-4,388;0;0,158;0,00566;0;0,522;0,548;93,728;291800;4;25,65144;11;1;1
Top Down;Brian Bromberg;spotify:track:64uQABGTLxErFpSu1eWnuN;0,448;0,877;1;-5,278;1;0,0458;0,00027;0,906;0,355;0,746;156,004;335640;4;39,61448;17;0;1
Touch It;Busta Rhymes;spotify:track:7HiUa9Gkk3QddHWT4jKiXd;0,641;0,615;1;-7,475;1;0,389;0,0367;0;0,105;0,411;68,938;240147;3;38,38141;12;1;1
Touch My Body;Mariah Carey;spotify:track:2H1l4JczUDbiWfQtQElB05;0,715;0,665;4;-7,736;0;0,0502;0,0996;0;0,224;0,84;78,502;204733;4;25,27818;12;1;1
Touma Rap;Oumou Dioubate;spotify:track:2La1MzvdLXB5cWRSPY0pGb;0,788;0,757;4;-5,159;0;0,0367;0,694;8,00E-06;0,161;0,879;99,97;371400;4;44,99264;11;0;1
Trapped In The Closet;R. Kelly;spotify:track:45LrQ3tg1z8plpuQRCuSwE;0,551;0,583;4;-6,473;1;0,159;0,539;0;0,365;0,419;107,424;992160;4;22,0433;29;1;1
Treasure;Trevor Rabin;spotify:track:2X42kkAi74tp2Je6OuML6c;0,064;0,0794;3;-16,971;1;0,0403;0,432;0,896;0,151;0,0356;63,29;218947;4;57,70217;12;0;1
Tricky. Tricky;Lou Bega;spotify:track:4INRUdIART6zmdeLquiu5g;0,858;0,947;0;-3,557;1;0,235;0,125;0;0,0367;0,967;151,037;203133;4;21,8709;8;1;1
Trono del Metal;Warcry;spotify:track:4MK3Bu4feaWMe6GzqxxmDK;0,377;0,935;0;-4,442;1;0,0796;2,22E-05;0,354;0,07;0,263;156,028;321132;4;25,19238;13;0;1
Troublemaker;Akon Featuring Sweet Rush;spotify:track:1sBiJZixyXiVBkZCXYvTdf;0,856;0,78;7;-4,256;0;0,105;0,131;0;0,401;0,835;122,067;237173;4;31,20251;15;1;1
True Friend;Hannah Montana;spotify:track:322E3pHVE4THhniKjNLTY9;0,657;0,778;4;-5,004;1;0,0329;0,0014;0,000314;0,131;0,591;98,017;189173;4;30,73726;10;1;1
True Metal of the World;NanowaR of Steel;spotify:track:7etIJD44INllBCR7bSMLDM;0,367;0,854;4;-4,527;0;0,0702;0,00303;3,70E-06;0,47;0,423;99,674;296400;4;39,90892;9;0;1
True Rebel;Nitrogenetics;spotify:track:4atXnrsTrNuKSi7DMU5wdY;0,539;0,985;1;-7,354;1;0,126;0,00857;0,12;0,0792;0,127;162,065;363000;4;25,11119;17;0;1
Try It On My Own;Whitney Houston;spotify:track:2IpeftovkFwpkWBYuS0qCz;0,544;0,593;6;-5,887;1;0,0362;0,612;6,75E-06;0,146;0,139;135,877;280427;4;33,49273;11;1;1
Tum Bin Jaon Kahan;Hariharan;spotify:track:4u59BL6bp6Xl78sY2Xsv84;0,734;0,359;11;-14,531;0;0,0268;0,232;0,864;0,0864;0,698;109,981;242800;4;21,20642;10;0;1
Turn My Headphones Up;Sinking Ships;spotify:track:2PcO7PL7a5CGnDtT2pgXau;0,324;0,924;7;-3,349;1;0,114;3,01E-05;0,000325;0,231;0,419;86,456;142200;4;78,13033;4;0;1
Turn My Swag On;Soulja Boy Tell'em;spotify:track:6ATrsVaZT7XjkCynxM8cTS;0,546;0,712;3;-3,104;0;0,0269;0,000969;0;0,406;0,489;150,154;206333;4;34,85991;9;1;1
Twang;George Strait;spotify:track:10Jl8nC5i4idX63nUk3mRj;0,561;0,956;9;-3,331;1;0,0799;0,279;6,83E-06;0,0801;0,78;158,621;175600;4;38,58419;10;1;1
Twist. Nail. Torture;Astarte;spotify:track:72azgoY5nPVjpkI5AnO30Q;0,31;0,98;9;-5,903;0;0,071;3,05E-06;0,514;0,137;0,094;166,064;271933;4;38,30773;11;0;1
Two Wrongs;Wyclef Jean Featuring Claudette Ortiz;spotify:track:632GESqggMN84rS3sRXy0K;0,662;0,613;9;-7,553;1;0,189;0,0899;0;0,0831;0,401;83,015;231133;4;44,553;10;1;1
U & Dem - House Dub Mix;Seven Dub;spotify:track:4XcVrxlifVIm0glCZW5mrE;0,745;0,598;11;-10,562;0;0,0754;0,00959;0,0422;0,103;0,654;131,977;307760;4;39,77837;14;0;1
U Remind Me;Usher;spotify:track:2QsZVnbWVSjKMXK6K3uRBL;0,657;0,629;6;-4,938;1;0,0782;0,194;0;0,254;0,726;93,985;266893;4;37,0818;14;1;1
U Understand;Juvenile;spotify:track:5V6r4UQ0z7gxkkREnza5Y0;0,901;0,829;5;-4,036;0;0,146;0,0585;0;0,0498;0,674;99,766;259293;4;51,05927;13;1;1
Umbrella;Rihanna Featuring Jay-Z;spotify:track:49FYlytm3dAAraYgpoJZux;0,583;0,829;1;-4,603;1;0,134;0,00864;0;0,0426;0,575;174,028;275987;4;31,41976;15;1;1
Un Beso de Desayuno;Calle 13;spotify:track:4NXb9ohwcrT5hZ3HOdIN7c;0,571;0,858;8;-5,393;1;0,143;0,288;0;0,0629;0,792;84,615;290840;4;147,48302;8;0;1
Underneath It All;No Doubt Featuring Lady Saw;spotify:track:6fR6Z0Vc1K6yQWNUIKjAIR;0,729;0,731;4;-4,823;1;0,0682;0,235;1,35E-06;0,391;0,838;138,204;302720;4;22,99943;15;1;1
Underneath Your Clothes;Shakira;spotify:track:15f8Cv8RXUlOOCIf2oaceN;0,616;0,597;8;-5,328;1;0,0415;0,686;0;0,104;0,362;165,508;224067;4;24,32955;10;1;1
Universal Mind Control;Common Featuring Pharrell;spotify:track:0GPVmKBQiwIp0RONkkbeDO;0,868;0,92;4;-4,17;0;0,055;0,39;0,00682;0,155;0,694;119,994;213613;4;51,04631;11;1;1
Unpredictable;Jamie Foxx Featuring Ludacris;spotify:track:3UNrtRxBBlWE70SjxnOo02;0,734;0,599;9;-8,462;1;0,197;0,206;0;0,0555;0,772;145,185;219867;4;41,61653;8;1;1
Until The Morning;Thievery Corporation;spotify:track:20F3FcES8KU4kffMCkFgNN;0,6;0,432;4;-9,673;0;0,05;0,191;0,0471;0,114;0,276;71,974;236960;4;25,14407;11;0;1
Until We Bleed (feat. Lykke Li);Kleerup;spotify:track:4R9tl76Nf4xr8GMhcpaNDm;0,642;0,756;9;-5,526;0;0,0617;0,305;0,252;0,0825;0,525;120,016;264040;4;47,77681;13;0;1
Untouched;The Veronicas;spotify:track:0KlahhzNb98zyN83Vwae0l;0,557;0,783;6;-4,893;0;0,234;0,0171;0,0172;0,151;0,442;177,008;255360;4;31,46686;12;1;1
Used To Love U;John Legend;spotify:track:051NZ3rr3HXTULCEySJRX3;0,661;0,796;7;-4,776;1;0,0833;0,0347;0;0,396;0,657;87,982;210867;4;25,31054;9;1;1
Uso;SID;spotify:track:3nfRAF41rfz4aiTfi9s8oq;0,437;0,945;11;-3,549;0;0,0611;0,0115;0;0,105;0,85;179,816;208120;4;62,84665;8;0;1
Vagamarathin - Duet Version;M. G. Sreekumar;spotify:track:0aZB01yTDvIb7XPOEtfton;0,742;0,753;5;-6,954;0;0,0723;0,244;0;0,105;0,64;109,998;192640;4;48,86994;9;0;1
Velonica;Aqua Timez;spotify:track:2wKFFJkshZruKwGWnXFtqE;0,489;0,914;7;-4,188;1;0,0483;0,000183;0;0,137;0,545;136,917;281173;4;21,50399;14;0;1
Vinarada;Mysore Nagaraj;spotify:track:2QKTLvSsHwgLMqszC3z3iw;0,393;0,369;9;-12,273;0;0,293;0,975;0,85;0,0956;0,543;181,883;241816;4;82,4283;9;0;1
Wah Lee Bomp Dee Bomp;Metal Boys;spotify:track:1stxv0O836x8fBhKnYJneI;0,647;0,659;0;-11,62;1;0,0348;0,0586;0;0,332;0,831;130,359;129600;4;39,75452;8;0;1
Wait A Minute;Ray J Featuring Lil' Kim;spotify:track:7xwFOVYwBuLvFquLyfooRp;0,89;0,701;7;-4,954;1;0,205;0,0681;0;0,243;0,728;100,018;227267;4;18,71484;9;1;1
Walk A Little Straighter;Billy Currington;spotify:track:3QDGFN2gid9XJ9RUktUxdO;0,56;0,41;8;-7,214;1;0,0259;0,482;0;0,119;0,187;131,915;222280;4;42,73577;9;1;1
Walk Away (Remember Me);Paula DeAnda Featuring The DEY;spotify:track:0Sc9UwBpChiRKRF8DKvWKZ;0,672;0,585;0;-5,797;1;0,0582;0,192;0;0,156;0,834;77,998;238160;4;40,82894;11;1;1
Walk It Out;Unk;spotify:track:6lSylu4qTmLBGQB1zp5oCi;0,794;0,777;1;-3,696;0;0,0813;0,0982;0;0,202;0,706;160,022;173040;4;38,70551;8;1;1
Walking On A Dream;Empire of the Sun;spotify:track:0mBkoM8r7KAQzZij5swTUL;0,87;0,699;5;-5,541;0;0,0459;0,245;6,76E-06;0,0588;0,726;126,967;198440;4;31,29151;9;0;1
Walking On A Dream;Empire of the Sun;spotify:track:6A6qBFJHid4WutQu6HHEZt;0,87;0,699;5;-5,541;0;0,0459;0,245;6,76E-06;0,0588;0,726;126,967;198440;4;31,29151;9;0;1
Walking with a Ghost;Tegan and Sara;spotify:track:7ImkjvM1OKWhJ5HIPOHcHE;0,788;0,541;6;-5,987;0;0,0387;0,125;0,000231;0,0679;0,928;118,058;150293;4;29,23319;6;0;1
Waste of Love;Ashbury Heights;spotify:track:0pG8glVKTVnS7dfxmMmpN7;0,555;0,755;5;-10,775;0;0,0624;2,29E-05;0,0793;0,214;0,61;110,023;324280;4;45,1672;16;0;1
Wasting My Time;Default;spotify:track:5dpAN1mjFPL38kh9kWsCiw;0,449;0,776;2;-5,594;1;0,0322;0,00171;0;0,0698;0,198;148,11;269307;4;19,83051;11;1;1
Watching Airplanes;Gary Allan;spotify:track:63u5QGp9dKXAoYTVKUKBYn;0,374;0,711;11;-3,587;1;0,0354;0,547;4,12E-05;0,147;0,468;160,001;242947;4;33,35896;12;1;1
Water No Get Enemy - Edit;Fela Kuti;spotify:track:43ile6cBzr9uaC4bJf6J3N;0,645;0,924;10;-7,697;0;0,0569;0,107;0,0266;0,0982;0,89;90,852;591707;4;45,99133;20;0;1
We Made It;Busta Rhymes Featuring Linkin Park;spotify:track:26jVcJqG66nj36jRqPBp2U;0,62;0,746;11;-6,006;1;0,0552;0,424;0;0,0684;0,191;138,454;238067;4;23,56907;11;1;1
We Made You;Eminem;spotify:track:4UMTp91LHhvW33ol9ZQH0Q;0,924;0,853;2;-1,203;1;0,0792;0,107;1,45E-06;0,129;0,67;114,003;269613;4;26,34673;13;1;1
We Weren't Crazy;Josh Gracin;spotify:track:1P0QYbg9KhGtv2OvvYgAWq;0,418;0,84;0;-2,622;1;0,041;0,21;1,38E-06;0,162;0,659;164,02;227307;4;20,60583;10;1;1
We Will Glorify - House Of Worship Album Version;Twila Paris;spotify:track:0V3aZTzeoDK6whbZwsKX6w;0,468;0,554;9;-5,58;1;0,0315;0,744;0;0,0996;0,175;135,903;193427;3;44,34413;6;0;1
Weak And Powerless;A Perfect Circle;spotify:track:7gDVjl5fEw2OPAtjbW4LzR;0,483;0,841;1;-7,494;0;0,0523;0,000172;0,861;0,108;0,129;159,747;195133;3;36,73689;9;1;1
Wednesday Night Prayer Meeting - Alternative Take;Charles Mingus;spotify:track:42IqaW4VDhFomQMojirykk;0,377;0,453;5;-14,669;0;0,0636;0,459;0,00268;0,0921;0,607;126,93;341333;3;35,14482;15;0;1
Welcome To My Life;Simple Plan;spotify:track:714Lw0m2SmCEhKSPw0Dn8J;0,421;0,858;1;-4,535;1;0,0963;0,0134;0;0,067;0,491;173,255;206773;4;35,10835;9;1;1
We'rewolf;Every Time I Die;spotify:track:5Bfy6Wfj4G1GBYWlMfQ1by;0,26;0,974;2;-4,5;1;0,144;2,95E-05;0;0,331;0,427;95,123;204720;4;105,47122;7;0;1
What A Beautiful Day;Chris Cagle;spotify:track:2I4wcoJP7bT7PceIag67rn;0,576;0,814;6;-5,818;1;0,0363;0,216;1,35E-06;0,0969;0,766;98,024;224787;4;77,63869;5;1;1
What Am I Gonna Do;Tyrese;spotify:track:7FFQsnjzumC6eyCXRFPQ2f;0,69;0,475;10;-4,702;0;0,052;0,275;0;0,0951;0,536;145,597;280000;4;40,01115;17;1;1
What Goes Around...Comes Around;Justin Timberlake;spotify:track:3pD0f7hSJg2XdQ6udw5Tey;0,687;0,723;7;-4,751;1;0,0709;0,122;0,00102;0,573;0,432;76;448573;4;31,73041;18;1;1
What Hurts The Most;Cascada;spotify:track:3OW3uDpM7mgLe3xU6EYX5q;0,572;0,985;9;-6,43;1;0,111;0,0131;9,66E-06;0,335;0,254;142,039;219707;4;42,42922;8;1;1
What Is It;Baby Bash Featuring Sean Kingston;spotify:track:371GoHoueVN53jY8MoWufq;0,738;0,755;8;-5,728;1;0,0391;0,0272;0;0,273;0,19;93,047;201120;4;32,50222;14;1;1
What Kinda Gone;Chris Cagle;spotify:track:7uPReljrrTaqzDCcx4JHmi;0,494;0,861;5;-5,236;1;0,0365;0,257;0;0,103;0,668;172,052;181613;4;56,41995;7;1;1
What You Got;Colby O'Donis Featuring Akon;spotify:track:3MldzywZOH4Uci6bq9noyJ;0,775;0,641;1;-6,718;1;0,038;0,0327;0;0,18;0,305;119,974;243013;4;33,55043;10;1;1
Whatchulookinat;Whitney Houston;spotify:track:7Kt3rCH3VPNDDJq3iq7v16;0,676;0,878;11;-3,66;0;0,148;0,0587;0;0,509;0,533;105,014;213440;4;40,8453;8;1;1
Whatever You Like;Anya Marina;spotify:track:5qX2ZJoLEyFCTAdaCqUo7s;0,663;0,643;5;-4,383;1;0,0316;0,535;0;0,308;0,368;121,97;228907;4;40,64803;9;1;1
What's Left Of Me;Nick Lachey;spotify:track:1bPqAXwNiVcM6zjJU1Z4Cd;0,421;0,728;7;-5,644;1;0,035;0,136;0;0,136;0,311;150,12;244667;4;29,22179;11;1;1
When I Said I Do;Clint Black;spotify:track:6NBaOUmCVpNAaqBDFiJkCn;0,507;0,411;10;-8,657;1;0,0276;0,308;0;0,106;0,184;102,806;268960;3;17,45857;11;1;1
When I See U;Fantasia;spotify:track:4iuNZTcvT9diFySSzVsnVS;0,569;0,596;8;-6,486;1;0,171;0,457;8,99E-05;0,205;0,757;93,134;217347;4;24,00668;12;1;1
When Love Takes Over;David Guetta Featuring Kelly Rowland;spotify:track:77FULy278MulVvGWS8BfK7;0,674;0,862;11;-4,614;1;0,0253;0,0157;0,000427;0,169;0,5;129,965;191000;4;22,89914;8;1;1
When You Lie Next To Me;Kellie Coffey;spotify:track:6EwbFB8T0uIaaRCNwAIrnS;0,312;0,404;5;-10,014;1;0,0293;0,184;0;0,306;0,115;138,425;239827;4;54,21894;12;1;1
When You Were Young;The Killers;spotify:track:70wYA8oYHoMzhRRkARoMhU;0,467;0,988;11;-3,313;1;0,112;0,000152;0,0484;0,28;0,321;130,435;220427;4;20,0094;7;1;1
When Your Heart Stops Beating;(+44);spotify:track:1VpTwecl7EbQiGyVsvwFQE;0,416;0,967;9;-2,289;0;0,109;0,000367;0;0,0632;0,431;171,032;192787;4;45,72748;8;1;1
When You're Gone;Avril Lavigne;spotify:track:54JKnDB3CzVu8wNAOM27BI;0,458;0,719;4;-3,921;0;0,0323;0,189;0;0,228;0,168;142,032;240493;4;41,56714;8;1;1
Where I Come From;Alan Jackson;spotify:track:6ej1QJ8eIYmhsyTlvgDajy;0,726;0,631;11;-8,136;0;0,0334;0,22;0;0,193;0,746;124,711;239240;4;35,59732;10;1;1
Where I'm From;Jason Michael Carroll;spotify:track:0VeI4Zyirc6yuJ4P7fudjE;0,532;0,815;8;-5,834;1;0,0392;0,0301;0;0,0721;0,546;149,728;276480;4;43,40882;13;1;1
Where The Party At;Jagged Edge With Nelly;spotify:track:5mNV8Mz59bzyuQ53gTw0c0;0,596;0,661;5;-6,239;0;0,226;0,31;0;0,0847;0,86;129,491;232573;5;62,61618;12;1;1
While You Loved Me;Rascal Flatts;spotify:track:2rsjgtDbLeSYttYBPL5L1m;0,504;0,596;5;-4,412;1;0,0279;0,239;0;0,0972;0,168;142,051;209933;4;38,99353;10;1;1
White Walls;Between The Buried And Me;spotify:track:68ok85RlopZM5l6a3Hth8Z;0,262;0,975;1;-6,555;0;0,177;0,000396;0,378;0,297;0,119;135,891;853213;4;42,81075;25;0;1
Who Let The Dogs Out;Baha Men;spotify:track:1H5tvpoApNDxvxDexoaAUo;0,869;0,887;0;-4,505;1;0,0993;0,0605;0;0,148;0,784;129,221;198400;4;29,40143;10;1;1
Who The F*** Is That?;Dolla Featuring T-Pain & Tay Dizm;spotify:track:6HBHc95Ry9rw8L4zrAI1JF;0,839;0,508;11;-6,182;1;0,0879;0,00974;0;0,0962;0,559;82,027;250627;4;25,53615;17;1;1
Whore to a Chainsaw;Thy Art Is Murder;spotify:track:6DR4rQ3pSQq9N8vMa0l8mR;0,295;0,967;1;-6,328;0;0,169;7,73E-05;0,784;0,217;0,254;149,99;200747;1;28,35758;9;0;1
Why;Derdian;spotify:track:1ghLRWT56XTf5T7h9P0bdO;0,463;0,551;1;-4,561;0;0,0317;0,0363;0;0,101;0,229;113,901;355120;4;55,65081;14;0;1
Why Can't I?;Liz Phair;spotify:track:4z4PB23xYTg1oANmyZovsw;0,487;0,759;11;-4,849;1;0,0405;0,0273;0;0,165;0,227;80,958;208360;4;37,25538;10;1;1
Why I Love You;B2K;spotify:track:0fPBKo78nKsbIla2ExeefC;0,698;0,618;0;-5,83;1;0,0282;0,0482;0;0,116;0,37;89,981;240640;4;26,48417;9;1;1
Why They Call It Falling;Lee Ann Womack;spotify:track:5rJRKtJzm7qacwYEjsKav6;0,562;0,292;4;-10,377;1;0,0284;0,46;0;0,0926;0,235;128,701;215293;4;46,63182;8;1;1
Wild West Show;Big & Rich;spotify:track:0Z9YP4ntjcqlMCfgi5Eete;0,551;0,879;0;-1,395;1;0,0378;0,0261;2,43E-06;0,132;0,293;106,135;260813;4;72,49982;7;1;1
Willst du mich für immer - Dance Remix;Michelle;spotify:track:5y6HawmNk07CHySjjNKuqA;0,691;0,839;3;-7,449;1;0,0263;0,0604;0,153;0,264;0,806;130,992;245653;4;53,60612;9;0;1
With Me - Massive Power Mix;Crush 40;spotify:track:2IqacX5Aw5vEMbrL1j5UI4;0,447;0,874;8;-5,82;1;0,0457;6,52E-05;0,00078;0,0573;0,64;87,474;235000;4;33,77383;11;0;1
With You;Chris Brown;spotify:track:5Lgcn7u07bHuqbOtXkN62u;0,662;0,693;3;-4,298;1;0,0698;0,134;0;0,145;0,655;86,009;252120;4;24,77448;13;1;1
Wonderful;Ja Rule Featuring R. Kelly & Ashanti;spotify:track:1kz1riLYdMZKSpfBLk6Dol;0,638;0,853;11;-2,312;0;0,127;0,163;0;0,0428;0,834;92,657;270973;4;29,57919;12;1;1
Word Hold on (Children of the Sky) [Radio Edit];Bob Sinclar;spotify:track:1c0zagykmGPDYuxJeDqZhJ;0,738;0,932;8;-1,898;0;0,0959;0,074;0,000121;0,0623;0,624;126,994;204230;4;45,65503;8;0;1
Work That;Mary J. Blige;spotify:track:3j59mQGu5USFF16v8nPNmw;0,795;0,582;5;-4,472;1;0,068;0,03;2,76E-05;0,0806;0,627;93,107;210587;4;19,35307;10;1;1
Working On A Dream;Bruce Springsteen;spotify:track:08QZBupqwLXOalOpgiTi5e;0,555;0,772;0;-7,292;1;0,025;0,000462;0;0,22;0,711;110,481;208947;4;50,40773;10;1;1
Would You?;Richard Swift;spotify:track:0E9qk7eTgy4JIk3JQgeWWz;0,418;0,549;2;-10,752;1;0,0353;0,172;5,46E-05;0,054;0,361;113,62;176040;3;20,81374;9;0;1
Wrapped Around;Brad Paisley;spotify:track:20dc1jFEG3azMMyvpHj8La;0,616;0,758;9;-8,43;1;0,0434;0,093;0;0,132;0,447;141,495;202933;3;34,62492;6;1;1
X;Xzibit;spotify:track:5stZnlPMYz3Ba8Hbo3ajlP;0,936;0,678;4;-3,012;0;0,21;0,0795;0;0,0838;0,822;96,911;255640;4;83,82233;10;1;1
Y mi banda toca el rock;Laura Pausini;spotify:track:41hSfMnJEpBrvLFxytOngb;0,711;0,822;2;-5,062;1;0,0863;0,0348;0;0,0914;0,692;103,736;225533;4;20,52375;11;0;1
Yee Haw;Jake Owen;spotify:track:32C5of1pAeU7IeEbGiLWAo;0,672;0,934;7;-3,322;1;0,0333;0,0956;0;0,109;0,948;129,123;172507;4;28,48517;8;1;1
Yo (Excuse Me Miss);Chris Brown;spotify:track:7DFnq8FYhHMCylykf6ZCxA;0,536;0,612;4;-5,847;1;0,272;0,119;0;0,209;0,57;86,768;229040;4;41,29358;11;1;1
You Are God - House Of Worship Album Version;Twila Paris;spotify:track:6hIvdA5X0grCFU7Z9sCRG6;0,412;0,446;0;-7,343;0;0,0286;0,274;3,87E-06;0,101;0,167;134,557;240590;3;15,21312;12;0;1
You Belong With Me;Taylor Swift;spotify:track:3GCL1PydwsLodcpv0Ll1ch;0,687;0,783;6;-4,44;1;0,0386;0,162;1,35E-05;0,114;0,443;129,964;231133;4;37,64689;10;1;1
You Can't Take The Honky Tonk Out Of The Girl;Brooks & Dunn;spotify:track:56LfnhlS3xvjtCpXWOxleW;0,574;0,949;5;-2,799;1;0,0383;0,00881;3,82E-05;0,277;0,755;114,271;208933;4;19,52347;12;1;1
You Complete Me;Keyshia Cole;spotify:track:5T0LcVM6SwLX95hLedcseh;0,681;0,666;2;-4,984;0;0,0491;0,578;0;0,26;0,732;111,401;230920;4;30,1899;12;1;1
You Don't Know My Name;Alicia Keys;spotify:track:6LGwYMXXgURfaequXipzHx;0,263;0,663;9;-8,264;1;0,19;0,589;0,00451;0,342;0,25;167,271;366733;4;53,59621;15;1;1
You Gets No Love;Faith Evans;spotify:track:61kG6g3btiapbSVEj3D0Hb;0,749;0,677;5;-3,502;0;0,125;0,211;0;0,196;0,917;96,872;241400;4;43,1736;10;1;1
You Know What It Is;T.I. Featuring Wyclef Jean;spotify:track:5Tc1KlDWyRnLLXL1y6ufsM;0,657;0,853;1;-4,757;0;0,252;0,17;0;0,0956;0,746;173,066;287133;4;24,82765;14;1;1
You Make Me Sick;P!nk;spotify:track:1icygp76kVbs429RikF0jJ;0,77;0,686;11;-6,596;0;0,168;0,00223;2,03E-06;0,347;0,657;100,53;247533;4;41,12756;11;1;1
You Rock My World;Java Gospel;spotify:track:00nQhTtc8FxgmB0NWypSE0;0,662;0,854;1;-5,518;1;0,0434;0,133;0;0,333;0,915;121,961;245947;4;40,45327;11;0;1
You'll Be There;George Strait;spotify:track:6ljgpSnKrzvpigdjt0rCkF;0,583;0,481;4;-8,822;1;0,0276;0,264;0;0,119;0,172;98,909;257493;4;79,12211;11;1;1
You'll Think Of Me;Keith Urban;spotify:track:68Iw932AjRCDEPLIzpmOtF;0,581;0,49;2;-10,657;1;0,0355;0,366;7,51E-06;0,101;0,454;82,881;293600;4;42,94932;10;1;1
Your Body;Pretty Ricky;spotify:track:5y4TDQdYzlT4eoQIPOgNDz;0,838;0,594;4;-5,695;0;0,113;0,176;0;0,0867;0,507;90,038;240040;4;32,77037;10;1;1
Your Man;Josh Turner;spotify:track:1WzAeadSKJhqykZFbJNmQv;0,744;0,637;6;-4,483;1;0,0241;0,337;0,000222;0,0696;0,785;100,511;211893;4;20,28123;12;1;1
You're Beautiful;James Blunt;spotify:track:7j6C8ITuzhA7GHmj2z9mSd;0,66;0,183;3;-15,238;1;0,068;0,994;0,928;0,119;0,218;78,936;177066;4;28,33464;10;1;1
You're Gonna Go Far. Kid;The Offspring;spotify:track:6TfBA04WJ3X1d1wXhaCFVT;0,55;0,917;0;-3,159;1;0,0638;0,00428;0;0,197;0,601;126,115;177827;4;35,7375;9;1;1
You're My Better Half;Keith Urban;spotify:track:06ySRvEnrUxZZ9ml3VO2TY;0,655;0,747;4;-4,41;1;0,0333;0,0369;1,29E-06;0,0449;0,613;118,054;239400;4;23,15763;12;1;1
Zombie Jamboree (Back To Back);Harry Belafonte;spotify:track:1WC367oL0q70xpMlGuy90b;0,718;0,708;7;-8,523;1;0,15;0,54;0;0,27;0,95;87,24;199200;4;27,06017;9;0;1
คนไร้ค่า;Stone Metal Fire;spotify:track:0K1U7QPsuA6tU0gJTvHZpC;0,473;0,464;10;-8,112;0;0,0287;0,00267;0,000663;0,107;0,25;128,955;272400;3;47,53233;12;0;1
dataset_of_track;dataset_of_artist;dataset_of_uri;dataset_of_danceability;dataset_of_energy;dataset_of_key;dataset_of_loudness;dataset_of_mode;dataset_of_speechiness;dataset_of_acousticness;dataset_of_instrumentalness;dataset_of_liveness;dataset_of_valence;dataset_of_tempo;dataset_of_duration_ms;dataset_of_time_signature;dataset_of_chorus_hit;dataset_of_sections;dataset_of_target;dataset_of_id_ano
"Game Of Thrones - From The ""Game Of Thrones"" Soundtrack";Ramin Djawadi;spotify:track:2kgJYQKyQ1CK5GWcCUGwwh;0,551;0,558;8;-18,029;1;0,0431;0,483;0,675;0,102;0,168;146,039;78293;3;30,4268;5;0;2
"Glass: Truman Sleeps (From ""The Truman Show"")";Philip Glass;spotify:track:2fwzsUkquSIHQbBjrayijJ;0,416;0,0937;5;-18,928;0;0,0336;0,951;0,948;0,106;0,0967;134,468;99533;4;69,7431;3;0;2
"Holes In The Sky - From The ""Insurgent"" Soundtrack";M83;spotify:track:0m6pHsgfp0w35w1mEOVepJ;0,123;0,494;0;-9,123;1;0,0339;0,146;0,0164;0,109;0,0742;68,703;261307;4;15,4475;10;0;2
"Milegi Milegi (From ""Stree"")";Mika Singh;spotify:track:52uiJsA4FrtAZlgqxCJwJI;0,843;0,892;2;-4,371;1;0,0527;0,0512;1,13E-06;0,101;0,655;125,991;153745;4;30,41224;9;0;2
"Symphony No. 7. ""Angel of Light"": III. Come un sogno";Einojuhani Rautavaara;spotify:track:5D1C13JHD5kCD94O8WnXK1;0,101;0,0292;1;-31,949;1;0,0426;0,308;0,87;0,112;0,0288;62,929;615693;4;43,59125;29;0;2
"Theme From ""Bus Stop""";Jackie Gleason;spotify:track:5Jd78KUwqhZcY5msCpsDLw;0,245;0,0935;5;-19,343;1;0,0373;0,748;0,254;0,0963;0,107;124,385;222787;4;20,536;12;0;2
"Till The End - From ""Me Before You""";Jessie Ware;spotify:track:4wuKfMYt9XIDiGCIfloBRR;0,662;0,395;4;-10,694;1;0,0593;0,766;0,00594;0,125;0,534;73,012;180560;4;42,15589;8;0;2
"Tujhe Kitna Chahne Lage (From ""Kabir Singh"")";Arijit Singh;spotify:track:2Fv2injs4qAm8mJBGaxVKU;0,427;0,396;11;-7,556;1;0,0366;0,736;0;0,11;0,306;70,368;284780;4;77,04029;12;0;2
$ave Dat Money;Lil Dicky Featuring Fetty Wap & Rich Homie Quan;spotify:track:6AoYWCzsDls6c61Zp5qTuU;0,858;0,697;2;-5,361;1;0,23;0,114;0;0,224;0,364;98,012;290836;4;38,04379;13;1;2
(If You're Wondering If I Want You To) I Want You To;Weezer;spotify:track:09aDV0TC2RfWFU5IwZfIdG;0,695;0,873;11;-5,722;0;0,0392;0,00163;0,000198;0,154;0,799;110,021;208773;4;49,23985;8;1;2
(Kissed You) Good Night;Gloriana;spotify:track:0Rj68IX1WqAtceUZQGk7aa;0,523;0,747;11;-6,125;1;0,0292;0,0807;0;0,11;0,294;118,97;232903;4;26,35749;10;1;2
***Flawless;Beyonce Featuring Nicki Minaj Or Chimamanda Ngozi Adichie;spotify:track:0zVMzJ37VQNFUNvdxxat2E;0,639;0,659;8;-7,273;1;0,215;0,241;8,33E-06;0,484;0,457;136,801;234413;4;49,88638;9;1;2
¿Por Qué Cambiaste De Opinión?;Calibre 50;spotify:track:1j8gLQNfFOI0vs8qcVTWwa;0,735;0,49;5;-4,937;1;0,0299;0,446;3,52E-06;0,129;0,89;135,159;241907;4;44,16903;12;0;2
10.000 Falls;Logical Terror;spotify:track:774fmDmDlvsKYdcdBnjp1Z;0,429;0,924;11;-6,456;0;0,135;0,00136;9,78E-06;0,345;0,209;180,033;241583;4;62,60494;12;0;2
1400 / 999 Freestyle;Trippie Redd Featuring Juice WRLD;spotify:track:75lcPkAkUsKWHGBlGM476R;0,825;0,572;6;-6,067;0;0,0864;0,0079;0;0,113;0,568;141,991;175954;4;78,18346;5;1;2
2 Reasons;Trey Songz Featuring T.I.;spotify:track:6lgzJuBX3iqevLdtgNlyAU;0,734;0,746;11;-5,088;1;0,0762;0,00135;0;0,178;0,539;94,033;197627;4;66,50658;7;1;2
2.10;Atilla;spotify:track:0VD33LUojoC13qRoehCnjx;0,717;0,402;7;-8,821;0;0,0681;0,583;1,82E-05;0,118;0,136;146,055;201430;4;26,45104;8;0;2
3D Dream - World Mix;Jerry Paper;spotify:track:66HSEaHk2uANQxaEqXasvu;0,776;0,504;11;-12,052;0;0,0473;0,191;0,108;0,724;0,888;92,291;219293;4;18,33128;10;0;2
4422;Drake Featuring Sampha;spotify:track:2fkeWbM6iqTw7oGHTYm2lw;0,61;0,229;11;-12,36;0;0,0333;0,558;0,0413;0,113;0,19;111,887;186293;4;39,68914;8;1;2
6 Chansons: No. 5. Aujourd'hui le ciel est noir… (Today the sky is black);Iannis Xenakis;spotify:track:4NUQF1JcqYg8Swx4WL6f2D;0,582;0,0103;1;-28,292;1;0,1;0,993;0,936;0,102;0,363;100,704;140640;4;40,28695;7;0;2
679;Fetty Wap Featuring Remy Boyz;spotify:track:5NQbUaeTEOGdD6hHcre0dZ;0,618;0,717;7;-5,738;1;0,318;0,00256;0;0,625;0,603;190,05;196693;4;23,56527;14;1;2
A Blacksmith for the Souls of Metal;Furze;spotify:track:2EpxPjPvn3z5dSe4K8PJlg;0,223;0,986;4;-4,399;1;0,0936;2,15E-05;0,793;0,0433;0,351;166,582;262306;4;26,58879;12;0;2
A Blacksmith for the Souls of Metal;Furze;spotify:track:44TYRFekR2GNrH9QVRhPau;0,202;0,978;4;-5,843;1;0,0745;2,46E-05;0,85;0,0469;0,393;166,658;262394;4;26,24867;12;0;2
A Guy With A Girl;Blake Shelton;spotify:track:5sjIhQzNljMVrDklI91ezp;0,552;0,893;0;-4,593;1;0,0383;0,0158;0;0,105;0,777;163,948;189467;4;35,70753;10;1;2
A Holly Jolly Christmas;Burl Ives;spotify:track:65Q2mv3UlVi9eO70OpsmSe;0,683;0,375;0;-13,056;1;0,0303;0,579;0;0,076;0,888;140,467;135533;4;56,0167;7;1;2
A Lie;French Montana Featuring The Weeknd & Max B;spotify:track:1vVNlXi8gf8tZ7OhnEs4VE;0,516;0,792;1;-5,38;0;0,216;0,0235;0;0,404;0,524;121,189;226790;5;32,2437;10;1;2
A Little More Summertime;Jason Aldean;spotify:track:3esPcn43N0CytAtcY9V30C;0,482;0,823;9;-4,446;1;0,0661;0,0386;3,69E-05;0,0948;0,451;167,665;219547;4;34,92614;10;1;2
A Lot;21 Savage;spotify:track:2t8yVaLvJ0RenpXUIAC52d;0,837;0,636;1;-7,643;1;0,086;0,0395;0,00125;0,342;0,274;145,972;288624;4;52,67801;10;1;2
A New Color;Astronoid;spotify:track:75fyLhgEilq8T2MMdkm18E;0,316;0,977;3;-6,833;1;0,107;1,40E-05;0,905;0,173;0,116;160,032;321373;4;36,37115;11;0;2
A Sky Full Of Stars;Coldplay;spotify:track:0FDzzruyVECATHXKHFs9eJ;0,551;0,636;6;-7,125;1;0,0281;0,00713;0,00203;0,217;0,153;124,996;268467;4;32,18263;13;1;2
A Wolf Amongst Ravens;After The Burial;spotify:track:7pwkMTD1dDqHZyCuUko2Aw;0,483;0,975;1;-6,839;1;0,0526;0,000225;0,166;0,128;0,301;136,019;308222;3;29,34733;11;0;2
A Woman Like You;Lee Brice;spotify:track:3oyMHCAAcnWFdcGuVgwfhd;0,592;0,584;7;-7,422;1;0,0305;0,245;0;0,0862;0,371;160,048;209787;4;34,71271;10;1;2
According To You;Orianthi;spotify:track:72phhQtfwZcRweweRxxkmU;0,619;0,917;5;-2,582;1;0,0507;0,0233;1,21E-05;0,0986;0,552;131,002;200347;4;33,97347;7;1;2
Adeus - Live for the ladies;Monte La Rue;spotify:track:1KY1GRp3hG8ZZwC4oksowW;0,517;0,674;1;-8,812;1;0,101;0,291;0,0529;0,109;0,384;99,048;261085;4;38,41511;10;0;2
Adore;Cashmere Cat;spotify:track:34HwOOG2tTiz6tAN9h83YT;0,334;0,622;5;-5,611;0;0,0632;0,0826;1,34E-05;0,106;0,209;139,546;216000;4;55,50734;10;0;2
After the Storm;Darrell Mansfield;spotify:track:2otEdBVdiPhMeYK0qX33RI;0,48;0,894;2;-4,585;1;0,0272;3,65E-05;0,000211;0,335;0,369;94,086;284733;4;42,31998;13;0;2
Ain't Back Yet;Kenny Chesney;spotify:track:5jjoS9t9LgIsSGbVrtoKR7;0,602;0,944;10;-4,238;1;0,0427;0,0308;0,00256;0,436;0,797;106,958;239813;4;18,21328;10;1;2
Ain't Worried About Nothin;French Montana;spotify:track:0UAmPUdpTRq8w54B3H8TzY;0,688;0,904;1;-2,234;1;0,106;0,0229;0;0,0909;0,71;127,887;212427;4;32,45099;11;1;2
Ala;Joep Beving;spotify:track:0vzSIBAqnN1HzvWrPbh6VF;0,383;0,125;10;-22,4;1;0,0315;0,987;0,929;0,112;0,369;80,185;120741;1;39,06256;8;0;2
Alice;Avril Lavigne;spotify:track:4gLVsEaNMpzkCAM0hXgDoi;0,536;0,824;0;-4,403;1;0,0767;0,0458;0,000199;0,174;0,172;119,004;300987;4;27,44375;11;1;2
All Eyes On You;Meek Mill Featuring Chris Brown & Nicki Minaj;spotify:track:0hy1SOTEn9ifXTzOwnCwEr;0,589;0,658;11;-5,288;0;0,203;0,0242;0;0,118;0,251;77,521;223973;4;29,45828;12;1;2
All Eyez;The Game Featuring Jeremih;spotify:track:3JEzGRDUsozrehZTq3dKE8;0,419;0,655;0;-6,679;1;0,247;0,0571;0;0,0962;0,353;76,835;215297;3;20,474;10;1;2
All Gold Everything;Trinidad James;spotify:track:0pgeVJrdNok4KhbiM58ayZ;0,516;0,755;0;-8,868;0;0,351;0,0258;0;0,329;0,633;99,742;187907;4;34,34435;10;1;2
All I Know;The Weeknd Featuring Future;spotify:track:0NWqNXBJTpXbkI5rPWNy3p;0,469;0,417;8;-10,614;0;0,0704;0,418;0,000189;0,102;0,175;120,012;321027;4;33,21344;13;1;2
All Of Me;John Legend;spotify:track:3U4isOIWM3VvDubwSI3y7a;0,422;0,264;8;-7,064;1;0,0322;0,922;0;0,132;0,331;119,93;269560;4;28,48472;13;1;2
All The Good Girls Go To Hell;Billie Eilish;spotify:track:6IRdLKIyS4p7XNiP8r6rsx;0,726;0,444;8;-8,922;0;0,372;0,283;0,143;0,177;0,569;185,044;168840;4;44,60616;6;1;2
All The Right Moves;OneRepublic;spotify:track:5XRHGXut00SrJUFmcn2lQF;0,529;0,948;0;-3,527;1;0,0474;0,258;9,35E-06;0,283;0,65;146,024;238000;4;25,16272;11;1;2
All To Myself;Dan + Shay;spotify:track:08tq1XcHwVt5PHXUo87i0D;0,646;0,781;1;-4,616;1;0,0313;0,208;0;0,125;0,565;94,975;169920;4;30,49802;7;1;2
All We Know;The Chainsmokers Featuring Phoebe Ryan;spotify:track:2rizacJSyD9S1IQUxUxnsK;0,662;0,586;0;-8,821;1;0,0307;0,097;0,00272;0,115;0,296;90;194080;4;97,65676;6;1;2
Alone;Marshmello;spotify:track:3MEYFivt6bilQ9q9mFWZ4g;0,631;0,953;2;-3,739;1;0,0343;0,0241;0,0155;0,108;0,422;141,99;273803;4;41,01193;16;1;2
Alone Together;Fall Out Boy;spotify:track:5MsZIaCYY6Tsdph0LiB0hE;0,552;0,915;4;-3,713;1;0,0559;0,0013;3,74E-05;0,206;0,606;90,013;203413;4;23,33299;8;1;2
Always Remember Us This Way;Lady Gaga;spotify:track:2rbDhOo9Fh61Bbu23T2qCk;0,553;0,502;0;-5,972;1;0,0409;0,299;0;0,764;0,296;129,976;210200;4;35,49563;8;1;2
Amen & Attack - Live;Powerwolf;spotify:track:5jvN5DBtc1tkQdKEMqbFQX;0,398;0,937;6;-4,507;1;0,155;0,000541;6,20E-06;0,386;0,207;98,004;291387;4;20,50179;9;0;2
America;Razorlight;spotify:track:0vVxIQdqs8uVqoWqNpkzwa;0,314;0,565;2;-5,022;1;0,0317;0,295;6,85E-06;0,345;0,184;89,879;250600;4;120,94366;5;0;2
American Country Love Song;Jake Owen;spotify:track:0O1x2tRm8ZpfDbcpOWZp7z;0,529;0,891;8;-4,36;1;0,043;0,0457;0;0,0942;0,329;104,031;199747;4;33,69356;9;1;2
American Girl;Bonnie McKee;spotify:track:0vvG0VEN6l2fbIEUtq3mQD;0,66;0,816;0;-4,332;0;0,0344;0,00976;1,87E-05;0,59;0,66;127,97;224107;4;23,531;12;1;2
American Kids;Kenny Chesney;spotify:track:1dgWTMoHwTUnQhOQ8SR5fV;0,733;0,589;7;-7,37;1;0,1;0,0476;5,85E-06;0,0366;0,867;170,097;182960;4;78,9244;5;1;2
American Saturday Night;Brad Paisley;spotify:track:7xJqaCgeteqWPogqjjxkBl;0,487;0,938;4;-5,466;1;0,0533;0,0721;2,63E-05;0,522;0,733;157,795;274200;4;26,73053;12;1;2
Amor para Sonhar;Barrio Jazz Gang;spotify:track:3JZg1vj1XlweTsbALwJH2s;0,722;0,868;4;-7,886;0;0,0472;0,466;0,0109;0,145;0,943;97,986;255739;4;50,30004;12;0;2
Amy. Fred. Meg & John;Alexandre Desplat;spotify:track:186wyDqAoderealVY95g28;0,23;0,0973;5;-22,267;1;0,0357;0,96;0,393;0,0836;0,0389;101,297;228627;4;43,50177;9;0;2
Anarchy Road;Carpenter Brut;spotify:track:76Y7zlowwANR9HfRIOiDoc;0,55;0,843;6;-3,038;0;0,0375;0,00384;0,294;0,319;0,204;107,005;213084;4;36,46358;7;0;2
Angel Eyes;Love And Theft;spotify:track:63w0QA1wiV7QhF9jeiHETF;0,656;0,696;8;-5,917;1;0,0261;0,0134;0;0,0753;0,966;108,015;186627;4;51,35629;9;1;2
Angst;Arcturus;spotify:track:4cWygEpp9PbMiJPf2d5TcP;0,136;0,929;2;-5,27;1;0,0703;3,50E-06;0,769;0,193;0,134;199,627;266748;4;67,46274;13;0;2
Animal;Glee Cast;spotify:track:6TyirQafPuawKfoKtJh5rE;0,571;0,646;5;-6,244;1;0,0412;0,105;0;0,0615;0,761;147,921;191373;4;16,48931;10;1;2
Anthology (Daft Punk Tribute) (EFL092);OVERWERK;spotify:track:5rQNvwBagYhlgkHBvtgDAP;0,784;0,799;5;-6,7;0;0,065;0,00305;0,00138;0,419;0,613;128,871;193440;4;28,44461;12;0;2
Apes**t;The Carters;spotify:track:0B08s1tLWCXoFmGP0vIubM;0,698;0,783;2;-6,503;1;0,266;0,016;0;0,176;0,378;160,034;264853;4;37,31643;14;1;2
Apex Blasphemy;Cattle Decapitation;spotify:track:2imFiHBghDomXuUEfVuNqw;0,206;0,965;10;-3,896;1;0,169;2,35E-06;0,796;0,206;0,143;146,794;225947;4;158,30675;4;0;2
Army of the Night;Powerwolf;spotify:track:5f1x0u2s0qrAk6IlqRKdHc;0,422;0,969;1;-3,56;0;0,0556;0,00054;0;0,281;0,577;171,99;201387;4;23,18011;9;0;2
Art House Director;Broken Social Scene;spotify:track:5feuZknKlJYGMPvWvKrpwt;0,464;0,766;7;-5,298;1;0,041;0,000122;0,0275;0,544;0,335;130,458;212173;5;105,47915;6;0;2
as if your eyes were partly closed as if you honed the swirl within them and offered me the world;Brian Eno;spotify:track:7dgtHRbZdtITazhdi2QiJy;0,204;0,000992;7;-34,339;1;0,0478;0,995;0,954;0,118;0,145;139,901;97787;4;29,4343;5;0;2
As She's Walking Away;Zac Brown Band Featuring Alan Jackson;spotify:track:5qYiVdWxd84wRWGIQ9Hts6;0,553;0,619;3;-7,101;1;0,0308;0,474;0;0,123;0,374;183,91;223827;4;18,46741;14;1;2
Atlas: Two;Sleeping At Last;spotify:track:6qWfB1QABjGnaO6mrn9iBF;0,384;0,325;4;-9,485;1;0,0398;0,902;6,74E-06;0,361;0,274;132,801;260429;4;23,01897;9;0;2
Attitude;Sepultura;spotify:track:5hBKrgKMI929c0kHoNomu3;0,475;0,942;1;-4,287;0;0,139;0,00141;0,0797;0,0939;0,178;80,356;255400;4;54,87165;12;0;2
Autre temps;Alcest;spotify:track:38cEFxU4h05Aa0BgzWrNyy;0,24;0,548;1;-8,378;0;0,0324;0,00609;0,875;0,0941;0,127;127,342;350320;4;59,09059;14;0;2
Awake;Tycho;spotify:track:2qC1sUo8xxRRqYsaYEdDuZ;0,552;0,878;1;-5,767;1;0,0353;0,0585;0,892;0,0746;0,598;176,057;283636;4;22,49876;13;0;2
B**** I'm Madonna;Madonna Featuring Nicki Minaj;spotify:track:3Ik6ZVvOgr2Pu5cnI8Gsu0;0,733;0,612;3;-5,777;0;0,109;0,0478;0,000784;0,161;0,553;149,999;228853;4;39,10846;11;1;2
Babel;Mumford & Sons;spotify:track:7nhItJUpHMXJURhZNyXHJs;0,373;0,813;2;-6,13;1;0,0543;0,0253;0,000227;0,0826;0,647;80,465;208933;4;60,71942;7;1;2
Baby;Lil Baby & DaBaby;spotify:track:2gwkD6igEhQbDQegRCcdoB;0,876;0,662;2;-6,482;0;0,426;0,0608;0;0,127;0,844;75,445;163320;4;22,72264;9;1;2
Baby I;Ariana Grande;spotify:track:6EIsMa5lbvljYxqCkjZVDi;0,725;0,796;1;-3,684;1;0,0326;0,0154;0;0,354;0,517;101,976;197600;4;28,69018;11;1;2
Baby Shark;Pinkfong;spotify:track:5ygDXis42ncn6kYG14lEVG;0,825;0,84;7;-3,651;1;0,227;0,245;0;0,341;0,52;115,062;96333;4;80,72202;3;1;2
Baby Swing - Radio Edit;Phos Toni;spotify:track:3kpbLXeL4vSyLB4wYUKP45;0,834;0,731;11;-4,439;0;0,266;0,115;0,000268;0,368;0,828;121,93;190143;4;33,27024;6;0;2
Back & Forth;Wild Child;spotify:track:2vcwh4UGbHy3gkhCEvBDMn;0,749;0,699;5;-7,193;0;0,0469;0,0694;0;0,124;0,641;123,965;211360;4;37,32327;8;0;2
Back in Time;Swing Republic;spotify:track:7pstX01u6qbKF0tWsTa2Lz;0,87;0,792;6;-5,327;0;0,047;0,0166;0,123;0,178;0,645;117,983;198667;4;35,67493;11;0;2
Bad And Boujee;Migos Featuring Lil Uzi Vert;spotify:track:4Km5HrUvYTaSUfiSGPJeQR;0,927;0,665;11;-5,313;1;0,244;0,061;0;0,123;0,175;127,076;343150;4;47,37726;18;1;2
Bad Habits;Maxwell;spotify:track:0f62w1teOSaYgKObtzygaR;0,661;0,67;11;-7,645;0;0,258;0,0873;2,01E-06;0,0794;0,661;148,02;352280;4;67,8362;14;1;2
Bad Liar;Imagine Dragons;spotify:track:2RSHsoi04658QL5xgQVov3;0,383;0,637;3;-6,993;1;0,0703;0,0722;0;0,368;0,0827;177,913;260773;4;38,86492;10;1;2
Bad Liar;Selena Gomez;spotify:track:2fZQIJew3nkNe99s2PKzul;0,965;0,414;1;-6,408;1;0,0713;0,189;0;0,0767;0,728;121,032;214648;4;40,67693;13;1;2
Bad Things;Machine Gun Kelly x Camila Cabello;spotify:track:1PSBzsahR2AKwLJgx8ehBj;0,697;0,691;2;-4,757;1;0,146;0,214;0;0,185;0,305;137,853;239293;4;43,70931;10;1;2
Bad Vibes Forever;XXXTENTACION Featuring PnB Rock & Trippie Redd;spotify:track:69dXVFCMiz3SL1L7M24NdX;0,799;0,526;8;-5,153;1;0,0717;0,334;0,00174;0,0571;0,746;129,875;150475;4;30,24642;7;1;2
Badges;Yohuna;spotify:track:4gW4lIdFDob87TaoyREAHu;0,481;0,199;7;-14,253;1;0,0326;0,949;0,618;0,12;0,147;127,996;229500;4;47,06457;8;0;2
Ballad Of The Sad Young Men;Charles Lloyd;spotify:track:2seZ8ZHnD5RQBkhT8RsBZu;0,474;0,112;0;-17,762;1;0,0297;0,974;0,873;0,112;0,116;106,514;377320;4;18,35119;16;0;2
Bandz A Make Her Dance;Juicy J Featuring Lil Wayne & 2 Chainz;spotify:track:7EZPH9Px3gXlxD5KJDwtwc;0,871;0,743;2;-5,442;1;0,277;0,00212;0;0,141;0,576;130,977;278827;4;46,23262;16;1;2
Barrow-downs;Summoning;spotify:track:0jExrisy6Ky7FByFUiPLmX;0,465;0,868;1;-9,973;0;0,0338;0,0459;0,973;0,144;0,252;80,027;167627;3;55,517;9;0;2
Batalla Final;Dangerous;spotify:track:2sIY93yqF0Rin3CdCJxbOu;0,156;0,991;7;-4,497;1;0,209;1,61E-05;0,00136;0,232;0,175;180,684;208661;4;27,43521;13;0;2
Battle for Pride Rock;Hans Zimmer;spotify:track:2WGNFmRcApRC8znCuGtfXJ;0,177;0,473;0;-12,152;1;0,0489;0,233;0,895;0,167;0,0514;100,873;661067;4;19,70407;22;0;2
Beautiful People;Chris Brown Featuring Benny Benassi;spotify:track:0iSaO7CfL9NgXdM8Meu2ul;0,417;0,806;5;-5,339;0;0,16;0,0703;0,00637;0,0841;0,545;127,887;226773;4;14,73978;10;1;2
Beauty And A Beat;Justin Bieber Featuring Nicki Minaj;spotify:track:0ky2rzzC9DqXgEqLuq7dWJ;0,59;0,82;0;-5,319;1;0,0662;0,00108;8,78E-06;0,131;0,585;127,999;226613;4;45,70107;13;1;2
Because I’m Me;The Avalanches;spotify:track:3f3HHRPF5vAo90GwdpDMaQ;0,472;0,805;8;-5,793;1;0,086;0,0491;0,0162;0,337;0,512;94,922;252800;4;44,3173;13;0;2
Before the Throne of God Above;The Worship Initiative;spotify:track:3ELvknrrLz8QL36CeIb6Je;0,403;0,361;3;-9,558;1;0,0313;0,0298;0;0,0968;0,0992;135,968;342625;3;41,74067;22;0;2
Before You Wake Up;Adekunle Gold;spotify:track:2PKRz9DR6lUX6zAJgW5aRV;0,629;0,821;8;-3,4;0;0,17;0,499;0;0,411;0,715;63,59;174500;5;22,2043;6;0;2
Behind The Scenes;Bugseed;spotify:track:1qsR7mI2NFDaYSZG5ni4Gl;0,379;0,475;5;-6,426;1;0,111;0,13;0,852;0,277;0,169;174,373;132375;4;25,03954;7;0;2
Believe It;Hella;spotify:track:0oYkyxZq0oGinBNNF2z1TX;0,704;0,546;9;-9,156;1;0,0412;0,0276;1,12E-05;0,16;0,176;144,058;237363;4;33,35644;13;0;2
Believe Me;Lil Wayne Featuring Drake;spotify:track:6t2eIONH4Sax3R21QWiKNp;0,844;0,491;10;-8,807;0;0,17;0,272;0;0,111;0,196;91,935;337640;4;25,88553;15;1;2
Best Friend;Young Thug;spotify:track:33JcUj9qQDayKswunZP9ar;0,959;0,598;8;-5,534;1;0,0713;0,0358;0;0,358;0,408;127,029;213000;4;46,84761;8;1;2
Better Now;Post Malone;spotify:track:7dt6x5M1jzdTEt8oCbisTK;0,68;0,578;10;-5,804;1;0,04;0,331;0;0,135;0,341;145,038;231267;4;26,95282;12;1;2
Better Run;Dub Inc.;spotify:track:4sDidFl2yb1cBtOBzxaVM6;0,749;0,631;7;-6,037;1;0,05;0,141;0;0,111;0,529;87,979;235773;4;48,10385;11;0;2
Better Together;Luke Combs;spotify:track:1tSGw3h54aHModEHHL1HGK;0,552;0,225;0;-11,501;1;0,0477;0,826;0;0,111;0,67;138,002;219573;4;18,8542;8;1;2
Billionaire;Teni;spotify:track:3IOH028AYanK51Xx1xrSOV;0,807;0,715;8;-5,316;1;0,0998;0,301;0;0,0936;0,829;118,965;213812;4;50,46719;11;0;2
Binaural Beta Sinus Drone IIII;The Entrainment;spotify:track:57QUuHrWZz08HialRptMC4;0,169;0,00703;3;-33,925;1;0,0594;0,979;0,322;0,118;0,0269;136,396;214908;5;99,70231;6;0;2
Black Beatles;Rae Sremmurd Featuring Gucci Mane;spotify:track:6fujklziTHa8uoM5OQSfIo;0,794;0,632;0;-6,163;1;0,0649;0,142;0;0,128;0,355;145,926;291893;4;27,31067;11;1;2
Black Hole Metal;Black Crucifixion;spotify:track:6u0NhMJ5xWn4b6pWYadO2q;0,349;0,959;10;-3,854;1;0,057;2,40E-05;0,75;0,358;0,257;94,977;184547;4;65,36389;8;0;2
Black Horses Stampede;Textures;spotify:track:5KsywoGp7aAI99WtqSpsUu;0,421;0,927;8;-4,141;1;0,0604;0,000987;1,02E-05;0,11;0,362;125,944;236533;4;51,42567;10;0;2
Black Metal / Insane;Venom;spotify:track:1pTZZApVeqLpAoRhYtMx1M;0,349;0,966;1;-7,308;0;0,0856;0,000163;0,000139;0,0695;0,117;99,686;220027;4;43,84717;6;0;2
Blame;Calvin Harris Featuring John Newman;spotify:track:07nH4ifBxUB4lZcsf44Brn;0,413;0,856;0;-4,078;0;0,0808;0,0289;0,00571;0,343;0,35;128,017;212960;4;57,69606;10;1;2
Blem;Drake;spotify:track:2XlHu0HcujBCkWMdIAvrqt;0,726;0,535;7;-7,804;0;0,0476;0,0533;1,38E-05;0,0984;0,375;98,067;216558;4;39,88077;6;1;2
Blessed Be the Darkness;Behexen;spotify:track:3PlKqs2Oj7UWsu4MO0gu5X;0,122;0,869;9;-4,648;0;0,0864;1,69E-05;0,675;0,462;0,0626;147,406;260520;4;41,1835;11;0;2
Blood on Your Name;Emerald Sun;spotify:track:4WpUylY7ouC8xsa8dKxL0C;0,413;0,931;7;-1,889;0;0,0766;0,000691;1,36E-05;0,141;0,4;162,866;301575;4;52,2594;11;0;2
Blown Away;Carrie Underwood;spotify:track:0vFMQi8ZnOM2y8cuReZTZ2;0,531;0,843;9;-2,569;0;0,0429;0,0909;0;0,0283;0,392;136,991;240133;4;34,45472;11;1;2
Blue Ain't Your Color;Keith Urban;spotify:track:6wycnu8FWXsj68ig7BEot9;0,69;0,416;7;-7,865;1;0,0335;0,617;1,37E-06;0,102;0,479;82,45;230600;3;38,50621;12;1;2
Blue Guitar;Earl Hooker;spotify:track:5nrFJNFoatpDYUQoSbf6jr;0,272;0,459;4;-9,374;1;0,0357;0,979;0,826;0,134;0,467;80,232;164485;4;22,78569;7;0;2
Blue Monk;Thelonious Monk;spotify:track:2ul1uIgptw43J3BkpA2g69;0,433;0,367;3;-15,473;1;0,0394;0,767;0,588;0,126;0,616;147,006;459866;4;56,12802;19;0;2
Blues Don't Care;Buddy Guy;spotify:track:5fs3sNq3KK9jpbTNCf324m;0,371;0,941;4;-2,711;1;0,0779;0,0882;0,0373;0,0658;0,767;121,006;207000;4;21,49356;11;0;2
Blurred Lines;Robin Thicke Featuring T.I. + Pharrell;spotify:track:0n4bITAu0Y0nigrz3MFJMb;0,853;0,599;7;-4,756;1;0,0411;0,00334;7,93E-06;0,0759;0,843;119,993;263827;4;26,35024;19;1;2
Body;Dreezy Featuring Jeremih;spotify:track:20s34XSPIiYMGSFDRSs24t;0,735;0,567;0;-5,962;1;0,0635;0,552;0;0,0659;0,574;149,968;232707;4;47,87237;11;1;2
Body Language;Jesse McCartney Featuring T-Pain;spotify:track:7lT9KJpfzMTNi9702WuNI8;0,643;0,748;0;-4,467;1;0,0364;0,0309;0;0,154;0,538;161,435;219213;4;18,00857;10;1;2
Boggie Bounce;Shonlock;spotify:track:6kG9aHIyH9CKIHE6iDGca8;0,861;0,592;10;-5,603;0;0,0965;0,127;0;0,205;0,391;105,993;223003;4;24,15901;11;0;2
Boiled Peanuts;Astronautalis;spotify:track:1OlGb16N3aM3agFsyTRJe8;0,704;0,681;6;-7,777;1;0,0356;0,0255;0,0011;0,337;0,185;120,029;425859;4;19,99105;24;0;2
Booty;Blac Youngsta;spotify:track:0FbSpY8RPxTRxi1Fpj9Dz9;0,938;0,549;1;-8,368;1;0,098;0,000831;0,000243;0,082;0,412;144,005;160038;4;42,52691;6;1;2
Borderline;Novembers Doom;spotify:track:5Z8T4vsL4PovqimYlbbGVf;0,554;0,746;10;-8,779;0;0,0329;0,00305;0,13;0,107;0,341;120,098;543213;4;72,15993;15;0;2
Brand New;Ben Rector;spotify:track:3IpG4SvqxHmbZslvDSIIZP;0,555;0,933;9;-5,04;1;0,113;0,0026;0;0,122;0,421;144,874;243933;4;27,50202;10;1;2
Break Up In The End;Cole Swindell;spotify:track:5Z19ylxppfnfdP4JH0u8oj;0,507;0,372;1;-8,433;1;0,0303;0,481;0;0,271;0,257;86,422;199693;4;36,66287;10;1;2
Break Up With Your Girlfriend. I'm Bored;Ariana Grande;spotify:track:4kV4N9D1iKVxx1KLvtTpjS;0,726;0,554;5;-5,29;0;0,0917;0,0421;0;0,106;0,335;169,999;190440;4;29,88236;9;1;2
Brethren of the Pentagram;Lock Up;spotify:track:5jHBy1bwpUMET0ad6Ug3KK;0,343;0,978;6;-5,064;1;0,164;7,74E-06;2,86E-06;0,374;0,0832;120,629;95547;1;23,46464;5;0;2
Bright;Echosmith;spotify:track:3WKg25vrbjJlkhsgl2W4p3;0,646;0,431;6;-8,517;1;0,0262;0,637;6,99E-06;0,113;0,292;90,034;220627;4;54,73098;10;1;2
Broken Clocks;SZA;spotify:track:2fXwCWkh6YG5zU1IyvQrbs;0,684;0,683;6;-7,366;1;0,177;0,13;0;0,156;0,406;112,856;231253;4;34,68828;11;1;2
Brokenhearted;Karmin;spotify:track:4urcG6Nfubqsuqy3juMjBi;0,765;0,765;1;-2,732;0;0,0585;0,00765;3,82E-06;0,0527;0,886;120,001;227147;4;44,13132;13;1;2
Brutal Exorcism;Traitor;spotify:track:5TR7i3qiDIigrSyJ2rGKeH;0,275;0,985;5;-3,176;1;0,0806;1,10E-05;0,0484;0,131;0,366;130,049;220373;4;42,294;10;0;2
Bury Me;Getter;spotify:track:7m1oRKYiZCfuKXRMWGefWR;0,735;0,933;1;-2,151;0;0,0788;0,0185;0,0108;0,1;0,116;129,988;281538;4;74,78952;7;0;2
Butterfly Doors;Lil Pump;spotify:track:4NdXQlDTzxbOMkzJGWFtz3;0,925;0,397;5;-11,265;1;0,169;0,0889;5,12E-05;0,144;0,429;130,008;132923;4;51,23142;6;1;2
California King Bed;Rihanna;spotify:track:2dPOobBArCJotBAs0ThXqL;0,475;0,577;7;-3,979;1;0,0341;0,219;0;0,121;0,319;169,897;251600;4;41,16074;12;1;2
Call Casting;Migos;spotify:track:0jOfl1nZf6sVBTG08Q4brn;0,852;0,727;1;-4,851;1;0,267;0,0962;0;0,154;0,496;130,014;232705;4;25,1189;9;1;2
Call On Me;Starley;spotify:track:2L6orAlH8tBhiFTumIfMyF;0,67;0,838;0;-4,031;1;0,0362;0,0604;0,000611;0,159;0,717;104,998;222041;4;53,46501;9;1;2
Camelot;NLE Choppa;spotify:track:4sWuPniHClkInYAnzXAYUF;0,787;0,713;7;-5,252;1;0,401;0,0849;0;0,717;0,762;175,041;148759;4;34,76092;10;1;2
Camouflage;Brad Paisley;spotify:track:6hVgzcyMmjNKaJn5VRZX3H;0,56;0,965;4;-3,67;1;0,0472;0,0325;0,000984;0,43;0,771;113,633;266147;4;46,4182;13;1;2
Can't Help Falling in Love;The Once;spotify:track:1zQtsarlHMwSh6CEA6Ocoh;0,277;0,441;0;-9,054;1;0,0364;0,285;5,35E-06;0,0763;0,135;96,848;183253;4;26,27623;7;0;2
Can't Remember To Forget You;Shakira Featuring Rihanna;spotify:track:2Sh4sAOfnSHEVKFyysxzat;0,694;0,81;11;-3,556;0;0,0661;0,122;0;0,141;0,824;137,968;206867;4;32,7089;8;1;2
Casino De Capri;The Bahama Soul Club;spotify:track:6DuhmGmdmxNDEdSqH7Sjt9;0,767;0,471;3;-10,892;0;0,0328;0,18;0,867;0,0797;0,539;109,983;270374;4;105,55665;9;0;2
Castle On The Hill;Ed Sheeran;spotify:track:6PCUP3dWmTjcTtXY02oFdT;0,461;0,834;2;-4,868;1;0,0989;0,0232;1,14E-05;0,14;0,471;135,007;261154;4;35,60983;12;1;2
Cedí;La Arrolladora Banda El Limón De Rene Camacho;spotify:track:0C5u9cvJGDP4YpIbUyzJW4;0,77;0,345;10;-7,798;1;0,034;0,122;0;0,103;0,53;119,903;193347;4;36,13234;8;0;2
Cello Suite No. 2 in D Minor. BWV 1008: III. Courante;Johann Sebastian Bach;spotify:track:1GlQ0GF2B6xAGwPWVu1RXV;0,408;0,175;2;-27,874;0;0,0516;0,945;0,895;0,125;0,845;102,155;126600;3;64,55084;7;0;2
Cello Suite No. 5 in C Minor. BWV 1011: IV. Sarabande;Johann Sebastian Bach;spotify:track:2OlCoInzq5QZx0prAXKcV2;0,175;0,00603;0;-32,587;1;0,0495;0,892;0,927;0,098;0,109;96,644;170173;4;57,52115;8;0;2
Chanel (Go Get It);Young Thug Featuring Gunna & Lil Baby;spotify:track:0kCBorRrKZkSztd9m0QI3r;0,938;0,5;4;-10,08;0;0,144;0,00183;0;0,077;0,462;140,011;201707;4;25,73629;10;1;2
Change Locations;Drake & Future;spotify:track:4gowy3WT6D1yhMLgRBlf9C;0,788;0,328;0;-9,991;1;0,392;0,0207;2,53E-06;0,118;0,213;137,85;220862;4;29,30901;9;1;2
Changed;Rascal Flatts;spotify:track:7ClZTubD4KudpEuBysLMUI;0,442;0,556;4;-6,925;1;0,0345;0,0751;7,59E-06;0,0984;0,26;140,563;262227;4;43,1798;11;1;2
Chebika - Claudio Mate Metal Remix;Stefano Patarnello;spotify:track:0YkwW7xMVWf675IDeTXvgo;0,624;0,863;7;-8,142;0;0,03;3,78E-06;0,945;0,0849;0,0394;119,993;386000;4;58,49512;12;0;2
Chebika - Claudio Mate Metal Remix;Stefano Patarnello;spotify:track:5ogO08piWMP73zAB1nip13;0,624;0,863;7;-8,142;0;0,03;3,78E-06;0,945;0,0849;0,0394;119,993;386000;4;58,49512;12;0;2
Check;Young Thug;spotify:track:1jk9c0gZI0wbn5GvAj7PBV;0,667;0,581;0;-5,164;0;0,323;0,0428;0;0,183;0,368;110,953;230693;4;36,84838;11;1;2
Check It Out;will.i.am & Nicki Minaj;spotify:track:5tMoj9U1ZAJ3pOMndaShr7;0,849;0,657;1;-5,124;1;0,0599;0,0601;7,91E-06;0,121;0,741;130,107;252027;4;29,82418;10;1;2
Cheerleader;OMI;spotify:track:023OVLNzXhX0j7CxswUt6D;0,78;0,68;4;-6,081;1;0,0305;0,141;1,20E-05;0,138;0,594;118,026;180560;4;36,0984;10;1;2
Cheval;Igorrr;spotify:track:5gXKwH68RrWzpf6DdPa3vM;0,605;0,867;5;-5,362;1;0,0847;0,0264;0,000182;0,877;0,377;105,049;186286;3;60,02898;7;0;2
Children of Doom;Helllight;spotify:track:2UQkXhgKgW3GP1gJiM1xqa;0,0752;0,361;4;-10,133;1;0,0324;0,000135;0,815;0,0708;0,0392;79,46;739827;4;18,11812;40;0;2
Cigarettes out the Window;TV Girl;spotify:track:5GKekzF1YcR2DQd9c3DI8y;0,626;0,659;0;-5,669;1;0,0337;0,121;0;0,17;0,594;113,551;198961;4;25,58011;8;0;2
Cinderella;Ballet L'école;spotify:track:3jzHNQtOpCGDDgW8aAgZRT;0,573;0,0816;3;-19,969;1;0,0805;0,994;0,876;0,125;0,483;114,656;112547;4;39,21197;5;0;2
Circles;Post Malone;spotify:track:21jGcNKet2qwijlDFuPiPb;0,695;0,762;0;-3,497;1;0,0395;0,192;0,00244;0,0863;0,553;120,042;215280;4;52,05235;9;1;2
Cirrus;Bonobo;spotify:track:2lJ4d8MCT6ZlDRHKJ1br14;0,64;0,844;2;-8,412;0;0,0374;0,395;0,933;0,0827;0,364;119,042;352247;4;80,60317;13;0;2
Clandestine Ways (Krokodil Rot);Cattle Decapitation;spotify:track:1yCaiVPhBDnLYY9h5rCL7P;0,301;0,97;8;-3,548;1;0,142;5,23E-05;0,715;0,595;0,211;119,871;274293;4;54,85373;11;0;2
Clear the Mind;Yolta;spotify:track:6VGiS6FFBF2vyWwCMHU6VM;0,198;0,293;2;-12,173;1;0,0408;0,605;0,993;0,114;0,109;59,302;147269;3;26,73023;7;0;2
Clearing;Grouper;spotify:track:3IL43TRkEnh4buGOZ1Brb5;0,23;0,0432;6;-23,066;1;0,042;0,991;0,932;0,105;0,136;89,582;281680;4;21,61196;18;0;2
Clique;Kanye West, Jay-Z, Big Sean;spotify:track:65rRB2mspD309xE6YimZTl;0,66;0,539;9;-5,947;0;0,324;0,0534;0;0,222;0,307;109,318;293613;5;39,90831;14;1;2
Codeine Dreaming;Kodak Black Featuring Lil Wayne;spotify:track:4DTpngLjoHj5gFxEZFeD3J;0,736;0,604;1;-7,357;0;0,222;0,0652;6,43E-05;0,124;0,574;155,007;264532;4;25,5782;17;1;2
Cold One;Eric Church;spotify:track:1ffMmNQ42w7dIwyCDTKySb;0,591;0,888;6;-5,807;1;0,0601;0,0758;0,00403;0,535;0,771;147,943;205227;4;35,79843;9;1;2
Cold Summer (feat. Tee Grizzley);Jeezy;spotify:track:1ePdxyyF6tntoUAf8PZQuF;0,701;0,731;11;-4,528;0;0,213;0,0355;0;0,389;0,36;90,015;181347;4;25,3835;8;0;2
Colder Weather;Zac Brown Band;spotify:track:1M2l9ReoabUnvl6Y8jLUe7;0,667;0,381;3;-7,494;1;0,0294;0,458;0;0,116;0,199;135,979;273893;4;25,47938;11;1;2
Come Get Her;Rae Sremmurd;spotify:track:1Ser4X0TKttOvo8bgdytTP;0,689;0,564;2;-6,226;1;0,136;0,187;0;0,0721;0,123;185,023;212947;4;21,63061;12;1;2
Come Join The Murder;The White Buffalo & The Forest Rangers;spotify:track:1jZoQ2R3wgs1UbOhio9j8I;0,529;0,445;5;-7,156;1;0,0275;0,67;0,032;0,106;0,179;124,166;448093;4;25,91926;14;1;2
Come Wake Me Up;Rascal Flatts;spotify:track:5mCttXluvE0gaIArboAoFA;0,454;0,605;4;-6,816;1;0,0314;0,255;0;0,109;0,18;155,861;263253;3;23,22576;10;1;2
Come Warfare. The Entire Doom;Darkthrone;spotify:track:2OWrhxgNvBgvb9RAmMTTm2;0,183;0,998;0;-3,673;1;0,195;6,68E-06;0,0016;0,0538;0,0389;136,832;517773;4;34,42092;25;0;2
Comin Out Strong;Future Featuring The Weeknd;spotify:track:1B87ZDrD3Pno9hS4stamWO;0,628;0,481;1;-7,775;1;0,475;0,29;0;0,118;0,33;108,761;254370;5;36,5252;13;1;2
Coming Home;Diddy - Dirty Money Featuring Skylar Grey;spotify:track:6Iocm6VMu6bVNYwiDoyQFW;0,392;0,839;7;-1,921;1;0,193;0,158;0;0,3;0,232;168,001;238693;4;53,20179;8;1;2
Company;Justin Bieber;spotify:track:61uyGDPJ06MkxJtHgPmuyO;0,59;0,797;4;-4,901;0;0,0614;0,132;0;0,0846;0,425;94,948;208120;4;42,32548;11;1;2
Confident;Justin Bieber Featuring Chance The Rapper;spotify:track:5Isz0twJeFdduOQEFQLezv;0,738;0,563;5;-5,467;0;0,11;0,113;0;0,191;0,876;134,132;248133;4;29,31374;10;1;2
Confused Mind;Destruction;spotify:track:5cCY5esWHEXtdiHgLew3Ux;0,326;0,987;2;-4,775;1;0,155;0,000167;0,733;0,173;0,213;103,765;350627;4;66,28914;12;0;2
Congratulations;Post Malone Featuring Quavo;spotify:track:3a1lNhkSLSkpJE4MSHpDu9;0,63;0,804;6;-4,183;1;0,0363;0,215;0;0,253;0,492;123,146;220293;4;30,3245;14;1;2
Conqueror of the Apocalypse - Remastered;Disparaged;spotify:track:4CvBUpUoFvidPasGk6Idre;0,114;0,879;10;-5,71;0;0,0766;4,12E-05;0,0864;0,0842;0,213;68,509;355613;4;121,99333;13;0;2
Controlla;Drake;spotify:track:3O8NlPh2LByMU9lSRSHedm;0,611;0,468;10;-11,084;0;0,179;0,0781;0;0,101;0,349;92,092;245227;4;41,1081;11;1;2
Coretta's Beat;Marc Mac;spotify:track:3xWgEIGat6IVLUZWN2aUbQ;0,662;0,594;6;-6,386;0;0,11;0,0037;0,965;0,308;0,96;179,972;141173;4;22,87039;9;0;2
Cornbread and Butterbeans;Carolina Chocolate Drops;spotify:track:0Szig4psER1ESRarCgahmn;0,67;0,454;7;-8,477;1;0,0367;0,853;0;0,119;0,793;110,983;189760;4;28,9985;8;0;2
COUNTRY;Dean Blunt;spotify:track:1ELigAvakqysvIg1qURxPW;0,479;0,868;1;-7,715;1;0,344;0,209;0,724;0,201;0,494;48,888;130987;4;53,20178;5;0;2
Cranes In The Sky;Solange;spotify:track:48EjSdYh8wz2gBxxqzrsLe;0,719;0,615;6;-5,972;1;0,045;0,408;0,000147;0,235;0,465;96,988;250973;4;28,49233;5;1;2
Crave You - Adventure Club Remix;Flight Facilities;spotify:track:283LAlCpfArRZOXPfkOQj0;0,634;0,692;1;-5,646;0;0,0997;0,00586;0,000116;0,0726;0,0839;140,029;236931;4;27,11216;11;0;2
Craving You;Thomas Rhett Featuring Maren Morris;spotify:track:17hd4ptJCbsEeLj0auPcwy;0,613;0,839;9;-3,799;0;0,0352;0,000854;0;0,341;0,526;104,975;223627;4;42,17193;10;1;2
Crawling Back To You;Daughtry;spotify:track:6BDtTzjbJ5kKKSWcJT8MlX;0,438;0,919;0;-2,91;0;0,0495;0,00674;0;0,158;0,195;151,026;225813;4;34,01444;8;1;2
Crazy World;Terry Riley;spotify:track:4cscooZxVMyPEqbV3OSw07;0,286;0,399;5;-7,771;0;0,0329;0,72;4,34E-05;0,0968;0,21;93,082;1125720;4;30,59839;49;0;2
Crew;GoldLink Featuring Brent Faiyaz & Shy Glizzy;spotify:track:15EPc80XuFrb2LmOzGjuRg;0,728;0,607;1;-8,417;0;0,132;0,133;0;0,0864;0,445;129,938;176702;4;44,03005;6;1;2
Cumbres Del Ajusco;Mexico City Atmospheres;spotify:track:65BziyHWyQzCr03AbGD5zC;0,0998;0,247;0;-18,888;1;0,0419;0,771;0,925;0,114;0,0474;77,94;250968;4;30,40217;11;0;2
Cut Her Off;KCamp Featuring 2 Chainz;spotify:track:2Vevs2eAQNNb7NTpKj5kqA;0,769;0,611;8;-2,85;1;0,039;0,098;0;0,221;0,0901;144,037;243333;4;38,21223;12;1;2
Cut Your Bangs;Girlpool;spotify:track:75T4FO7bShVDfUN1ZDA9yP;0,369;0,303;2;-7,151;1;0,0314;0,854;0;0,109;0,111;178,03;172989;4;31,39155;9;0;2
Dance Monkey (Metal Version);Leo;spotify:track:52MqpL45EQxIPD2VzJ7avI;0,591;0,833;4;-4,526;0;0,0529;0,0197;0,000193;0,0582;0,435;100,05;267900;4;27,91464;12;0;2
Dance with Me;LZ7;spotify:track:6exUpfnLDBxAtFBoHheWAV;0,603;0,833;9;-7,294;1;0,246;0,131;0;0,356;0,708;72,501;204844;4;27,64285;10;0;2
Dance With Me - Calvo Remix;Felix Jaehn;spotify:track:5pX7tpiTlOlDNMDbRwAAH9;0,687;0,899;7;-5,61;0;0,0474;0,0162;0,312;0,198;0,257;126,026;187857;4;47,38911;8;0;2
Dark Pop;Cabaret Nocturne;spotify:track:06OTyGR5DexjsWbgVGqc3p;0,755;0,772;8;-11,911;1;0,048;0,118;0,889;0,0763;0,0735;108,003;369000;4;34,45402;17;0;2
DAT Beats;Ran Slavin;spotify:track:1qU6f99vBTQjTQnQjWPcMH;0,381;0,369;7;-14,519;1;0,322;0,224;0,82;0,0986;0,365;69,726;589680;3;17,17215;28;0;2
Day Drinking;Little Big Town;spotify:track:1pxXqJZBrCREdC0s4Xs6Xz;0,591;0,959;9;-2,515;1;0,057;0,103;0;0,779;0,86;163,883;178840;4;24,20764;10;1;2
Daylight;Maroon 5;spotify:track:6TwfdLbaxTKzQi3AgsZNzx;0,657;0,679;2;-5,511;1;0,0269;0,00246;0;0,211;0,331;120,007;225307;4;36,94393;11;1;2
Dear Friend.;Dayglow;spotify:track:6pjBrkKAwZn8qC77Lqags7;0,436;0,381;0;-10,92;1;0,0425;0,948;0,0176;0,113;0,331;88,16;142125;4;51,71592;6;0;2
Dear Hip Hop;Bizzle;spotify:track:4i5MqJ0cIMhzTbZBabeMAP;0,458;0,806;11;-6,006;0;0,405;0,0178;0;0,0872;0,365;98,422;319267;5;38,49582;16;0;2
Death Grips;Mason Jennings;spotify:track:50rm7j7JKHMeM2PpoELhk4;0,214;0,832;6;-6,645;1;0,0507;0,284;2,33E-05;0,546;0,23;74,541;226086;4;71,18209;8;0;2
Death Was Arrested;North Point Worship;spotify:track:7eBybNhcjCylloMZT2QjQE;0,28;0,737;11;-3,938;1;0,0414;0,038;0;0,124;0,155;155,884;293331;3;80,464;10;0;2
Dedication;Nipsey Hussle Featuring Kendrick Lamar;spotify:track:6fIjnWrv46njJHLDAY2JdC;0,512;0,734;8;-5,448;0;0,438;0,431;0;0,226;0,168;93,995;245813;4;70,26801;9;1;2
Deep Scars;3D Stas;spotify:track:6B16bj1Jh3oqdLwc7fS5Gl;0,517;0,982;8;-3,412;1;0,133;0,000119;0,0561;0,19;0,563;174,042;252919;4;22,42131;9;0;2
Deja Vu;J. Cole;spotify:track:6I6NX6tjGsxFAsIfGzY9lJ;0,657;0,421;9;-11,378;1;0,412;0,352;0,000218;0,187;0,181;174,063;264747;4;41,84049;12;1;2
Delicate;Taylor Swift;spotify:track:6NFyWDv5CjfwuzoCkw47Xf;0,75;0,404;9;-10,178;0;0,0682;0,216;0,000357;0,0911;0,0499;95,045;232253;4;23,56578;12;1;2
Denomination Blues;Blind Willie Johnson;spotify:track:4facsMLBCHiU61BLPEHUXJ;0,418;0,18;5;-12,359;1;0,0574;0,994;0,000111;0,094;0,513;88,261;334560;4;144,88675;12;0;2
Desperate Man;Eric Church;spotify:track:1vHeu2j2MpfMqqvcXKLtic;0,711;0,796;10;-5,87;1;0,0341;0,0716;0,0045;0,262;0,901;109,991;208733;4;32,48142;10;1;2
Devil's Level;Dwarves;spotify:track:41V7zzHTrNqxEk6FAcK25B;0,344;0,989;2;-3,128;1;0,162;0,000933;3,95E-06;0,0795;0,0856;104,334;109992;4;38,83482;5;0;2
Diamond Rings And Old Barstools;Tim McGraw With Catherine Dunn;spotify:track:5FIb3CWPjub8C5Yu2IxzTj;0,54;0,495;5;-6,386;1;0,0268;0,404;0,00011;0,124;0,338;70,997;197227;1;51,74649;9;1;2
Diamonds;Rihanna;spotify:track:1z9kQ14XBSN0r2v6fx4IdG;0,564;0,71;11;-4,92;0;0,0461;0,00125;0;0,109;0,393;91,972;225147;4;31,51086;9;1;2
Didn't You Know How Much I Loved You;Kellie Pickler;spotify:track:3ySlOXQ77aZd5NLu0H0Ddc;0,524;0,791;9;-4,696;1;0,0396;0,244;0;0,0981;0,248;137,872;285187;4;17,65724;11;1;2
Die For Me;Post Malone Featuring Future & Halsey;spotify:track:2C6WXnmZ66tHhHlnvwePiK;0,614;0,66;0;-2,848;1;0,0441;0,19;0;0,211;0,452;145,01;245267;4;40,18396;12;1;2
Die Young;Max Frost;spotify:track:7qKX7wI4RK7hMYwJg6zRDE;0,855;0,395;11;-8,84;0;0,0604;0,229;0,00073;0,352;0,375;103,958;187853;4;70,78136;7;0;2
Dil Ki Hai Tamanna;Vijay Prakash;spotify:track:103mJr1oXxLGqeaoGsDo8G;0,639;0,559;7;-7,475;1;0,0427;0,057;8,00E-06;0,129;0,597;85,939;331558;4;23,01682;16;0;2
Disarm You (feat. Ilsey);Kaskade;spotify:track:3xQjivjUZ4KnUslduTEYKC;0,446;0,793;5;-3,912;0;0,0556;0,0434;4,14E-05;0,159;0,313;127,799;221133;4;59,41273;9;0;2
Disciples of the Watch - Live @ Paramount Theatre. Huntington. New York;Testament;spotify:track:1oWkZA7LS9erH5JmlKaCp2;0,165;0,977;1;-8,826;1;0,133;5,52E-05;0,54;0,879;0,0522;96,78;449493;4;76,95248;17;0;2
DNA.;Kendrick Lamar;spotify:track:6HZILIRieu8S0iqY8kIKhj;0,638;0,523;1;-6,664;1;0,357;0,00454;0;0,0842;0,422;139,913;185947;4;42,05918;9;1;2
Do or Die;Bloodgood;spotify:track:3tetPgK90dRsEwnKZ5LtlK;0,614;0,905;11;-4,597;1;0,0305;0,000319;8,40E-06;0,229;0,745;116,309;143440;4;54,45597;7;0;2
Do You Feel the Same;Woody Pitney;spotify:track:1EEFJz5depd5M8RJpThGWZ;0,512;0,816;4;-6,163;1;0,0388;0,011;4,73E-06;0,144;0,34;111,048;242337;4;26,80114;12;0;2
Donde Estaras;ICC;spotify:track:3734uAibGyPgZEABdWFVtM;0,738;0,684;0;-5,55;1;0,0343;0,129;6,40E-06;0,266;0,841;90,01;223504;4;42,54275;8;0;2
Don't Call Me Up;Mabel;spotify:track:5WHTFyqSii0lmT9R21abT8;0,674;0,881;9;-2,853;1;0,147;0,296;3,01E-06;0,0793;0,234;98,994;178480;4;38,17004;7;1;2
Don't Cry;Lil Wayne Featuring XXXTENTACION;spotify:track:5BQrp63SHCVf4bzCzJePne;0,585;0,709;8;-6,072;1;0,319;0,409;0;0,183;0,21;111,913;249450;4;86,81431;8;1;2
Don't Go Breaking My Heart;Backstreet Boys;spotify:track:79Mjfhh393dZdAsTvUFDR6;0,541;0,703;0;-5,573;1;0,102;0,0218;0;0,0964;0,238;94,858;215724;4;67,0452;7;1;2
Don't Let Me Be Lonely;The Band Perry;spotify:track:1vjx9wZEyhhM1VRmIoDiRk;0,597;0,682;1;-4,573;1;0,0283;0,124;0;0,0808;0,336;111,022;251227;4;22,90087;10;1;2
Don't Speak (Instrumental);Joseph Sullinger;spotify:track:1DV7nyw8OigFfEiJ3yEFj6;0,526;0,228;0;-12,975;0;0,0542;0,975;0,903;0,106;0,239;143,295;241496;4;40,78298;9;0;2
Don't Stop;5 Seconds Of Summer;spotify:track:57MOpbjOIoWMZnstWOtfm6;0,571;0,957;8;-3,468;1;0,0633;0,00209;1,50E-05;0,0425;0,892;149,946;169936;4;36,16217;8;1;2
Don't Wanna Know;Maroon 5 Featuring Kendrick Lamar;spotify:track:1nueTG77MzNkJTKQ0ZdGzT;0,783;0,61;7;-6,124;1;0,0696;0,343;0;0,0983;0,418;100,047;214265;4;42,72597;11;1;2
Don't You Wanna Stay;Jason Aldean With Kelly Clarkson;spotify:track:7CZiLgkiVHhFcDkI2Y4lZ4;0,445;0,631;11;-4,798;1;0,0304;0,129;0;0,0911;0,152;143,846;256440;4;38,755;11;1;2
Doom;IXION;spotify:track:0NILb1JbeLiEIM1Vq7pklf;0,225;0,712;5;-5,141;1;0,0475;0,000954;0,526;0,1;0,0488;120,032;322402;4;24,53826;14;0;2
Doom Funk;LX Sweat;spotify:track:7n6TCxbSMRBmnVXg5h9hWu;0,364;0,503;6;-18,607;1;0,346;0,406;0,9;0,122;0,422;95,718;208040;4;55,82411;8;0;2
Doorman;Moksi;spotify:track:4SkGgfxDq8w0dLMdNRHEiS;0,708;0,755;6;-6,026;0;0,0351;0,00635;0;0,226;0,229;123,967;221640;4;96,07099;5;0;2
Down;Living Death;spotify:track:7gLn7uwuJ0oYELDZcOxzH3;0,488;0,858;11;-10,148;0;0,0377;0,00878;1,29E-05;0,299;0,293;94,668;272787;4;18,98583;13;0;2
Downtown;Macklemore & Ryan Lewis Featuring Eric Nally, Melle Mel, Kool Moe Dee & Grandmaster Caz;spotify:track:5pfJsMwoRYKampPay8amX0;0,828;0,609;1;-4,402;1;0,0694;0,0916;1,21E-06;0,291;0,707;109,725;292593;4;42,16366;13;1;2
Drifting;G-Eazy Featuring Chris Brown & Tory Lanez;spotify:track:5sv4LTz8qayQYnXlzaxg2x;0,523;0,757;6;-6,772;0;0,138;0,00199;0;0,3;0,375;134,828;273253;4;28,95138;13;1;2
Drunk On Your Love;Brett Eldredge;spotify:track:1jNNHFZmRGXZFHlil5uhei;0,443;0,831;11;-5,606;1;0,0616;0,414;0;0,204;0,588;182,064;173960;4;32,1936;7;1;2
Dum Dee Dum;Keys N Krates;spotify:track:5BRrBkpj0An7PViNqMCoGa;0,755;0,891;7;-5,516;1;0,174;0,273;0,0412;0,12;0,515;160,021;192000;4;24,15257;12;0;2
E.T.;Katy Perry Featuring Kanye West;spotify:track:36ux3YuUsGTWPT8fXclS45;0,62;0,869;1;-5,252;1;0,175;0,0181;0;0,369;0,76;151,684;229573;4;33,7453;11;1;2
Earth;Sleeping At Last;spotify:track:16D9AzevsZAh4GfQEYIo7I;0,292;0,374;10;-10,495;0;0,0332;0,463;0,000292;0,357;0,247;119,784;268111;4;67,27885;10;0;2
Earth Scar;Decapitated;spotify:track:3loI2vzJg8QTSF44sOcfOV;0,267;0,988;7;-5,057;1;0,0962;4,04E-05;0,00285;0,318;0,151;89,575;309693;4;31,93524;12;0;2
El Amante;Nicky Jam;spotify:track:3umS4y3uQDkqekNjVpiRUs;0,683;0,691;8;-5,535;1;0,0432;0,243;0;0,14;0,732;179,91;219507;4;16,72964;12;1;2
El Hip Hop;Ariel Kelly;spotify:track:3xRoUpPrzjObEwQRdF46gL;0,48;0,837;11;-5,495;0;0,24;0,103;0;0,128;0,652;91,916;246079;4;33,81769;12;0;2
Electricity;Silk City x Dua Lipa;spotify:track:5N4erncE7kuUccm7zEmwzk;0,588;0,67;0;-6,439;1;0,0473;0,0104;3,33E-06;0,338;0,505;118,159;238173;4;34,85759;12;1;2
Elisa's Theme;Alexandre Desplat;spotify:track:0Cr1H8kCXN5qBAQCHYtVGu;0,447;0,168;10;-17,865;1;0,0372;0,988;0,804;0,0979;0,272;180,063;156467;3;45,81566;8;0;2
Elm St's Children;Elm Street;spotify:track:7jLcrORc7KlubNnKrgK945;0,522;0,98;2;-3,766;1;0,0773;1,55E-05;0,0298;0,191;0,396;144,996;340883;4;54,83256;16;0;2
Emotionless;Drake;spotify:track:5Psnhdkyanjpgc2P8A5TSM;0,413;0,677;1;-5,12;1;0,255;0,0249;0;0,0793;0,0845;172,501;302173;4;31,31506;11;1;2
Emptiness;Trio Elf;spotify:track:1ucDZkvshpppX4m1J3aw2b;0,592;0,24;2;-21,284;0;0,0632;0,724;0,848;0,0898;0,0488;85,875;390813;4;81,03123;11;0;2
End Game;Taylor Swift Featuring Ed Sheeran & Future;spotify:track:2x0WlnmfG39ZuDmstl9xfX;0,649;0,589;2;-6,237;1;0,0558;0,00845;0;0,108;0,151;159,073;244827;4;61,24186;9;1;2
Enemy - Radio Edit;Manuel Lauren;spotify:track:4aUefGFUcP6EKucJMA8nLT;0,598;0,883;11;-4,281;1;0,0732;0,00617;2,37E-05;0,0648;0,894;127,961;172906;4;45,96137;6;0;2
English Suite No. 2 in A Minor. BWV 807: IV. Sarabande;Johann Sebastian Bach;spotify:track:7blb1JcEUpsmYjjGLa34eK;0,455;0,0358;9;-26,109;0;0,0555;0,995;0,937;0,0649;0,152;70,453;225653;1;46,63887;9;0;2
Eternal Destruction;Blasfemia;spotify:track:7KJbrCpABypcvRJp83Gy3P;0,184;0,938;8;-7,097;1;0,0599;2,74E-06;0,955;0,176;0,319;97,269;279592;4;62,72052;13;0;2
Etiske retningslinjer for tryllekunstnere;Black Debbath;spotify:track:4b3kmpPChGuZxNgMYnhVWd;0,433;0,502;0;-8,089;0;0,0331;0,0012;9,82E-05;0,111;0,155;117,048;271013;3;64,79321;9;0;2
Every Breath You Take;Hannah Huston;spotify:track:4hZu7IefxrjzuoGjhWmhOu;0,237;0,445;4;-5,756;0;0,0291;0,483;0,00216;0,151;0,0923;149,099;191693;4;82,72779;6;1;2
Every Teardrop Is A Waterfall;Coldplay;spotify:track:2U8g9wVcUu9wsg6i7sFSv8;0,425;0,733;9;-6,883;1;0,0396;0,00193;0,00922;0,171;0,313;117,985;240796;4;35,63193;9;1;2
Every Time I Hear That Song;Blake Shelton;spotify:track:0c4ICGb0jvszKj3KPR59JU;0,523;0,725;2;-5,448;1;0,0339;0,0558;6,96E-06;0,0937;0,528;155,855;214800;4;24,84958;8;1;2
Everybody Dies In Their Nightmares;XXXTENTACION;spotify:track:3GVkPk8mqxz0itaAriG1L7;0,734;0,57;7;-7,066;0;0,133;0,847;2,14E-05;0,112;0,689;129,953;95467;4;34,87507;5;1;2
Everybody Talks;Neon Trees;spotify:track:2iUmqdfGZcHIhS3b9E9EWq;0,471;0,924;8;-3,906;1;0,0586;0,00301;0;0,313;0,725;154,961;177280;4;31,89244;11;1;2
Everyday;Ariana Grande Featuring Future;spotify:track:6yL2kTsdVwYnGwPkKGtMd5;0,637;0,733;7;-4,387;0;0,0553;0,0152;0;0,162;0,432;131,005;194840;4;20,83701;9;1;2
Everyday;Weyes Blood;spotify:track:5bDXDHFVw0dscRDv0Qu1bu;0,478;0,569;2;-7,252;1;0,0308;0,274;5,04E-05;0,0938;0,418;112,963;307013;4;77,78388;12;0;2
Everything Dub;Khotin;spotify:track:2iEY7wt5j6A3Y6zg0KePmY;0,769;0,61;0;-11,32;1;0,128;0,51;0,957;0,382;0,691;116,838;406290;4;38,99528;20;0;2
everything i wanted;Billie Eilish;spotify:track:3ZCTVFBt2Brf31RLEnCkWJ;0,704;0,225;6;-14,454;0;0,0994;0,902;0,657;0,106;0,243;120,006;245426;4;29,64269;11;1;2
Everything To Me;Monica;spotify:track:4ZOkuIDN8wRczzu1XUYC4y;0,308;0,529;7;-5,319;0;0,0874;0,479;0;0,441;0,485;80,794;196960;4;81,59812;6;1;2
Everytime;Ariana Grande;spotify:track:2Hk1xo2ZrysHtBQMmZvg8U;0,239;0,676;10;-4,868;0;0,0613;0,0419;6,98E-06;0,551;0,198;73,373;131928;4;89,50583;5;1;2
Ex's & Oh's;Elle King;spotify:track:70eDxAyAraNTiD6lx2ZEnH;0,612;0,921;7;-2,879;1;0,0848;0,0183;0;0,0576;0,453;139,986;202173;4;49,15519;10;1;2
Fade To Black;Apoptygma Berzerk;spotify:track:0XrMaMIwibOjhxw7bNpjOM;0,501;0,958;7;-5,64;1;0,0444;0,00133;0,616;0,0888;0,426;131,986;300747;4;44,59071;10;0;2
Fäerie Metal;Nuit Noire;spotify:track:7J7EDJSSQ8Yb09g70g63Fj;0,141;0,978;7;-7,06;1;0,0636;0,312;0,0369;0,302;0,0612;158,285;496203;4;61,96268;19;0;2
Fäerie Metal (Live);Nuit Noire;spotify:track:6Fp29Y9ryjtJRWqpeDQaqD;0,112;0,991;11;-5,902;0;0,074;0,823;0,992;0,925;0,037;79,554;492067;4;16,39439;18;0;2
Falling Star;Showoff;spotify:track:1Ugw5IFAtLrm2ftWqflXgA;0,588;0,814;2;-6,964;1;0,0378;0,00419;0,0191;0,143;0,681;109,628;240560;4;40,29756;11;0;2
Family Man;Craig Campbell;spotify:track:7a1538puknbXpg5LnYNwBX;0,554;0,621;11;-7,076;1;0,0269;0,162;2,56E-05;0,155;0,151;155,817;219187;4;62,51362;8;1;2
Fast Car;Jonas Blue Featuring Dakota;spotify:track:2mCF8L0brIs88eH6Kf2h9p;0,644;0,57;9;-6,994;1;0,052;0,484;0;0,299;0,527;113,945;212424;4;62,63619;10;1;2
Faster;Matt Nathanson;spotify:track:6plKFdrBnKF0y3CRuceTDh;0,742;0,853;9;-4,147;1;0,0393;0,00743;4,79E-06;0,332;0,95;107,03;208280;4;43,42073;10;1;2
Father Christmas;Lord Kitchener;spotify:track:4BvFrZLXPeGMjF6YTQp66h;0,542;0,498;7;-12,2;1;0,0405;0,918;1,69E-06;0,217;0,817;94,899;222667;4;36,66673;13;0;2
Fed Upon Odium;Beheaded;spotify:track:7iz4bbW4A8zbNOfYN9dgTp;0,218;0,986;1;-4,865;0;0,166;6,09E-05;0,051;0,191;0,0364;81,226;247381;4;31,12695;12;0;2
Feel It Still - Instrumental;Lance Allen;spotify:track:38BYxGy0RDsOVDhSj5d2Xl;0,581;0,291;2;-19,874;0;0,0746;0,513;0,787;0,1;0,784;79,026;161105;4;25,53999;10;0;2
Feel So Close;Calvin Harris;spotify:track:1gihuPhrLraKYrJMAEONyc;0,707;0,924;7;-2,842;1;0,031;0,000972;0,00703;0,204;0,919;127,937;206413;4;98,57212;6;1;2
Feel The Music;Guru;spotify:track:2oIOQZ4F8OIq6eImaANR00;0,783;0,605;4;-10,574;1;0,106;0,0222;0,00499;0,265;0,848;100,397;237733;4;17,37893;9;0;2
Feelin (feat. Spinn & Taso);DJ Rashad;spotify:track:02RjeZNfU1hEicU6sZVT4J;0,374;0,836;4;-7,503;1;0,0738;0,000115;0,737;0,346;0,0937;79,916;270815;4;19,51185;10;0;2
Feelin' It;Scotty McCreery;spotify:track:0ABHhxQTaluB94ohp2RLSr;0,586;0,759;7;-5,338;1;0,0457;0,1;0;0,084;0,687;184,031;198227;4;26,00223;12;1;2
Feeling Punk - Tee's Original Mix;Todd Terry;spotify:track:5DKyo9RhH2PNDjZbowvlYw;0,775;0,928;11;-6,776;1;0,0553;0,00286;0,881;0,387;0,523;126,617;337441;4;61,15368;10;0;2
Feels;Calvin Harris Featuring Pharrell Williams, Katy Perry & Big Sean;spotify:track:5bcTCxgc7xVfSaMV3RuVke;0,893;0,745;11;-3,105;0;0,0571;0,0642;0;0,0943;0,872;101,018;223413;4;36,30276;7;1;2
Female;Keith Urban;spotify:track:1t34UsQ634a233qysq6D6L;0,567;0,477;8;-8,781;0;0,0331;0,186;4,86E-05;0,111;0,321;85,019;195317;5;35,1795;10;1;2
Fire. Walk with Me;Harakiri for the Sky;spotify:track:2gBbO8brlTYaLe0BDjvJLh;0,383;0,952;3;-4,88;0;0,0484;9,91E-06;0,000881;0,178;0,278;145,001;548313;4;39,53599;22;0;2
First Day Out;Tee Grizzley;spotify:track:3muBQDekYAg7jm6hDu6R0Z;0,587;0,711;1;-6,33;1;0,42;0,171;0;0,125;0,381;98,008;254694;4;26,77867;10;1;2
Fix;Chris Lane;spotify:track:6gXuwld0PRtinePSXV2Vn1;0,532;0,883;0;-2,743;0;0,0352;0,0951;0;0,304;0,7;99,995;190240;4;72,39931;7;1;2
Fix A Heart;Demi Lovato;spotify:track:0fMhhdMdbC94rHHK63jwWu;0,491;0,452;0;-7,86;1;0,0491;0,579;0;0,0907;0,455;160,227;193040;3;25,02696;10;1;2
Flight Of The Silverbird;Two Steps from Hell;spotify:track:2k2Pwkt3Fqowcve91PiH4g;0,415;0,922;5;-7,043;1;0,0819;0,00182;0,854;0,0888;0,226;138,086;201793;4;16,85492;10;0;2
Flute Sonata in E-Flat Major. BWV 1031: II. Siciliano;Johann Sebastian Bach;spotify:track:0gSDkYpQ0IboClF4cFz5Aw;0,148;0,0997;7;-18,35;0;0,0426;0,992;0,925;0,106;0,0563;98,441;145442;3;30,81609;9;0;2
Fly Away;Vincent de Moor;spotify:track:3JoxlJ95GVxngQSY7V4yfR;0,643;0,941;5;-6,447;0;0,0433;0,00882;0,00443;0,356;0,56;137,985;201760;4;22,16097;10;0;2
Flying Spaghetti Monster;Doctor P;spotify:track:4uWUyC3hNH036n6sGCWggZ;0,665;0,913;1;-2,299;1;0,0461;0,000148;0,412;0,384;0,439;100,005;249600;4;58,02977;9;0;2
Folk in Hell;Danger Liker;spotify:track:2nwbtC7f2Kd50fJuP6RgvQ;0,584;0,789;1;-7,68;1;0,151;0,00252;0,00961;0,0907;0,729;126,938;266951;4;33,54996;12;0;2
Footloose;Blake Shelton;spotify:track:4shPfi6RsJiwQtso2XFGiL;0,52;0,924;7;-4,748;1;0,0686;0,00121;2,31E-06;0,128;0,844;173,98;218493;4;33,41497;10;1;2
For Her;Chris Lane;spotify:track:19yTqpHTUrw7mOcRDvXYzn;0,491;0,904;6;-4,324;1;0,0344;0,0985;0;0,183;0,588;150,007;211227;4;40,98878;9;1;2
For Metal;Arkham Witch;spotify:track:1WKdv0TessM45gWc1TVZnU;0,268;0,95;4;-4,793;1;0,11;0,000104;0,088;0,0645;0,422;202,873;319307;4;29,88652;15;0;2
For Those About To Rock;Godflesh;spotify:track:0bYKH9bJ8TXQC4UyVQd6PK;0,269;0,412;3;-10,768;0;0,0544;0,0347;0,902;0,127;0,188;109,806;329867;4;34,34836;8;0;2
Freak The Freak Out;Victorious Cast Featuring Victoria Justice;spotify:track:3vu8NXAryXrNG8ICj71Buq;0,689;0,858;5;-3,185;1;0,061;0,00129;0;0,0988;0,51;140,022;234480;4;43,48484;12;1;2
Freiheit. Gleichheit. Brüderlichkeit;Die Apokalyptischen Reiter;spotify:track:2li2HeP3G9eWYW80QKOSW4;0,559;0,938;0;-4,388;1;0,0514;0,000398;1,24E-05;0,153;0,46;133,979;208413;4;50,2328;9;0;2
French Ouverture. BWV 831;Johann Sebastian Bach;spotify:track:5CpjJKzNC8V9ZYyqXzKCPk;0,329;0,0689;2;-24,274;1;0,0425;0,984;0,0171;0,197;0,741;163,41;183760;4;49,78261;9;0;2
Friday;Rebecca Black;spotify:track:4fK6E2UywZTJIa5kWnCD6x;0,684;0,889;8;-4,555;0;0,102;0,0307;2,57E-06;0,775;0,582;112,004;210026;4;40,19486;9;1;2
Frog and Toad Are Friends;Armand Hammer;spotify:track:003I0c4UcwPtqOp3rW7Dv7;0,67;0,918;10;-6,318;0;0,37;0,0127;0;0,872;0,678;159,803;251947;4;42,73762;10;0;2
Full Metal Jacket;Yellowman;spotify:track:2H1NO6cgmK3tU0IjnYRZ3l;0,807;0,492;9;-15,226;1;0,179;0,00277;0;0,102;0,491;179,556;224440;4;30,65757;13;0;2
Future Universal Histories;Solefald;spotify:track:1Ua8hlm9Qdzh7njb6DbDOH;0,261;0,925;4;-4,691;0;0,144;0,00498;0,00433;0,286;0,212;95,031;408125;4;36,61763;14;0;2
Fuzzybrain;Dayglow;spotify:track:57HJa4ktE7iHGrbFhwzEr2;0,488;0,51;7;-8,367;1;0,026;0,0233;0,15;0,143;0,368;104,959;219429;4;25,76391;9;0;2
Gangnam Style;PSY;spotify:track:03UrZgTINDqvnUMbbIMhql;0,727;0,937;11;-2,871;0;0,287;0,00417;0;0,091;0,749;132,067;219493;4;39,55134;8;1;2
Gangsta;Kehlani;spotify:track:1W7zkKgRv9mrLbfdQ8XyH3;0,439;0,447;10;-8,318;0;0,0436;0,111;0;0,303;0,11;121,48;177029;4;35,6671;9;1;2
Garden;Roger Eno;spotify:track:7jBR7pjJR7R7H6nxensdE4;0,242;0,00281;7;-28,003;0;0,0543;0,992;0,85;0,129;0,0374;73,102;207364;3;46,60441;10;0;2
Garden in the Bones;Periphery;spotify:track:5fauFOWxPFk36Ui433FNRB;0,517;0,971;4;-5,189;1;0,0778;0,0057;3,75E-05;0,325;0,363;135,004;356507;4;61,38134;12;0;2
Genesis;Grimes;spotify:track:4sCYKMatyhazyy6r2N7Hp2;0,611;0,677;10;-6,745;0;0,034;0,0764;0,0698;0,241;0,233;166,04;255320;4;30,57764;11;0;2
Get Ugly;Jason Derulo;spotify:track:1dl3vuXJS9anUXE7XnNP75;0,75;0,683;9;-4,829;0;0,12;0,0462;1,32E-06;0,297;0,539;111,066;200492;4;30,26648;10;1;2
Get You;Daniel Caesar Featuring Kali Uchis;spotify:track:7zFXmv6vqI4qOt4yGf3jYZ;0,658;0,294;4;-8,533;0;0,0321;0,422;5,20E-05;0,0749;0,358;74,038;278180;4;70,58556;13;1;2
Ghostface Killers;21 Savage, Offset & Metro Boomin Featuring Travis Scott;spotify:track:5u6vkDnOyaf8LsteDAj2ub;0,782;0,436;2;-7,033;1;0,155;0,331;1,30E-05;0,342;0,243;82,994;268933;4;24,61342;11;1;2
Gimme Love and Truth;FM LAETI;spotify:track:3uabTGtw1MsG5sMTG0OFj6;0,777;0,533;0;-6,14;0;0,0299;0,533;0,00112;0,19;0,722;100,082;197196;4;39,06071;8;0;2
Girl Crush;Little Big Town;spotify:track:11qh54D0PKkBwelpDxxiEU;0,5;0,225;0;-10,22;1;0,0302;0,842;0;0,112;0,355;173,788;193320;3;35,86537;11;1;2
Girl In A Country Song;Maddie & Tae;spotify:track:1GRiBe0kNCNYpjwCHIyynI;0,59;0,908;8;-3,789;1;0,084;0,285;0;0,36;0,874;160,028;217840;4;39,40916;10;1;2
Give It All We Got Tonight;George Strait;spotify:track:19PJ75UGKjpBo0muDNyxPW;0,577;0,649;7;-7,031;1;0,027;0,253;5,03E-06;0,0798;0,339;130,313;251333;4;26,91163;10;1;2
Glory And Gore;Lorde;spotify:track:5ama5p0JgVg5scQk6ryDPy;0,689;0,377;1;-8,761;1;0,0397;0,285;0;0,268;0,294;143,946;210738;4;40,20837;9;1;2
Go Loko;YG, Tyga & Jon Z;spotify:track:3SZqA7rQvROJsCbUu2v0xa;0,88;0,67;2;-5,188;1;0,0429;0,299;5,08E-06;0,0677;0,142;100,995;299227;4;21,10076;13;1;2
God morgen vår!;Nanahira;spotify:track:4lqNbZ9nMLKyvphlhQImZ0;0,472;0,868;11;-4,18;1;0,115;0,0559;0,000939;0,331;0,641;193,911;254147;3;52,93621;12;0;2
God's Great Dance Floor - Remix;Reyer;spotify:track:1tEDlKg1Rmv9sE6z1XR6Vy;0,618;0,565;6;-8,575;0;0,0916;0,00993;7,65E-05;0,0835;0,628;127,985;230156;4;39,87189;8;0;2
Good Drank;2 Chainz x Gucci Mane x Quavo;spotify:track:39pS70eeDvyCAF3t8NAlVV;0,836;0,776;4;-0,804;0;0,239;0,274;0;0,113;0,37;130,033;222707;4;30,04466;9;1;2
Good Feeling;Flo Rida;spotify:track:2LEF1A8DOZ9wRYikWgVlZ8;0,706;0,89;1;-4,444;0;0,0688;0,0588;0,00286;0,306;0,684;128,011;248133;4;36,04713;8;1;2
Good Old Days;Macklemore Featuring Kesha;spotify:track:2Za1AlJNvksouPPWbXpR2X;0,712;0,51;8;-8,162;1;0,0633;0,446;2,46E-05;0,112;0,268;122,964;240507;4;16,15571;15;1;2
Good Vibes;Chris Janson;spotify:track:49oBFP6ZHPtd6t33LFTD3E;0,582;0,846;0;-2,771;1;0,0451;0,022;0;0,133;0,736;92,004;165587;4;53,04468;7;1;2
Got It Bad;LEISURE;spotify:track:2DKhE0CxWGYoYQxYYbLrjJ;0,793;0,468;11;-10,054;1;0,0408;0,00839;0,0786;0,0689;0,534;95,999;205602;4;36,86925;11;0;2
Got to Find a Way;Harold Burrage;spotify:track:4vOxNIimvZZUFwQGkgeVGn;0,707;0,474;2;-10,037;1;0,0431;0,0429;0;0,0546;0,715;113,654;220893;4;27,32509;11;0;2
Gottes Zeit ist die allerbeste Zeit. BWV 106 (Arr. G. Kurtag for Piano Duo);György Kurtág;spotify:track:5FHDGoO8MF9txy89VczxfY;0,533;0,00805;3;-34,339;1;0,0397;0,995;0,92;0,0726;0,0679;69,354;150093;4;53,94683;6;0;2
Gouryella;Gouryella;spotify:track:5QuPV2QWiVdwwgC75MudGz;0,561;0,957;0;-6,625;1;0,0428;0,000139;0,735;0,0913;0,335;138,017;217147;4;35,26865;10;0;2
Grammys;Drake Featuring Future;spotify:track:5e574bhjycX1eH2l4Auage;0,676;0,432;1;-9,51;1;0,502;0,00163;3,93E-06;0,0799;0,12;145,869;220427;4;50,77559;9;1;2
Gravedigger's Chant;Zeal & Ardor;spotify:track:1vWWlYogjUMdHOpZEQkLEw;0,521;0,58;7;-7,155;1;0,0312;0,103;0,007;0,194;0,377;63,978;191213;3;47,01529;6;0;2
Greatest Love Of All;Whitney Houston;spotify:track:6yJxCltgtmGxIgKOS6ndnu;0,502;0,305;9;-16,011;1;0,0339;0,484;3,55E-06;0,117;0,248;131,242;291400;4;45,83699;15;1;2
Green Eyes;iwrestledabearonce;spotify:track:766mnSuCMHzBsCVH4zSJnB;0,235;0,935;6;-3,387;1;0,18;0,000597;0,0794;0,199;0,352;159,221;216360;4;37,84558;11;0;2
Green Karma - Original Mix;Cabaret Nocturne;spotify:track:7AyLMeNJuYqYaxVHYfTqJM;0,789;0,803;7;-8,027;1;0,0402;0,313;0,862;0,138;0,48;117,009;339750;4;66,58938;12;0;2
Grove St. Party;Waka Flocka Flame Featuring Kebo Gotti;spotify:track:2e9EZ2V5QGGZPMJacO3y0Y;0,705;0,702;0;-4,783;0;0,108;0,138;0;0,364;0,771;140,059;250493;4;41,64528;6;1;2
Growing Pains;Alessia Cara;spotify:track:003eoIwxETJujVWmNFMoZy;0,353;0,755;1;-6,276;0;0,733;0,0822;0;0,39;0,437;191,153;193680;4;30,59169;10;1;2
Guitaria;Deep Dive Corp.;spotify:track:1EFaqDuClmdJX6F2uCtC47;0,697;0,806;6;-11,305;1;0,053;0,000148;0,909;0,103;0,382;112,009;323571;4;18,21349;13;0;2
Habits (Stay High) [Instrumental Version];Steve Petrunak;spotify:track:16MH7WjEbCNGzH9PrIMgfi;0,738;0,547;5;-8,592;1;0,0468;0,911;0,89;0,112;0,22;110,015;209925;4;41,84368;10;0;2
Half Of My Heart;John Mayer;spotify:track:7hR5toSPEgwFZ78jfHdANM;0,681;0,593;5;-9,327;1;0,0251;0,435;0,000117;0,106;0,731;115,058;250373;4;47,76966;11;1;2
HandClap;Fitz And The Tantrums;spotify:track:4qRaZYiaOsSvWC7VgcxrI0;0,636;0,836;8;-3,004;1;0,0427;0,00609;0,000157;0,0828;0,715;139,956;193253;4;31,30211;11;1;2
Hard Times;Paramore;spotify:track:0w5Bdu51Ka25Pf3hojsKHh;0,695;0,818;5;-5,379;0;0,0334;0,00647;4,87E-06;0,0219;0,916;119,965;182693;4;34,18913;9;1;2
Hardcore;Powerslut;spotify:track:1bYboqW92T88TSqvMRnYkY;0,55;0,607;11;-7,436;0;0,0449;0,000176;2,44E-06;0,114;0,685;117,581;135587;4;18,19915;8;0;2
Hardcore for Hardcore;The Rival Mob;spotify:track:4BANvCnm8UeYQcvYjzaBch;0,248;0,967;9;-8,133;1;0,0647;4,76E-05;0,904;0,333;0,282;135,263;108880;3;58,64773;4;0;2
Hardcore Power;Haus of Panda;spotify:track:7MhdEgFZYE31pqOFnOVXIc;0,612;0,901;6;-4,455;0;0,0582;0,0089;0,56;0,0297;0,472;144,99;218483;4;39,75483;9;0;2
Harlem Shake;Baauer;spotify:track:01XFgRZfZI7oBagNf1Loml;0,452;0,794;0;-5,151;1;0,0483;0,0111;0,00182;0,416;0,282;137,825;196664;4;43,71269;9;1;2
Hate Me;Eurielle;spotify:track:4oEL2E7VLBNTqJg8p6YSpn;0,22;0,13;0;-15,086;0;0,0357;0,842;0,00155;0,0987;0,125;135,872;311667;4;43,07957;12;0;2
Haunt Your House;Dan Andriano in the Emergency Room;spotify:track:1QEcl3dTtRLyw68xV4UDRn;0,398;0,956;1;-3,33;0;0,0618;0,00372;0,00321;0,0706;0,574;86,05;236736;4;28,26048;9;0;2
Heart Attack;Trey Songz;spotify:track:25CA8QVJQrh5R05UUCaODM;0,608;0,863;11;-4,87;1;0,131;0,0593;0;0,228;0,476;150,029;233147;4;23,08755;9;1;2
Heart of Courage;Thomas Bergersen;spotify:track:4JtvyWkWQTPVcroZf8JJkp;0,403;0,591;1;-8,126;1;0,0514;0,511;0,896;0,108;0,192;135,047;117395;4;41,91236;6;0;2
Heart of Metal (Remix);Ultimatum;spotify:track:3Fe0QFsMXY0gbeJo4exiNo;0,599;0,945;10;-4,182;0;0,0768;0,00499;1,63E-05;0,096;0,308;95,954;279400;4;30,94316;16;0;2
Heart Patient;The Landers;spotify:track:4mo8yQOzxC0QBXkcVFIByD;0,728;0,674;9;-3,007;1;0,0736;0,0956;0;0,161;0,711;145,981;170342;4;27,00269;8;0;2
Heartbreak Warfare;John Mayer;spotify:track:4gs07VlJST4bdxGbBsXVue;0,624;0,554;2;-8,113;1;0,0225;0,191;0,00131;0,299;0,311;97,031;269720;4;28,10784;10;1;2
Heathens;Boston Manor;spotify:track:189ho2EWK86V7I7X0Ecwma;0,35;0,924;3;-5,776;0;0,0955;0,185;2,12E-05;0,0986;0,185;179,907;226467;4;21,25432;11;0;2
Hello;Karmin;spotify:track:7jO1boY6qwRjeu0EBtvDuu;0,658;0,919;5;-2,455;1;0,171;0,166;0;0,123;0,516;127,916;237547;4;30,15487;10;1;2
Hello;Martin Solveig & Dragonette;spotify:track:3sl4dcqSwxHVnLfqwF2jly;0,666;0,975;3;-3,47;1;0,0345;0,0135;0,000925;0,105;0,452;128,005;191388;4;37,99253;10;1;2
Helluva Life;Frankie Ballard;spotify:track:4mnuiEDq1ADXUTYWJxLo4B;0,564;0,76;6;-5,667;1;0,0277;0,0676;0;0,144;0,528;134,015;231693;4;30,08691;11;1;2
Helluva Night;Ludacris;spotify:track:0flKDWZq11997Fb2ptkQvu;0,736;0,522;2;-8,02;1;0,116;0,0299;0;0,108;0,369;97,547;200387;4;60,21027;10;1;2
Here Comes Santa Claus (Right Down Santa Claus Lane);Gene Autry;spotify:track:25leEEaz1gIpp7o21Fqyjo;0,834;0,372;1;-11,99;1;0,0358;0,799;0;0,275;0,976;96,628;150267;4;50,70058;7;1;2
Here For A Good Time;George Strait;spotify:track:11OFYsUK9EVJsQ6nutH32M;0,596;0,768;6;-6,753;1;0,0369;0,0858;6,23E-06;0,116;0,532;127,93;180267;4;24,11074;9;1;2
Here's To Never Growing Up;Avril Lavigne;spotify:track:0qwcGscxUHGZTgq0zcaqk1;0,482;0,873;0;-3,145;1;0,0853;0,0111;0;0,409;0,737;165,084;214320;4;32,17301;12;1;2
Hey Pretty Girl;Kip Moore;spotify:track:75p6fgACKYIyIhsoG411SZ;0,345;0,375;2;-10,762;1;0,0292;0,158;1,22E-05;0,26;0,0898;83,214;215920;1;52,95019;11;1;2
Hide Away;Daya;spotify:track:0uyZ5ckiIUbFZd3P6RWmrj;0,885;0,801;11;-4,716;0;0,0882;0,225;1,65E-06;0,0733;0,466;95,011;192376;4;26,08942;9;1;2
High By The Beach;Lana Del Rey;spotify:track:7g3htkaLz4ETFn0cifwM3y;0,536;0,486;11;-11,067;0;0,0346;0,244;0,00788;0,12;0,0968;131,988;257573;4;21,30206;9;1;2
Hillbilly Bone;Blake Shelton Featuring Trace Adkins;spotify:track:40T9vgCE3W4Y6QePIkQBEm;0,603;0,946;7;-4,172;1;0,0463;0,0558;6,51E-05;0,114;0,912;144,019;224907;4;32,05529;11;1;2
Hip-Hop - Remix;Joell Ortiz;spotify:track:0ZiMSHgpj5S5ya766KrTRw;0,536;0,857;6;-5,951;0;0,369;0,346;0;0,312;0,836;97,524;192157;4;81,10821;8;0;2
Holiday With HH;No Bros;spotify:track:7LBa0KNFR8IY3g7LOfXqu8;0,166;0,985;7;-2,886;1;0,17;0,00183;0,0142;0,958;0,139;174,725;252787;4;31,23583;11;0;2
Holy Grail;Jay Z Featuring Justin Timberlake;spotify:track:1q9bLSeIlGf2xBvbOkp2Wr;0,675;0,534;2;-6,901;0;0,0831;0,0594;8,59E-06;0,256;0,156;145,08;338413;4;28,17955;13;1;2
Home;Efence;spotify:track:2r5LyjwSPG7PVsXnKQ8iZQ;0,661;0,567;8;-11,64;0;0,0372;0,683;0,904;0,115;0,0396;120,033;196000;4;52,26669;8;0;2
Homegrown;Zac Brown Band;spotify:track:1qwnPVOIJjAFfCc40Etb1D;0,712;0,801;6;-3,742;1;0,029;0,0249;0,000125;0,134;0,956;105,007;205000;4;21,8454;12;1;2
Hooray. It's L.A.;Blindside;spotify:track:3fMQTuh34J7oRsKFp73Tja;0,492;0,922;11;-4;0;0,0402;2,36E-05;0;0,0443;0,54;146,015;197707;4;35,02745;8;0;2
Hopeful Shivering;Apocryphal;spotify:track:3xy2AxrchPiAtx4AHkM5UZ;0,547;0,647;11;-9,015;0;0,0371;0,124;0,00752;0,104;0,182;120,045;392375;4;50,51804;17;0;2
Hot A Di Press;Panda Dub;spotify:track:3KDzxvjk7tspwjLhEEp38O;0,604;0,817;2;-6,808;1;0,375;0,175;0;0,41;0,902;71,251;223880;4;32,86769;11;0;2
Hot Boy;Bobby Shmurda;spotify:track:0rFke7eNFHbGuGJUdRgjB2;0,859;0,5;9;-7,628;1;0,347;0,042;1,60E-05;0,0616;0,186;83,981;194561;4;47,44412;13;1;2
Hot Shower;Chance The Rapper Featuring MadeinTYO & DaBaby;spotify:track:00ko9WaS4jOX1kEk3gvHjf;0,897;0,522;2;-7,578;1;0,374;0,0016;0;0,0554;0,623;149,986;225924;4;22,43194;9;1;2
Hot Tottie;Usher Featuring Jay-Z;spotify:track:1Vot6YSxInL52SGTN0XN9n;0,654;0,866;6;-4,332;0;0,286;0,00155;5,38E-06;0,0928;0,669;87,525;299333;4;22,25047;15;1;2
Hotline Bling;Drake;spotify:track:0wwPcA6wtMf6HUMpIRdeP7;0,891;0,625;2;-7,861;1;0,0558;0,00261;0,000176;0,0504;0,548;134,967;267067;4;69,38968;8;1;2
How Can I Tell You - Live;Charles Lloyd;spotify:track:4ZUlQw3KS7qiBrgJxSyel0;0,385;0,3;3;-12,746;1;0,0363;0,975;0,374;0,769;0,253;90,703;586186;4;38,30842;25;0;2
How Far I'll Go;Auli'i Cravalho;spotify:track:6mb6lVLNrcUgLnEN8QnDJd;0,571;0,307;1;-10,958;0;0,0499;0,649;0;0,178;0,108;83,72;163387;4;44,13681;7;1;2
How to Screw up Your Future and Disappoint Your Loved Ones;Settle Your Scores;spotify:track:5IrhLbdayXhmWrJm6w2u0q;0,524;0,879;1;-4,403;1;0,0972;0,000204;0;0,134;0,61;96,039;251309;4;83,35424;9;0;2
How We Do (Party);Rita Ora;spotify:track:56cQwIA14AQRdyWsu2Abdb;0,739;0,926;7;-3,927;1;0,0725;0,00298;0;0,108;0,718;116,03;247213;4;25,92025;10;1;2
Howl In the Sky;Biscaya;spotify:track:6qci8ivMbW2Be81nfqG5jY;0,334;0,963;9;-7,399;1;0,108;0,000982;0,00678;0,115;0,122;130,387;291867;4;45,24102;10;0;2
Humans Are Such Easy Prey;Perturbator;spotify:track:67dA1a6OCUtLHgq9qdQ216;0,448;0,893;1;-2,568;1;0,0367;0,0002;0,893;0,0706;0,033;120,988;262720;4;28,03375;10;0;2
Hurt You;The Weeknd Featuring Gesaffelstein;spotify:track:6QdnKD1zwEgyOWtkrdzlOF;0,476;0,718;5;-7,227;0;0,149;0,263;0,00261;0,109;0,361;183,932;230027;4;30,03328;9;1;2
i;Kendrick Lamar;spotify:track:7wdzLe2Gsx1RGqbvYZHASz;0,755;0,884;10;-5,296;0;0,0638;0,0208;2,97E-06;0,248;0,897;121,927;231933;4;24,64039;15;1;2
I;Lil Skies;spotify:track:4ZT9FnbFu1PaBfV3itxiqT;0,649;0,453;6;-7,28;1;0,085;0,627;0;0,116;0,431;99,183;181891;4;77,08385;5;1;2
I Am the Beasts of Death;Winterwolf;spotify:track:5c3EXg1Oa7LtSpAfxxhUTG;0,164;0,91;6;-10,353;1;0,0887;8,64E-06;0,914;0,276;0,178;94,964;285808;4;81,95574;8;0;2
I Can Change;LCD Soundsystem;spotify:track:2073QOEC8rBtSyTsRyaWiP;0,644;0,73;1;-6,565;1;0,0287;0,00215;0,00178;0,233;0,695;116,981;352004;4;52,37549;15;0;2
I Do Care;Viktoria Tolstoy;spotify:track:2iTRlacp6sPFS9ZPQivfJC;0,648;0,692;2;-8,565;1;0,0426;0,243;4,44E-06;0,398;0,719;124,952;213013;4;39,90396;10;0;2
I Don't Wanna Live Forever (Fifty Shades Darker);Zayn / Taylor Swift;spotify:track:55n9yjI6qqXh5F2mYvUc2y;0,731;0,445;0;-8,418;1;0,0533;0,0586;1,96E-05;0,14;0,106;117,97;247160;4;65,54703;9;1;2
I Fall Apart;Post Malone;spotify:track:75ZvA4QfFiZvzhj2xkaWAh;0,556;0,538;8;-5,408;0;0,0382;0,0689;0;0,196;0,291;143,95;223347;4;30,75575;11;1;2
I Feel Alive;Ramin Djawadi;spotify:track:2GP6cPGsGLtiy99uJZ5ZL5;0,0707;0,0661;5;-22,432;0;0,0403;0,941;0,979;0,0868;0,0326;76,239;159623;5;48,00945;6;0;2
I Feel Alright (1970) - Mono Single Edit;The Stooges;spotify:track:35dFj2bep4AneEz3Gc5HVa;0,39;0,926;4;-5,857;0;0,0342;0,0242;0,0295;0,432;0,875;112,099;198533;4;30,79811;9;0;2
I Have Dreamed;Christian McBride;spotify:track:4bBIADw4urJPkcx0YOfEIo;0,331;0,0861;5;-21,226;1;0,0354;0,918;0,902;0,106;0,152;107,436;507533;4;24,54809;21;0;2
I Knew You Were Trouble.;Taylor Swift;spotify:track:72jCZdH0Lhg93z6Z4hBjgj;0,622;0,469;3;-6,798;0;0,0363;0,00454;2,25E-06;0,0398;0,679;77,019;217973;4;29,00532;10;1;2
I Like It;Enrique Iglesias Featuring Pitbull;spotify:track:4nVyHATevhl5RC6Qmoko5H;0,646;0,94;10;-2,856;0;0,0838;0,0209;0;0,0691;0,704;129,011;231787;4;48,46913;10;1;2
I Like It Like That;Hot Chelle Rae Featuring New Boyz;spotify:track:6eFahAdQgABBj1XOM99cBG;0,742;0,784;1;-5,458;1;0,0552;0,0308;0;0,354;0,65;101,002;188200;4;22,9217;9;1;2
I Love It;Kanye West & Lil Pump;spotify:track:4S8d14HvHb70ImctNgVzQQ;0,901;0,522;2;-8,304;1;0,33;0,0114;0;0,259;0,329;104,053;127947;4;54,54286;5;1;2
I Love You This Big;Scotty McCreery;spotify:track:3wtKovRRtvu6wbTjeKA26Q;0,521;0,647;9;-6,344;1;0,0295;0,0922;8,21E-05;0,123;0,326;83,963;246120;4;53,51067;7;1;2
I Wanna Die;Harley Poe;spotify:track:1wQDdCFGWzljnTvKdhoNpA;0,345;0,714;0;-5,48;1;0,0566;0,296;0;0,127;0,524;178,522;215079;4;43,9041;11;0;2
I Wanna Get Lost with You (Acoustic 2015) [Bonus Track];Stereophonics;spotify:track:5K0Wk9dmEhxv2fieYNV9ki;0,513;0,568;7;-8,956;0;0,0287;0,564;1,44E-06;0,0998;0,162;120,154;256853;4;49,5851;11;0;2
I Was Jack (You Were Diane);Jake Owen;spotify:track:3dlCF1mzW1UKMOb4b1XN17;0,603;0,866;6;-3,541;1;0,0443;0,0819;0;0,0521;0,543;94,057;187027;4;41,70083;7;1;2
I Will Always Love You (Instrumental Piano);Tim O'Neill;spotify:track:4g1eH1YvVRtwEXgoYQtVxM;0,302;0,0717;4;-18,865;1;0,0607;0,993;0,918;0,0817;0,182;172,716;290920;3;108,22794;15;0;2
I Wish You Would;DJ Khaled Featuring Kanye West & Rick Ross;spotify:track:0n0HybfiBU3YDQNVtWugtm;0,705;0,873;5;-1,311;1;0,0504;0,0497;0;0,342;0,619;141,973;237347;4;26,88303;11;1;2
I Won't Let Go;Rascal Flatts;spotify:track:1T1C9VVQ1lb60WxWZx7KoG;0,557;0,406;4;-7,083;1;0,0278;0,742;0;0,113;0,222;131,96;227760;4;32,97309;10;1;2
I.H.E.;Miss May I;spotify:track:1c5FP1UuxzD4ZSoNoKmNfy;0,353;0,902;1;-3,739;1;0,0879;0,000101;0;0,148;0,118;169,939;227647;4;41,31643;8;0;2
Ice Tray;Quavo & Lil Yachty;spotify:track:3wdfLVUhmX64lIyWIIEW8s;0,89;0,504;8;-5,444;0;0,123;0,023;0;0,123;0,222;129,969;213613;4;45,71645;9;1;2
If I Didn't Have You;Thompson Square;spotify:track:6PQ0WLZnT479J7Q1TGIb3n;0,549;0,805;6;-3,431;1;0,0277;0,0628;5,26E-06;0,343;0,53;147,91;202907;4;27,77833;10;1;2
If It Ain't Love;Jason Derulo;spotify:track:5YHR8wBR5jXfGtP766NiAT;0,503;0,843;10;-4,991;0;0,316;0,0487;0;0,344;0,778;128,63;203105;4;53,45365;8;1;2
I'll Find My Way Back To You;The Cats;spotify:track:6h75uWeUhcaU9jL4WrXXvk;0,672;0,594;9;-7,348;1;0,0312;0,0206;6,40E-06;0,191;0,817;122,374;220147;4;21,09708;13;0;2
I'm Into You;Jennifer Lopez Featuring Lil Wayne;spotify:track:1l9OdG3g9o3TYcU7xI8yWE;0,592;0,747;8;-4,439;0;0,135;0,0181;0;0,0752;0,704;83,929;200133;4;39,12679;9;1;2
I'm not a good person;Pat The Bunny;spotify:track:27wOKBP8KERkFP2sqqHloH;0,636;0,54;9;-6,632;1;0,0284;0,77;9,36E-06;0,343;0,584;132,779;174407;4;35,01817;6;0;2
I'm Not Gonna Miss You;Glen Campbell;spotify:track:6G5NsbGQlLQx4xjZE69Lnt;0,449;0,356;7;-9,373;1;0,0286;0,59;2,83E-06;0,0824;0,177;126,472;177347;4;46,10768;7;1;2
I'm Old Fashioned;Cassandra Wilson;spotify:track:6KIh0xv79hVtnIumlNty4u;0,511;0,397;8;-15,15;1;0,0923;0,0301;0;0,0698;0,521;135,218;183960;4;23,35495;10;0;2
I'm Ready;AJR;spotify:track:2dgFqylK6gyILa4HY65u0y;0,628;0,867;9;-3,555;1;0,0913;0,0108;0;0,308;0,597;78,043;227311;4;51,90759;11;1;2
I'm Yours (Instrumental Version);Matt Carlson;spotify:track:6H5DRQ3dbA2yoq7oHjQ5CU;0,524;0,175;0;-11,789;1;0,0568;0,92;0,858;0,0667;0,668;158,472;177000;4;53,65695;9;0;2
Immortals;Fall Out Boy;spotify:track:3Te8uLyit6X3ncNW8Fp3K2;0,615;0,868;2;-3,606;1;0,07;0,00131;1,54E-06;0,671;0,475;108,017;189387;4;23,19929;9;1;2
In The Dark;Dev;spotify:track:1pbHy9VBpSyZh56xuujZz0;0,736;0,823;8;-4,231;1;0,0675;0,00358;0,000914;0,33;0,442;124,954;226227;4;30,17382;9;1;2
In The End;Anime;spotify:track:47RdxOp686m51Z8QWf5DHp;0,433;0,96;4;-1,991;0;0,113;0,00399;0,0352;0,075;0,078;174,012;201724;4;30,70863;10;0;2
IN THE NAME OF;BABYMETAL;spotify:track:3wgBCEAT15oNbRw8NAr83h;0,487;0,978;9;-4,411;1;0,102;0,000163;0,771;0,149;0,0375;129,994;270626;4;79,27429;9;0;2
In the Trenches;Dying Fetus;spotify:track:36YSMRcddGQIFBuYnvZOMv;0,298;0,946;6;-5,62;0;0,0733;0,00167;0,0628;0,349;0,628;103,329;224480;4;54,13061;8;0;2
Incubations;Roland Mercier;spotify:track:1uO9ZJFzDuwQ2XzmHt5TmN;0,194;0,0388;2;-28,622;0;0,0421;0,987;0,761;0,104;0,0952;83,457;189000;1;25,01347;9;0;2
Infrared;Pusha T;spotify:track:6cpsixIHI63L0hwh3CwZg3;0,674;0,578;10;-8,768;0;0,298;0,0518;0,0055;0,72;0,163;112,265;170240;5;29,04994;5;1;2
Inoculate the Innocuous;The Unicorns;spotify:track:17DkINHP2qVaSWx31M13dh;0,362;0,45;7;-8,204;1;0,0628;0,312;0,332;0,0965;0,162;83,441;318227;4;44,88507;14;0;2
Inside Out;Spoon;spotify:track:7qCZgvV98j6RjUULW1s1it;0,621;0,62;0;-4,721;1;0,0293;0,459;0,162;0,0771;0,515;176,016;301960;4;27,54915;15;0;2
Instrumental Music for Dogs;Sleepy Dogs;spotify:track:4npQ1Y3UgJYrFw0ZtdZ5nX;0,286;0,00486;3;-28,462;1;0,0381;0,994;0,839;0,0965;0,0323;72,179;52013;4;15,26394;3;0;2
Into The Unknown;Idina Menzel & AURORA;spotify:track:3Z0oQ8r78OUaHvGPiDBR3W;0,323;0,405;10;-8,533;0;0,0413;0,849;0,000544;0,138;0,274;145,104;194848;5;37,63138;9;1;2
Is Anybody Out There?;K'Naan Featuring Nelly Furtado;spotify:track:4hgOvDJXYPCqEpEKznz9YX;0,641;0,87;0;-3,953;1;0,175;0,0248;0;0,291;0,42;95,019;238747;4;42,6456;10;1;2
Island of the Honest Man;Hot Hot Heat;spotify:track:1hVPxNsx6lVb0YordwO7gU;0,353;0,914;4;-2,105;1;0,0745;0,00177;0,342;0,204;0,449;146,397;182133;4;53,5463;9;0;2
Issues;Julia Michaels;spotify:track:7vu0JkJh0ldukEYbTVcqd0;0,728;0,415;8;-6,852;1;0,0639;0,401;0;0,0616;0,455;114,145;176320;4;28,36717;11;1;2
It All Comes Out In The Wash;Miranda Lambert;spotify:track:41FLEFSeRCv19OBn0vLiaH;0,602;0,73;0;-4,925;1;0,0314;0,00106;0,000115;0,095;0,923;164,027;214787;4;33,71075;12;1;2
It's a Small World - Instrumental;Fred Mollin;spotify:track:3wI9eq7AaOYGnaO3kKoA8o;0,666;0,434;5;-12,283;1;0,0691;0,987;0,949;0,0821;0,947;100,036;84962;4;44,08211;4;0;2
It's Been A Long. Long Time;Jackie Gleason;spotify:track:5Wj7TGu1qO4W5KpmNA0HcP;0,267;0,074;7;-20,313;1;0,0356;0,914;0,9;0,209;0,149;137,732;212173;4;61,56717;12;0;2
It's Only Rock & Roll (But I Like It);Clinic;spotify:track:6JmcMcZUhRdINwqtn4if7q;0,579;0,571;2;-9,435;1;0,169;0,735;0,931;0,131;0,603;186,698;186703;4;18,35623;11;0;2
It's Only Smiles;Periphery;spotify:track:1dEkedqKwGjnCCMz1B5x86;0,187;0,933;3;-5,889;1;0,125;0,00104;3,73E-05;0,158;0,353;84,92;333000;4;35,9782;8;0;2
It's Time;Imagine Dragons;spotify:track:2POOvCjR09X41UNUWm12dT;0,751;0,825;7;-2,862;1;0,0362;0,0689;0,00259;0,25;0,575;117,019;187244;4;32,63919;10;1;2
Jewel;Flume;spotify:track:7cPO2IPraPDlGIguekShlV;0,464;0,496;0;-6,688;1;0,0447;0,163;0,000501;0,783;0,0803;113,317;193732;4;51,63625;9;0;2
Jingle Bell Rock;Bobby Helms;spotify:track:3hBXvHLlTHvnbwrPbeoyAj;0,754;0,424;2;-8,463;1;0,0363;0,643;0;0,0652;0,806;119,705;130973;4;38,40391;7;1;2
John;Lil Wayne Featuring Rick Ross;spotify:track:7HaggpJGAfEgH8wyMLOIPl;0,589;0,821;11;-4,473;1;0,111;0,0143;0;0,112;0,424;77,472;286973;4;38,93574;12;1;2
Jorja Interlude;Drake;spotify:track:13e6f8t7RKXuxZ0JdaaJRG;0,735;0,373;11;-10,478;1;0,104;0,762;0,00202;0,288;0,237;123,081;107673;4;63,41151;4;1;2
Juicy;Doja Cat & Tyga;spotify:track:7qvsl2pYzrsYgPeFBN5jxp;0,786;0,658;0;-2,61;1;0,0661;0,0856;0;0,0689;0,458;170,037;202333;4;31,85313;11;1;2
Juju On That Beat (TZ Anthem);Zay Hilfigerrr & Zayion McCall;spotify:track:1lItf5ZXJc1by9SbPeljFd;0,807;0,887;1;-3,892;1;0,275;0,00381;0;0,391;0,78;160,517;144244;4;24,99199;8;1;2
Julep;Punch Brothers;spotify:track:5a4ZTEMp6wULHTEzJclKxt;0,675;0,219;11;-13,546;0;0,0311;0,897;0,103;0,0979;0,313;105,921;326493;4;47,23998;15;0;2
Jump Right In;Zac Brown Band;spotify:track:6yIMatK8OCXC3GuIlwHxuM;0,697;0,82;1;-5,108;1;0,0575;0,0888;0;0,143;0,655;104,022;180813;4;45,04236;7;1;2
Jumpsuit;twenty one pilots;spotify:track:1E1uGhNdBe6Dddbgs2KqtZ;0,62;0,61;11;-8,329;0;0,0373;0,00849;0,162;0,205;0,235;127,052;238560;4;99,29365;10;1;2
Just Make da Money;Shatta Wale;spotify:track:50EjDc7Fa90x8QVK8eK7z9;0,804;0,822;6;-3,84;0;0,335;0,0239;0;0,0257;0,706;88,038;208814;4;44,53196;8;0;2
Just Us;DJ Khaled Featuring SZA;spotify:track:0BnTBAGmr9FtYwkZrwKhwS;0,639;0,859;9;-2,758;0;0,147;0,135;0;0,129;0,566;93,132;221379;4;52,68865;9;1;2
Juxtapozed with U;Super Furry Animals;spotify:track:7LkicEgjBDtF7AjiYhdQMM;0,526;0,823;6;-6,661;0;0,0483;0,105;1,10E-05;0,0726;0,921;82,862;191373;4;46,31503;6;0;2
Keep Them Kisses Comin';Craig Campbell;spotify:track:1ugf7FcFQ0s95CTB0btuzz;0,704;0,767;6;-5,708;1;0,0398;0,0524;0,000469;0,361;0,889;120,035;159827;4;23,67458;8;1;2
Kenke Corner;Guts;spotify:track:7DSe9aWkpnbDQTTRikkpYp;0,823;0,648;1;-10,107;0;0,045;0,0403;0,767;0,174;0,962;124,015;386893;4;27,1154;18;0;2
Kevin's Heart;J. Cole;spotify:track:6tZ3b7ik1QDXFAZlXib0YZ;0,829;0,527;6;-6,644;0;0,367;0,482;0;0,631;0,473;116,078;200310;4;33,94862;10;1;2
Kill A Word;Eric Church Featuring Rhiannon Giddens;spotify:track:0ipcmHor30Y8p6hCd8QUVq;0,651;0,732;2;-8,037;1;0,0381;0,0164;1,58E-06;0,0925;0,638;85,023;199213;4;41,0046;6;1;2
Killin Dem;Zlatan;spotify:track:4cxyQw1AKCVqa9JVSN7njk;0,876;0,808;3;-5,382;0;0,176;0,107;0,00447;0,121;0,745;112,923;220885;4;29,4718;11;0;2
Kiss You In The Morning;Michael Ray;spotify:track:6jRcSR1kOPWJYisvkFfjUV;0,557;0,909;11;-3,405;1;0,0423;0,00769;0;0,317;0,857;152,13;181400;4;31,7842;8;1;2
Know Yourself;Drake;spotify:track:5InOp6q2vvx0fShv3bzFLZ;0,733;0,412;11;-8,687;0;0,225;0,196;0;0,342;0,179;114,413;275840;4;46,90366;9;1;2
Krippy Kush;Farruko, Nicki Minaj, Bad Bunny, 21 Savage & Rvssian;spotify:track:7FfpP3YZ6fOWMdxkIAtud9;0,708;0,56;9;-7,132;1;0,129;0,0668;0;0,111;0,411;163,043;230520;4;86,28227;9;1;2
Kush;Dr. Dre Featuring Snoop Dogg & Akon;spotify:track:1U8Ho1nOzKXYDvfigOuHG4;0,444;0,866;7;-6,217;1;0,111;0,000622;4,72E-05;0,105;0,375;94,968;235120;4;87,81487;7;1;2
L$D;A$AP Rocky;spotify:track:4S7YHmlWwfwArgd8LfSPud;0,598;0,252;2;-15,086;1;0,0647;0,193;0,138;0,0992;0,0352;120,06;238307;4;34,37839;10;1;2
La crucifixion;Mon Cote Punk;spotify:track:0ubaO435fw3KoNHDQvUbCJ;0,587;0,603;2;-8,381;1;0,452;0,617;0;0,0974;0,675;141,854;274573;4;22,38701;13;0;2
Lavender Blue (Dilly Dilly) - Instrumental;Fred Mollin;spotify:track:41xfXGP8qwohCKMIv61DmF;0,68;0,331;0;-12,275;1;0,0596;0,985;0,855;0,0951;0,674;92,029;91213;4;42,68255;4;0;2
Lay Me Down;Sam Smith;spotify:track:64GRDrL1efgXclrhVCeuA0;0,468;0,19;4;-11,138;1;0,0373;0,919;0;0,107;0,326;125,319;219536;4;35,65947;11;1;2
Leaving Earth;Clint Mansell;spotify:track:1ZUwoCWz8rJqzBTwtdscPN;0,276;0,289;4;-14,322;0;0,0339;0,662;0,982;0,0963;0,0805;39,369;123720;4;0;2;0;2
Leaving Here;Echoing Angels;spotify:track:0CZf2rmN6sxRAPcwlWHvXq;0,503;0,842;4;-3,827;1;0,0408;0,0101;0;0,607;0,475;106,949;266016;4;37,06359;12;0;2
Lego House;Ed Sheeran;spotify:track:5ubHAQtKuFfiG4FXfLP804;0,592;0,637;11;-8,48;1;0,0992;0,562;0;0,13;0,565;159,701;185093;4;21,22474;9;1;2
Let Her Go;Passenger;spotify:track:0JmiBCpWc1IAc0et7Xm7FL;0,479;0,545;7;-7,346;1;0,0688;0,365;0;0,0963;0,244;74,897;252733;4;53,79626;8;1;2
Let Me See Ya Girl;Cole Swindell;spotify:track:3y1t2sEahs8idFz2tiYNPO;0,523;0,834;6;-3,561;1;0,0281;0,254;0;0,393;0,445;92,99;187587;4;23,34238;10;1;2
Let Me Take You There (feat. Laura White) - Max Styler Chill Dub;Max Styler;spotify:track:60STZlsjPjvFNrHdRMNL0n;0,689;0,716;6;-7,399;1;0,0483;0,232;0,103;0,223;0,24;118,025;228814;4;18,30822;11;0;2
Let There Be Cowgirls;Chris Cagle;spotify:track:5XsFHtfZJ8yHRWvKK4uQWO;0,537;0,788;11;-5,557;1;0,0362;0,0892;1,27E-06;0,164;0,727;161,991;273480;4;37,31114;11;1;2
Let Us Fly;Love Sees No Color;spotify:track:42E1xWvGTnarGGmd8iaCfB;0,487;0,915;7;-5,413;1;0,0331;0,000278;1,40E-05;0,372;0,548;93,966;206005;4;21,52767;10;0;2
Let Us Fly;Love Sees No Color;spotify:track:4rXDsT3QDtYoII35l5hqAT;0,487;0,915;7;-5,413;1;0,0331;0,000278;1,40E-05;0,372;0,548;93,966;206005;4;21,52767;10;0;2
Let's Fall In Love;Diana Krall;spotify:track:4JxZM3VMOyMWZ6hfP0EGek;0,616;0,198;5;-15,542;0;0,0435;0,911;0,00216;0,116;0,377;125,117;258867;4;40,59521;11;0;2
Lettin' The Night Roll;Justin Moore;spotify:track:33LSgUa20mKNgeut1XwP2E;0,542;0,859;2;-5,137;1;0,0424;0,0873;0;0,145;0,637;140,9;203120;4;145,01526;4;1;2
Letting Go (Dutty Love);Sean Kingston Featuring Nicki Minaj;spotify:track:0wDbYIl4fN2mccHczCJqEf;0,792;0,808;5;-4,156;1;0,0963;0,335;0;0,269;0,709;92,064;230600;4;45,78457;10;1;2
Life Changes;Thomas Rhett;spotify:track:4Vxu50qVrQcycjRyJQaZLC;0,687;0,845;7;-4,37;1;0,0576;0,1;0;0,0452;0,809;87,972;190227;4;32,98145;8;1;2
Like I'm Gonna Lose You;Meghan Trainor Featuring John Legend;spotify:track:2YlZnw2ikdb837oKMKjBkW;0,63;0,53;0;-7,259;1;0,0434;0,4;0;0,177;0,417;108,038;225053;3;71,7475;9;1;2
Listen;Glee Cast;spotify:track:68GZZPYc0IYcOWgKPnc63S;0,517;0,644;11;-5,366;1;0,0491;0,174;0;0,111;0,195;122,694;219253;4;44,41352;11;1;2
Little Toy Guns;Carrie Underwood;spotify:track:4lnnde7PnrXR3pUzQKBe6X;0,434;0,868;7;-1,208;1;0,0603;0,00407;1,98E-06;0,0919;0,204;161,886;210760;4;18,78005;11;1;2
Little White Church;Little Big Town;spotify:track:0f73zOCdBx6ZPdiBjwN1AP;0,667;0,878;10;-4,797;1;0,0445;0,13;0;0,16;0,816;107,024;186224;4;31,02677;8;1;2
Liv Tonight;Nelly Featuring Keri Hilson;spotify:track:2BuJG2fuvyTOMRyNHo0P17;0,591;0,91;8;-4,593;1;0,0882;0,00492;0;0,0525;0,655;135,024;271053;4;42,75408;14;1;2
Living;Dierks Bentley;spotify:track:54K7AZoGpQklpygKrxZlKN;0,517;0,813;1;-6,325;1;0,0558;0,0153;0;0,106;0,444;83,005;222147;4;23,18127;9;1;2
Lizard - Claxixx Mix;Mauro Picotto;spotify:track:5y3RCEHsystHsdaN6DiFnt;0,745;0,86;9;-10,044;0;0,0531;0,00817;0,841;0,112;0,082;134,301;164541;4;26,81548;6;0;2
Loca;Shakira Featuring Dizzee Rascal;spotify:track:42k1KeBehAd83lrGt1okiC;0,8;0,692;9;-5,57;0;0,0614;0,342;1,92E-06;0,0554;0,917;112,002;183693;4;26,45875;11;1;2
Locked Out Of Heaven;Bruno Mars;spotify:track:3w3y8KPTfNeOKPiqUTakBh;0,726;0,698;5;-4,165;1;0,0431;0,049;0;0,309;0,867;143,994;233478;4;56,42777;10;1;2
Lockjaw;French Montana Featuring Kodak Black;spotify:track:7iaw359G2XT14uTfV9feip;0,615;0,648;5;-3,792;0;0,22;0,0411;0;0,277;0,26;169,912;223147;4;59,76709;9;1;2
Lois Lane;Joey Trap;spotify:track:5TGOcmBCSwc46D6MqONQT6;0,848;0,595;0;-6,538;1;0,251;0,0554;2,64E-06;0,11;0,473;140,002;236640;4;57,05352;13;0;2
Lola Montez;Volbeat;spotify:track:4NiIVDc0o0bmRiKrcFAggO;0,513;0,875;2;-4,819;1;0,0336;0,000139;3,28E-05;0,0715;0,677;151,986;267680;4;23,92554;9;0;2
Lone Town - VIP Mix;Blunt Instrument;spotify:track:6YSoAgffX9S3knLSpIo60n;0,714;0,948;7;-6,455;1;0,0682;0,000838;0,837;0,524;0,559;99,979;249598;4;39,61257;11;0;2
Lonely Child;YoungBoy Never Broke Again;spotify:track:6xqZi5JTTk6XIMLvy7w5JJ;0,584;0,688;6;-4,427;0;0,431;0,294;0;0,097;0,628;94,971;217659;5;26,69141;9;1;2
Lonesome Broken And Blue;Adam Wakefield;spotify:track:1mx5Q2cmOzUUjEURXbJNOB;0,425;0,543;4;-5,179;1;0,0284;0,61;0,00201;0,313;0,316;136,538;232853;4;29,90933;9;1;2
Lookin' For That Girl;Tim McGraw;spotify:track:4tK5L8FD5Gl1dSwhzXuU6K;0,494;0,843;6;-4,454;1;0,0342;0,00611;1,21E-05;0,0995;0,398;153,963;261347;4;27,93913;11;1;2
Lord of All Unclean Spirits;Ondskapt;spotify:track:74mFdk0YOXXY0vEAkL38JG;0,18;0,988;5;-2,542;0;0,0829;0,000153;0,852;0,377;0,0372;115,807;304867;4;17,80553;14;0;2
Lost In Japan;Shawn Mendes X Zedd;spotify:track:79esEXlqqmq0GPz0xQSZTV;0,713;0,738;10;-6,784;1;0,374;0,255;0;0,106;0,425;105,027;201200;4;58,92077;7;1;2
Lost In The Static;After The Burial;spotify:track:5QLH7zAdcAJLgR25gtvtoK;0,602;0,955;6;-4,888;1;0,154;0,000989;0,0133;0,207;0,193;126,009;273194;4;29,57843;10;0;2
Love Don't Run;Steve Holy;spotify:track:1dXUWskP4zy7Inqpfy5hf6;0,512;0,532;0;-3,28;1;0,0301;0,475;0;0,0993;0,256;147,473;219267;4;33,96792;9;1;2
Love in the Cemetery;Lord Kitchener;spotify:track:35lw3Neh7Tdb6cOM8bxbHa;0,551;0,618;7;-11,204;1;0,0698;0,797;0;0,126;0,963;99,088;209853;4;86,57835;10;0;2
Love Me;Lil Wayne Featuring Drake & Future;spotify:track:7tGlzXJv6GD5e5qlu5YmDg;0,674;0,608;8;-6,628;0;0,0334;0,0119;0;0,103;0,464;124,952;253440;4;56,10088;12;1;2
Love Me Harder;Ariana Grande & The Weeknd;spotify:track:6Q4JJnjX00q8O10OliHhjS;0,448;0,71;1;-5,095;0;0,0578;0,196;0;0,638;0,273;104,024;83785;4;28,8336;4;1;2
Love Me Like Rock and Roll;Katie Noel;spotify:track:4zO7Nn26sIhg7pClNwQSwx;0,505;0,61;11;-7,019;1;0,0446;0,00663;1,99E-06;0,104;0,273;147,896;163749;4;19,49234;7;0;2
Love Runs Out;OneRepublic;spotify:track:5BJSZocnCeSNeYMj3iVqM7;0,719;0,935;7;-3,752;1;0,0589;0,167;0;0,0973;0,738;120,022;224227;4;40,34864;11;1;2
Love Someone;Lukas Graham;spotify:track:2JqnpexlO9dmvjUMCaLCLJ;0,55;0,415;9;-6,557;0;0,052;0,161;0;0,108;0,274;172,065;205463;4;44,89147;9;1;2
Love The Way You Lie;Eminem Featuring Rihanna;spotify:track:15JINEqzVMv3SvJTAXAKED;0,749;0,925;10;-5,034;1;0,227;0,241;0;0,52;0,641;86,989;263373;4;100,10832;6;1;2
Love You Like That;Canaan Smith;spotify:track:2QVzUws1l5mzZ4v46tGHrC;0,559;0,766;11;-5,056;1;0,0295;0,0107;6,98E-05;0,194;0,723;145,26;203053;4;29,46957;7;1;2
Love Yourself;Justin Bieber;spotify:track:5SlE0MZyLHZwUMvGROYJRl;0,803;0,367;4;-10,091;1;0,317;0,851;0;0,255;0,539;100,171;234933;4;23,7485;12;1;2
Loved;Fresh Life Worship;spotify:track:5tfBKFnL5bhyOqKNeHoQc9;0,46;0,256;5;-9,276;1;0,0393;0,715;0;0,353;0,288;152,985;194227;4;25,96778;9;0;2
LoveHate Thing;Wale Featuring Sam Dew;spotify:track:6kx16R0LMAyoXDvGqddZFy;0,736;0,691;8;-6,118;1;0,169;0,0771;0;0,0422;0,18;99,954;267400;4;20,44832;14;1;2
Lucid Dreams;Juice WRLD;spotify:track:285pBltuF7vW8TeWk8hdRR;0,511;0,566;6;-7,23;0;0,2;0,349;0;0,34;0,218;83,903;239836;4;70,23318;10;1;2
Ma Lo;Tiwa Savage;spotify:track:6U9jxxdQ6TNzjshIpwWMTf;0,788;0,721;11;-4,577;1;0,152;0,424;2,86E-06;0,0897;0,653;105,23;182857;4;48,87935;9;0;2
Maimed to Beg;Cerebral Fix;spotify:track:3Cug9f7ntU6bAYDa84vsaX;0,168;0,853;4;-10,384;1;0,0562;6,03E-06;0,374;0,376;0,564;81,607;179400;4;60,50276;5;0;2
Make It Sweet;Old Dominion;spotify:track:23vpjrt7G0ERE2L95dyxdI;0,424;0,837;7;-4,453;1;0,0472;0,0373;0;0,0665;0,555;180,166;187000;4;34,04844;13;1;2
Make Love;Gucci Mane & Nicki Minaj;spotify:track:2jIT1TfSIjVik7Qu1B6P5h;0,972;0,563;11;-6,983;1;0,156;0,00528;0,00257;0,111;0,217;129,984;300160;4;76,75199;10;1;2
Make Me (Cry);Noah Cyrus Featuring Labrinth;spotify:track:2BrzlUj1u1CtvaJDGIKpsP;0,588;0,471;0;-7,287;1;0,0577;0,592;0,00146;0,0733;0,209;152,881;242081;4;35,4352;13;1;2
Make Me Move;Culture Code;spotify:track:4DHRbvvQyC3mBa3Y0JNl4n;0,541;0,65;8;-4,665;0;0,0414;0,211;0,000128;0,1;0,356;95,019;197053;4;47,69852;7;0;2
Make Me Proud;Drake Featuring Nicki Minaj;spotify:track:7yfg0Eer6UZZt5tZ1XdsWz;0,684;0,486;1;-10,155;1;0,132;0,00268;0,000148;0,157;0,355;131,913;219893;4;57,42572;10;1;2
Malibu;Miley Cyrus;spotify:track:1UZOjK1BwmwWU14Erba9CZ;0,573;0,781;8;-6,406;1;0,0555;0,0767;2,64E-05;0,0813;0,343;139,934;231907;4;49,39555;13;1;2
Mama's Song;Carrie Underwood;spotify:track:0m8Ta268d1kBBG7lxMyWqa;0,341;0,659;2;-5,419;1;0,0357;0,442;0;0,096;0,269;79,987;240240;4;25,29826;14;1;2
Marry Poppin;Joey Trap;spotify:track:4Efj3xq7pQkq2o77vBSru3;0,894;0,559;0;-9,577;1;0,366;0,0347;0;0,0936;0,331;81,991;82200;4;11,77365;3;0;2
Martians Vs Goblins;Game Featuring Lil Wayne & Tyler, The Creator;spotify:track:1UIcqXAA24eg76EFWViwr5;0,476;0,81;4;-3,414;0;0,265;0,0803;0;0,568;0,642;83,309;228827;4;46,05079;11;1;2
Mask Off;Future;spotify:track:0VgkVdmE4gld66l8iyGjgx;0,833;0,434;2;-8,795;1;0,431;0,0102;0,0219;0,165;0,281;150,062;204600;4;37,63526;10;1;2
Maximize;Amaranthe;spotify:track:2nBSGsHuADGZkXYTBFkxAV;0,508;0,974;7;-5,632;1;0,0742;5,82E-05;2,01E-05;0,0626;0,411;134,91;190107;4;39,49476;10;0;2
Maze of Martyr (Official Dominator 2017 anthem) - Radio Edit;Dj Mad Dog;spotify:track:1hW21b9IQeETvRqMwnn2F7;0,32;0,99;1;-2,454;1;0,344;0,00902;0,00032;0,107;0,0424;178,107;232541;4;41,48721;14;0;2
Mc Koringa -Trilha Sonora - Remixed - DJ Wagner Santos;MC Koringa;spotify:track:6mNcDVRg9HhPANdH0za5wV;0,81;0,688;11;-7,57;0;0,0716;0,233;7,11E-05;0,111;0,96;131,991;249591;4;27,38447;11;0;2
Me And My Broken Heart;Rixton;spotify:track:1oew3nFNY3vMacJAsvry0S;0,545;0,783;5;-4,261;0;0,0345;0,00489;0;0,132;0,551;174,084;193733;4;24,53279;8;1;2
Meathead;Story Of The Year;spotify:track:2m9xNQgsLhuxuvFNww3ebA;0,41;0,977;5;-4,128;0;0,116;0,000269;6,16E-05;0,0867;0,532;104,943;145387;4;61,30793;5;0;2
Medicine Man;The Hush Sound;spotify:track:30QuaYDgh2kWsM0Xt2ZaRd;0,672;0,643;2;-5,617;1;0,0285;0,00647;0,000203;0,0765;0,525;95,018;201240;4;16,25562;8;0;2
Méditation grisâtre;Nocturnal Depression;spotify:track:3oDxsK0LIul2NCoa9zslXl;0,246;0,683;7;-4,458;0;0,0469;0,000211;0,488;0,085;0,126;128,035;455837;4;67,41279;14;0;2
Meet Billy - Live;Genetic Control;spotify:track:5P8aqn5Nd9yksSTCrI7ext;0,28;0,9;3;-8,375;0;0,0554;0,000106;1,07E-06;0,474;0,49;95,092;259520;4;27,86171;12;0;2
Meet Me Halfway;The Black Eyed Peas;spotify:track:0xfpx7AiwgSKEtjotea2L6;0,798;0,629;11;-6,857;0;0,0735;0,00474;2,17E-05;0,324;0,4;130;284373;4;30,48537;14;1;2
MEGATRON;Nicki Minaj;spotify:track:1ZDmxwg7Lywlx68b7SsJjj;0,893;0,641;1;-3,051;1;0,272;0,128;8,06E-05;0,086;0,771;94,017;190747;4;33,06955;11;1;2
Memories;David Guetta Featuring Kid Cudi;spotify:track:4dTaAiV9xFFCxnPur9c9yL;0,544;0,87;8;-6,103;1;0,26;0,0015;2,80E-06;0,246;0,502;129,984;210093;4;30,47888;8;1;2
Memories Back Then;Hustle Gang Featuring T.I., B.o.B, Kendrick Lamar & Kris Stephens;spotify:track:0A2lJqfi04TKDTJYoKBxa9;0,796;0,504;2;-10,989;0;0,0524;0,115;0;0,136;0,221;130,01;304320;4;45,60194;20;1;2
Merry Christmas. Baby;Joe Bonamassa;spotify:track:4kk62PnXUDSk5ma7OMX4Au;0,318;0,621;2;-7,84;1;0,0332;0,14;0,012;0,481;0,386;171,338;288348;3;53,75245;18;0;2
Metal Dome;Emerald Sun;spotify:track:5ove7bNA69vBijWzw9Qs5K;0,49;0,879;4;-2,298;1;0,0464;0,00454;0;0,324;0,34;77,003;352079;4;35,42695;11;0;2
Metal Drums (Regis remix);Black Asteroid;spotify:track:5lKanl4BUzp8aPeupaVrYY;0,737;0,946;4;-10,518;0;0,0484;0,00121;0,803;0,872;0,0382;129,995;243844;4;33,25455;10;0;2
Metal Gods - Live from Battle Cry;Judas Priest;spotify:track:5K7htogsrZexso8RB1z0U7;0,378;0,891;10;-4,735;1;0,0428;1,03E-05;0,0136;0,777;0,14;96,105;253867;4;48,45906;11;0;2
Metal Health (Bang Your Head);The Neptune Power Federation;spotify:track:1vdde6Yd0nxp1Uie5ooLhs;0,557;0,726;2;-5,387;1;0,0499;0,0171;0,00115;0,12;0,404;120,261;309076;4;57,97785;13;0;2
Metal Is for Everyone;Freedom Call;spotify:track:5qKymwS7ymNUCRimGhiQkm;0,35;0,967;11;-3,388;1;0,1;0,000153;0,117;0,258;0,461;153,656;292147;4;25,50615;9;0;2
Metal Opus 1 C#m;Golden Resurrection;spotify:track:6W3Xaav5fVlsYACoB9HzV5;0,158;0,872;9;-7,15;1;0,05;8,10E-05;0,942;0,132;0,5;159,915;261733;4;39,22244;12;0;2
Metal Tribes;Panzerchrist;spotify:track:0fI8yFkugOJAui29uYh41I;0,198;0,952;2;-4,39;1;0,132;0;0,816;0,057;0,126;103,453;298133;3;28,66693;14;0;2
Metal Works - Original Mix;PØLI;spotify:track:6YjvYK5C9gEdutoisZc7Io;0,62;0,971;1;-4,819;1;0,0616;0,000644;0,78;0,177;0,483;134,988;355556;5;86,22886;13;0;2
Mi Último Deseo;Banda Los Recoditos;spotify:track:01ksPzu3Bw8Lsf9o6xIk8C;0,844;0,639;11;-4,461;0;0,0437;0,62;0;0,46;0,974;121,033;163560;3;54,26862;8;0;2
Midnight Blues;Joe Bonamassa;spotify:track:42eYrx1d5RFbEULbwZo7w2;0,214;0,475;0;-6,623;0;0,0387;0,361;0,111;0,849;0,383;74,127;469760;4;41,77962;22;0;2
Mind Over Matter;The Rival Mob;spotify:track:2vJkE4gsIjrhUZ58WcxDXg;0,137;0,879;2;-7,838;1;0,0421;7,00E-06;0,85;0,134;0,576;181,288;116520;4;26,86475;8;0;2
Mine;Bazzi;spotify:track:7uzmGiiJyRfuViKKK3lVmR;0,71;0,789;4;-3,874;1;0,0722;0,0161;2,77E-06;0,451;0,717;142,929;131064;4;38,66391;7;1;2
Minimal Steps;Floating Lights;spotify:track:4e0tEyJzuJ0ZnsaQMLKv9x;0,507;0,089;0;-22,759;1;0,0296;0,933;0,887;0,0829;0,0509;98,031;330710;4;33,67381;14;0;2
Miss Me More;Kelsea Ballerini;spotify:track:5NfJGBAL9mgFPRQxKJmiX2;0,643;0,72;2;-7,146;1;0,0527;0,014;0;0,0834;0,491;96,028;192840;4;50,24639;10;1;2
Mistletoe;Justin Bieber;spotify:track:7xapw9Oy21WpfEcib2ErSA;0,658;0,56;6;-9,049;0;0,0467;0,498;0;0,0794;0,854;161,994;182947;4;42,14998;10;1;2
Mixed Personalities;YNW Melly Featuring Kanye West;spotify:track:6vWEAOUSxohKxhp0K1BsxL;0,661;0,44;2;-9,104;1;0,0803;0,457;0;0,128;0,352;149,937;230400;4;26,87027;17;1;2
Molly;Tyga Featuring Cedric Gervais, Wiz Khalifa & Mally Mall;spotify:track:3fT9dyFnGSiXYfNOLZi3Ew;0,831;0,783;5;-6,719;1;0,0527;0,079;1,27E-06;0,35;0,771;140,046;218440;4;24,4684;11;1;2
Moment;Def Cut;spotify:track:7IQuILCYqzNDpRKAZkHoPt;0,727;0,419;8;-11,652;1;0,074;0,00634;0,815;0,193;0,323;89,997;202667;4;78,65894;5;0;2
Money;Leonardo Da Vinyl;spotify:track:0JmN63trKkriJWaor4r9nk;0,649;0,652;8;-13,641;1;0,0382;0,00145;0,548;0,0574;0,471;108,002;331676;4;58,93916;13;0;2
Money To Blow;Birdman Featuring Lil Wayne & Drake;spotify:track:4gaz3uvhKgO078XcdzyPsl;0,708;0,578;6;-8,686;1;0,0631;0,0095;0;0,353;0,696;133,03;258587;4;28,54212;12;1;2
Moon;Kid Francescoli;spotify:track:0Nc1rZEB2tZLgpxw5nkpEu;0,663;0,658;2;-10,001;1;0,0345;0,295;0,867;0,102;0,0532;117,986;390639;4;48,29727;16;0;2
Moonbeam;Jens Buchert;spotify:track:5wY6Vg1yQYqc2iezA5TNeh;0,694;0,7;2;-6,374;1;0,0329;0,0211;0,845;0,0802;0,532;99,986;309947;4;58,82551;11;0;2
Moorni;Panjabi MC;spotify:track:6AGXnSDmGrJ78K9NHN8AT1;0,669;0,877;11;-3,336;0;0,163;0,242;2,22E-05;0,0911;0,921;90,392;264627;4;21,95498;14;0;2
Morattu Single;Hiphop Tamizha;spotify:track:6M8B0tsblkkeJKtyI9NQhR;0,595;0,952;2;-2,842;1;0,16;0,557;0;0,366;0,77;160,003;186711;4;22,31986;10;0;2
More Than Meets the Eye - Live @ Paramount Theatre. Huntington. New York;Testament;spotify:track:0VnrfMjfBnghGTtWjfdZKT;0,109;0,958;11;-7,252;1;0,0884;4,37E-06;0,101;0,823;0,0661;166,506;265107;4;25,13171;12;0;2
Motiv8;J. Cole;spotify:track:1AT4xjNarTswd0UZ5FlmKF;0,869;0,385;4;-7,801;1;0,297;0,135;0;0,0931;0,596;149,897;133922;4;22,84222;10;1;2
Move That Doh;Future Featuring Pharrell, Pusha T & Casino;spotify:track:5Sn6Sn0L2bD9ihdz5pbUed;0,876;0,63;2;-4,992;1;0,135;0,0841;0;0,0838;0,316;131,033;340413;4;75,24163;10;1;2
Mr. Local - Theme;Hiphop Tamizha;spotify:track:5rtfhunJVqltpiJVevz8xn;0,652;0,93;10;-3,974;0;0,0616;0,0213;0;0,382;0,602;87,997;150074;4;33,90443;6;0;2
Mr. Misunderstood;Eric Church;spotify:track:79dlQxvdsCDApoM8XChkpy;0,385;0,808;7;-6,67;1;0,045;0,0629;0;0,33;0,546;129,22;319240;4;32,15759;8;1;2
Mr. Saxobeat;Alexandra Stan;spotify:track:2ZAx6NDhX2yE5aL5ueEQgY;0,72;0,925;4;-4,165;0;0,0511;0,0276;0,000238;0,14;0,781;127,004;195105;4;25,1385;9;1;2
Mr. Soul;Buffalo Springfield;spotify:track:4AUx6UCzD1gEsWLAApJQ2t;0,671;0,551;9;-12,996;1;0,0331;0,0951;9,17E-05;0,0438;0,962;134,788;171533;4;37,70989;7;0;2
Mrs. Right;Mindless Behavior Featuring Diggy;spotify:track:4N4CHJqFZHyB7SBUuSFu1y;0,439;0,753;0;-4,799;0;0,0932;0,057;0;0,1;0,538;95,339;248187;5;36,11803;12;1;2
Music To My Ears (feat. Tory Lanez);Keys N Krates;spotify:track:0cjfLhk8WJ3etPTCseKXtk;0,502;0,648;0;-5,698;0;0,0527;0,00513;0;0,204;0,291;91,837;193043;4;29,52521;7;0;2
My Chick Bad;Ludacris Featuring Nicki Minaj;spotify:track:3bMNprrp2JDKZsGbiXpsJl;0,624;0,723;1;-6,782;1;0,378;0,172;0;0,483;0,757;84,789;216933;4;22,16186;9;1;2
My Frenz In';Shatta Wale;spotify:track:5xrddJnLyUMyI6wNC0k99r;0,572;0,729;9;-4,913;1;0,379;0,00893;0;0,0786;0,223;156,737;219214;4;17,86253;13;0;2
My Last;Big Sean Featuring Chris Brown;spotify:track:70tFuqBcduJv15bEnOPRTh;0,387;0,773;8;-5,685;1;0,17;0,098;0;0,209;0,368;78,629;254120;4;23,30245;9;1;2
My Songs Know What You Did In The Dark (Light Em Up);Fall Out Boy;spotify:track:7s0lDK7y3XLmI7tcsRAbW0;0,558;0,924;9;-4,341;0;0,064;0,0271;3,32E-06;0,537;0,567;151,99;186827;4;44,80979;8;1;2
Mysteries;Keith Jarrett;spotify:track:7B8Biu5B3O4YuZH3c6tIqg;0,192;0,447;7;-15,217;1;0,0445;0,868;0,1;0,0784;0,254;68,058;910213;4;28,66969;33;0;2
Names or Faces;Tipling Rock;spotify:track:4BSytfGTrB2LUr1bOQrNoQ;0,705;0,786;6;-6,034;1;0,0368;0,109;0,000159;0,39;0,932;126,035;174187;4;33,38266;9;0;2
Nasty;Datsik;spotify:track:6Rxa3iS3kpo9iTHg97Vxo3;0,461;0,964;1;-3,275;1;0,223;0,00025;0,3;0,247;0,0558;112,586;217600;3;104,30144;7;0;2
Natures Death;Living Death;spotify:track:1o52kJkbmRuoNkoTet0WC9;0,257;0,825;6;-13,36;1;0,063;0,000422;0,812;0,124;0,223;176,255;284333;4;46,06211;11;0;2
Near;Deafheaven;spotify:track:2nznScQCuL4r9OKMr4A7qc;0,296;0,48;0;-9,685;1;0,0281;0,166;0,934;0,112;0,157;133,509;328643;4;27,26951;10;0;2
Necromaniac;Exhumed;spotify:track:26vQ4HJAxBktwOqXy8Raoe;0,476;0,988;10;-7,009;0;0,135;0,000253;0,387;0,283;0,263;110,179;165840;4;75,72886;9;0;2
Need You Now;Glee Cast;spotify:track:4kEzw2gtpxUBfgmhTEwIuE;0,55;0,677;4;-5,238;1;0,0276;0,087;0;0,0873;0,233;108,037;217413;4;35,28578;11;1;2
Nego Do Borel - Hoje É Dia De Maldade - Remix - DJ Emerick Soares;Nego do Borel;spotify:track:3u2p6cXOYckRiYGKZvgdxh;0,706;0,802;7;-5,168;0;0,142;0,17;0;0,146;0,704;132,979;208605;4;88,05404;7;0;2
Neo-Tokyo - Dance With The Dead Remix;Scandroid;spotify:track:44K1GCbNLf1NHlCaLaYONk;0,467;0,954;0;-4,137;0;0,0414;1,64E-05;0,908;0,0856;0,061;122,004;352105;4;63,96928;11;0;2
Nephilim Grove;Novembers Doom;spotify:track:1sP1zouPw8N1ojuMmTcLJd;0,305;0,48;6;-14,92;0;0,0338;0,00163;0,0514;0,109;0,0939;110,689;408573;4;70,20607;14;0;2
Nervous Acid;Bobby Konders;spotify:track:60nOSJvQcCm11cj6bWX561;0,633;0,789;1;-10,482;1;0,038;0,00554;0,808;0,107;0,228;123,233;300853;4;20,97291;16;0;2
Never Enough;Loren Allred;spotify:track:0Gl5s8IhMmQE5YQwM8Qx1J;0,277;0,394;8;-8,903;1;0,0336;0,423;0;0,0952;0,227;86,777;207787;3;16,09036;10;1;2
Never Gonna Leave This Bed;Maroon 5;spotify:track:4ucLHLiSjvkCz5Lr5dlVUj;0,609;0,81;11;-4,207;1;0,0296;0,11;0;0,246;0,47;117,364;196707;4;33,18751;12;1;2
Never Recover;Lil Baby & Gunna Featuring Drake;spotify:track:6wWaVoUOzLQJHd3bWAUpdZ;0,753;0,686;1;-5,415;0;0,284;0,0677;0;0,193;0,886;132,055;194732;4;30,08562;9;1;2
New Americana;Halsey;spotify:track:6Xs7OKt6i0Ddq8B4M5Dgvr;0,339;0,707;0;-5,121;0;0,0428;0,0113;0;0,337;0,359;173,993;183808;4;34,06756;9;1;2
New Freezer;Rich The Kid Featuring Kendrick Lamar;spotify:track:2EgB4n6XyBsuNUbuarr4eG;0,884;0,698;0;-9,101;1;0,364;0,0405;0;0,195;0,575;140,068;191938;4;24,50269;8;1;2
New Salem;Misery Index;spotify:track:4Hl8ohhuAt8AvjIGsyfuli;0,329;0,933;1;-4,336;1;0,0552;3,47E-06;4,09E-06;0,059;0,261;104,676;203960;4;29,48355;11;0;2
Next Door Neighbor Blues - Live;Gary Clark Jr.;spotify:track:2DR4SIs4RJoylM3sbDjtUH;0,227;0,694;7;-5,673;1;0,0635;0,0267;0,113;0,904;0,317;170,942;245987;4;40,16482;12;0;2
Ni Contigo. Ni Sin Ti;Los Angeles Azules;spotify:track:3tHYpuF2eIc4pDrzIdNN3Y;0,581;0,52;4;-5,347;1;0,0298;0,383;0;0,322;0,643;79,565;251627;4;27,74148;10;0;2
Nice To Meet Ya;Niall Horan;spotify:track:3cphb8kdsjElYR7r5icK3H;0,591;0,841;4;-4,351;0;0,0304;0,0119;0;0,395;0,392;109,034;158805;4;27,8013;8;1;2
Night Shift;Jon Pardi;spotify:track:0bPnT6i9H1p8Vd85GS6Z7I;0,63;0,754;2;-3,564;1;0,0284;0,0963;0;0,268;0,73;95,999;172253;4;30,1905;8;1;2
Nightlights II;Nana Grizol;spotify:track:22YbxxQ98C2dnxW2XmOfSo;0,468;0,745;4;-5,659;1;0,0555;0,215;0;0,115;0,821;147,048;138173;4;20,41816;7;0;2
Nights Like This;Kehlani Featuring Ty Dolla $ign;spotify:track:6ZRuF2n1CQxyxxAAWsKJOy;0,61;0,725;8;-5,131;1;0,15;0,367;0;0,154;0,291;146,163;201788;4;40,891;9;1;2
No Complaints;Metro Boomin Featuring Offset & Drake;spotify:track:6kig1UFggPUyZBCvXD3Wod;0,913;0,498;2;-10,742;1;0,165;0,0829;0,0369;0,0799;0,217;123,975;261733;4;28,656;10;1;2
No Diggity;Nick Murphy / Chet Faker;spotify:track:2xD7RvKFJl52xyds3wQFXQ;0,574;0,764;2;-4,797;0;0,228;0,678;0,000974;0,116;0,473;160,044;221533;4;38,19013;8;0;2
No Excuses;Meghan Trainor;spotify:track:7fCNUWi6uflDTQ08srxMZk;0,827;0,658;6;-3,846;1;0,0517;0,0224;0;0,0417;0,523;115,016;152862;4;24,54159;9;1;2
No Hands;Waka Flocka Flame Featuring Roscoe Dash & Wale;spotify:track:03tqyYWC9Um2ZqU0ZN849H;0,76;0,595;1;-6,366;1;0,0391;0,00544;0;0,241;0,361;131,497;263773;4;104,7946;6;1;2
No Heart;21 Savage & Metro Boomin;spotify:track:4gmmRb6bZJffOOiww1JGTO;0,906;0,444;4;-8,692;0;0,384;0,136;6,44E-05;0,173;0,678;140,063;235040;4;30,02457;12;1;2
No Le Hago Falta;Banda Los Recoditos;spotify:track:2bpmteM9wnfynV1MNkI898;0,742;0,4;8;-5,754;1;0,0357;0,334;1,56E-05;0,105;0,705;125,854;166773;4;49,16851;6;0;2
No Llega el Olvido;Jenni Rivera;spotify:track:2l8QQVT6hYdnT79kKCU6p6;0,573;0,276;10;-8,073;1;0,0397;0,651;0;0,0909;0,442;81,898;194947;4;36,36464;8;0;2
No Man's Land;Rupert Gregson-Williams;spotify:track:6km1Bl4LdfiL7LzkjcCuiQ;0,181;0,481;4;-14,325;0;0,0449;0,157;0,894;0,212;0,0379;97,677;532947;4;24,84595;23;0;2
No Mediocre;T.I. Featuring Iggy Azalea;spotify:track:38aECKrbMv2F5FsYYCewCQ;0,78;0,45;1;-9,539;1;0,0465;0,0826;0;0,0809;0,178;95,486;201600;4;41,09386;16;1;2
No Money;Galantis;spotify:track:0gb1J5UrTpzaU1s3nupgCd;0,671;0,916;6;-4,014;0;0,0397;0,0282;0,00762;0,24;0,803;126,01;189127;4;46,34723;8;1;2
No Such Thing As A Broken Heart;Old Dominion;spotify:track:0OlS52TmtK2gPaEtdmr7DN;0,65;0,782;8;-4,295;1;0,0721;0,295;0;0,107;0,944;171,988;176893;4;37,32713;9;1;2
No Worries;Lil Wayne Featuring Detail;spotify:track:2DLsQuwxEdXt2yp54vw355;0,844;0,592;5;-5,486;1;0,199;0,085;0;0,0817;0,819;128,033;221000;4;29,6065;14;1;2
Nobody Else But You;Trey Songz;spotify:track:1HOUzEsetdIPSpAgRPhZQt;0,708;0,612;5;-6,379;0;0,122;0,0381;0;0,277;0,263;139,913;229013;4;32,22175;10;1;2
Not a Daughter;Agoraphobic Nosebleed;spotify:track:2KYQTOhhOjLiHtiJkgkqWh;0,236;0,911;9;-5,437;1;0,0675;3,74E-06;0,842;0,137;0,167;144,896;419538;4;45,96659;11;0;2
Not Afraid;Eminem;spotify:track:7Ie9W94M7OjPoZVV216Xus;0,855;0,954;0;-1,19;0;0,264;0,529;0;0,205;0,668;114,635;248133;5;60,88147;11;1;2
Not my tempo;Dj Mad Dog;spotify:track:2lHOqFzYNIk3AjrOlDgXSX;0,456;0,947;2;-3,15;1;0,192;0,0259;0,0535;0,0908;0,0643;174,076;256788;4;44,68472;14;0;2
Not Ready To Die;Avenged Sevenfold;spotify:track:6haHIyPMUnVCZn6pHpyzM8;0,434;0,984;10;-6,201;1;0,123;0,000178;0,000226;0,08;0,158;160,011;425264;4;42,3446;15;1;2
Novacane;Frank Ocean;spotify:track:4osgfFTICMkcGbbigdsa53;0,762;0,508;3;-9,112;1;0,0919;0,0584;0,00126;0,16;0,37;93,51;302347;4;52,38595;13;1;2
Nowhere Kids;Smile Empty Soul;spotify:track:2T1eiyej01pRLKKg08WSxz;0,513;0,923;8;-3,639;0;0,0683;0,0289;0;0,177;0,367;98,986;257093;4;59,57782;8;0;2
Nuketown;Ski Mask The Slump God Featuring Juice WRLD;spotify:track:74lnM5V6ecvoTPV0fvptx9;0,808;0,617;10;-9,32;0;0,442;0,113;0;0,734;0,632;149,962;166400;4;33,97889;8;1;2
Obsidian Plume;Anthelion;spotify:track:1CgfTWotVnkLtH7p5tFowD;0,321;0,953;9;-4,978;0;0,167;0,000253;0,715;0,0753;0,0369;104,21;308200;4;58,73065;11;0;2
Ocean;John Butler Trio;spotify:track:6oqhPey5ILmZIfw5mvOb7h;0,22;0,521;4;-6,677;1;0,0299;0,514;0,909;0,606;0,105;98,61;726947;4;29,39767;24;0;2
Ocean Eyes;Billie Eilish;spotify:track:7hDVYcQq6MxkdJGweuCtl9;0,511;0,363;4;-7,65;0;0,041;0,816;0,0317;0,084;0,169;144,892;200379;4;41,32341;7;1;2
Oceans (Where Feet May Fail);Hillsong UNITED;spotify:track:5Mw9bXG1dLNhbjofkVS2oR;0,262;0,361;2;-10,187;1;0,0333;0,508;0,00268;0,108;0,056;126,784;535963;4;20,67951;16;1;2
Octopus Bangbang - Original Mix;Splatinum;spotify:track:5Nh1KiIRgQUo2X2oRoFx0I;0,77;0,834;7;-5,005;1;0,0796;0,00158;0,0531;0,217;0,841;107,98;293627;4;38,03189;13;0;2
Offline;Diljit Dosanjh;spotify:track:706gHej9w5VoOCHVOkgHRs;0,731;0,487;8;-7,63;0;0,0464;0,629;0;0,089;0,45;94,999;197521;4;32,0709;8;0;2
Often;The Weeknd;spotify:track:4PhsKqMdgMEUSstTDAmMpg;0,569;0,629;7;-9,837;0;0,0485;0,218;0;0,135;0,0726;134,035;249040;4;41,37556;10;1;2
Oil And Water - Ambient;The American Dollar;spotify:track:0ahtyJIfkd8LjfD0JGmw8L;0,203;0,414;3;-11,273;0;0,032;0,904;0,927;0,118;0,071;72,055;177933;4;59,64704;7;0;2
Old Metal;Power From Hell;spotify:track:6BOMtKJHWv7ckkV7QN9lCj;0,331;0,834;7;-9,069;1;0,0752;3,56E-06;0,948;0,0791;0,44;78,337;201131;4;50,05939;6;0;2
Old Record;Damma Beatz;spotify:track:6DhOXh07wuASzvWakaTHPu;0,717;0,582;11;-6,352;1;0,0579;0,0242;0,88;0,117;0,275;85,978;180000;4;69,07221;8;0;2
Omerta;Drake;spotify:track:3kCwyvhvVTyehIzYN2I0nF;0,646;0,899;6;-2,232;1;0,298;0,0337;0;0,232;0,685;164,119;219507;4;24,14217;9;1;2
OMG Rock n Roll;Kevin Morby;spotify:track:002ZKDDKt6oObJzIQq5Mrv;0,427;0,774;9;-4,377;1;0,0502;0,287;0,678;0,108;0,154;125,113;149120;4;24,18619;8;0;2
On Fire;Lil Wayne;spotify:track:50mX6QmpQX4cCsRYJ9fGM3;0,626;0,866;11;-4,065;0;0,0408;0,00316;0,000364;0,171;0,545;132,031;248240;4;29,76757;13;1;2
On My Way To You;Cody Johnson;spotify:track:3OjNkFFZavF89xvRqWCXmU;0,443;0,538;1;-5,477;1;0,0309;0,327;4,61E-05;0,0866;0,245;157,97;213307;4;37,72952;11;1;2
On the Beach (Mix Cut) - Mauro Picotto's CRW Remix;York;spotify:track:1MI8FThGX7Vn0ZIjeDhbPD;0,605;0,897;1;-10,236;1;0,0382;0,00156;0,277;0,0682;0,258;137,974;158328;4;45,84707;6;0;2
One (Made Famous by Metallica);The Ungrateful;spotify:track:35o4HsjuWA4xVtAQpDldvK;0,358;0,818;6;-4,204;1;0,0329;0,000287;0,18;0,094;0,534;98,168;419253;3;39,10745;19;0;2
One Man Band;Old Dominion;spotify:track:08dFHFTx6r67MTsYn5ilDR;0,706;0,358;6;-8,331;1;0,0348;0,677;0;0,107;0,478;75,991;186240;4;34,99264;11;1;2
One Thing Right;Marshmello & Kane Brown;spotify:track:4hPpVbbakQNv8YTHYaOJP4;0,659;0,623;4;-2,253;1;0,0451;0,0667;0;0,582;0,439;88,042;181824;4;23,05724;11;1;2
One Time;Justin Bieber;spotify:track:6eDApnV9Jdb1nYahOlbbUh;0,691;0,853;1;-2,528;0;0,0372;0,0631;7,13E-05;0,082;0,762;145,999;215867;4;21,48442;13;1;2
OOOUUU;Young M.A;spotify:track:7JYsArznYOjX2jsrT3UEnL;0,635;0,847;7;-3,152;1;0,447;0,533;0;0,154;0,568;166,072;234650;4;45,04949;11;1;2
Opening;Craig Armstrong;spotify:track:0x1rnXl24iJl8xZFMkoyNv;0,138;0,189;2;-15,733;0;0,0394;0,896;0,279;0,113;0,0729;91,207;279547;4;38,42315;10;0;2
Ophelia;The Lumineers;spotify:track:3d8y0t70g7hw2FOWl9Z4Fm;0,664;0,573;5;-6,519;1;0,0277;0,613;0,000363;0,0857;0,566;76,023;160097;4;38,70272;6;1;2
Out Of The Frame;Miss K8;spotify:track:3fHnphzQyESZzjkeIeqEw6;0,562;0,996;9;-0,884;1;0,339;0,0427;3,02E-06;0,953;0,278;199,973;190800;4;53,42303;8;0;2
P.Y.T. (Pretty Young Thing);Glee Cast;spotify:track:57xW8NlNhWLdW78w25R3tb;0,846;0,77;9;-4,768;0;0,0692;0,162;0;0,205;0,896;127,362;236427;4;16,28318;11;1;2
Pabbarotti & Friends: Roots Bloody Roots;J.B.O.;spotify:track:1EZhUscFkvFWZD5NvLxk09;0,506;0,906;4;-4,566;0;0,101;0,00265;0,0075;0,339;0,192;119,973;225120;4;51,26578;10;0;2
Par Avion;The American Dollar;spotify:track:5knokEfY6UDmdDIUvVOZCI;0,387;0,457;0;-15,727;1;0,0489;0,584;0,944;0,0964;0,235;110,155;225707;4;43,43522;15;0;2
Paradox Garage Part 1 (With Your Love);FaltyDL;spotify:track:4fwoV0BNEAVoT2MzfPn0NO;0,615;0,879;11;-6,026;0;0,0469;1,52E-05;0,872;0,0773;0,637;123,025;284878;4;36,21189;11;0;2
Paranoid;Post Malone;spotify:track:3fpVWegR6YOS1Yk5HSMYIq;0,625;0,536;0;-5,428;1;0,0776;0,038;2,31E-05;0,167;0,253;159,914;221787;4;25,32548;11;1;2
Part Of Me;Katy Perry;spotify:track:1nZzRJbFvCEct3uzu04ZoL;0,678;0,918;5;-4,63;1;0,0355;0,000417;0;0,0744;0,769;130,028;216160;4;26,46808;12;1;2
Party Of A Lifetime - Original Mix;Crazy Daylight;spotify:track:5NKMYl0Qsnf4RHv6DD5GZj;0,826;0,634;2;-5,228;1;0,0528;0,00228;0,00122;0,0825;0,507;105,015;267962;4;30,86762;9;0;2
Passing Clouds;Hiss Golden Messenger;spotify:track:2AhYkpdmBe5vqBJVtili98;0,639;0,452;4;-11,939;1;0,0966;0,242;0,0611;0,12;0,469;78,999;251080;4;101,31662;8;0;2
Per Ulv;Terje Rypdal;spotify:track:1UoE4X40cl8dNcuy37inbV;0,572;0,37;7;-18,377;1;0,0402;0,0387;0,856;0,176;0,198;125,248;515227;4;67,10537;17;0;2
Perchtenzeit;tuXedoo;spotify:track:4fNUS32B6pbI2UOuYxmo7A;0,443;0,951;5;-4,227;1;0,084;0,00357;0,000162;0,125;0,287;142,048;217502;4;21,08967;9;0;2
Philly - Dub;DJ T.;spotify:track:6FVVINiTpzm7Y3QGSCaiUn;0,837;0,852;4;-9,43;0;0,101;0,026;0,823;0,0697;0,402;125,991;381173;4;53,33211;9;0;2
pictures feat. Kacey Musgraves;Judah & the Lion;spotify:track:1zZIVe9x0JhdhpuQjLTjIM;0,567;0,542;2;-6,64;1;0,0309;0,309;0,000342;0,0734;0,229;125,16;253869;4;43,12072;11;0;2
Pierced from Within;Suffocation;spotify:track:2LU1IwUiwbOGoBEBGghOp0;0,324;0,837;10;-10,142;0;0,101;1,83E-06;0,944;0,0882;0,635;103,928;265893;4;59,27881;9;0;2
Pinô;Otto Totland;spotify:track:2Ai5UUXyxaulVbompgrzlo;0,494;0,0453;5;-28,914;1;0,0378;0,995;0,927;0,112;0,103;80,743;165995;4;31,06472;8;0;2
Pitiful;Blindside;spotify:track:2ksNhmwo9CYeGfltHjlNHW;0,532;0,943;5;-4,243;0;0,0429;0,000853;0;0,364;0,46;131,803;192600;4;42,84274;8;0;2
Planez;Jeremih Featuring J. Cole;spotify:track:08zJpaUQVi9FrKv2e32Bah;0,688;0,556;6;-7,738;1;0,264;0,7;1,87E-06;0,108;0,416;129,336;240320;4;67,5797;12;1;2
Play It Again;Luke Bryan;spotify:track:03fT3OHB9KyMtGMt2zwqCT;0,506;0,886;11;-3,225;1;0,0655;0,0916;0;0,0734;0,595;143,935;226867;4;34,04949;7;1;2
Playing Dead;Chunk! No, Captain Chunk!;spotify:track:4KuwjTOfniivWFKJz3p1yW;0,512;0,982;10;-4,203;1;0,151;0,000432;0,00024;0,294;0,372;122,022;209827;4;32,04041;7;0;2
Plie 3/4. Don Quixote. Act III;Nina Miller;spotify:track:0FQrjKPqP6A5AaR7NjISER;0,461;0,118;3;-17,041;1;0,047;0,994;0,927;0,335;0,0563;108,834;141992;3;28,4097;7;0;2
Plies;Tanya Gordon;spotify:track:5TrZOMisS1kr2F42vsQEi0;0,447;0,0824;8;-19,868;1;0,0608;0,994;0,912;0,154;0,154;78,169;132450;3;75,15704;6;0;2
Plus Ultra;Carousel Kings;spotify:track:5WLvGmjfyAEYCvFNsLon0i;0,495;0,974;6;-3,596;1;0,109;2,72E-05;6,81E-06;0,166;0,487;90,999;195387;4;42,85378;10;0;2
Poko;Kizz Daniel;spotify:track:529g2wCQuCifrZO9WgdNXN;0,854;0,816;6;-5,225;1;0,11;0,0718;0;0,0428;0,914;106,017;169931;4;28,74726;9;0;2
Pontoon;Little Big Town;spotify:track:2Gy3XMLbBxACZ4tXdFRGr7;0,721;0,819;9;-5,715;1;0,0269;0,413;0;0,196;0,867;96,02;212320;4;41,19967;10;1;2
Pool Spray;Veil Of Maya;spotify:track:3EDpjcpkA3syAc0tlUiXYP;0,523;0,986;0;-4,019;1;0,0755;1,82E-05;0,00279;0,454;0,524;119,993;209013;4;25,03239;10;0;2
Pop Apology;Should;spotify:track:7jF1K0wRAovpu1x1u4Ci1y;0,28;0,746;5;-8,305;0;0,0365;0,0113;0,979;0,207;0,279;180,175;210598;3;64,33061;7;0;2
Pop Music;R. Stevie Moore;spotify:track:1td8QNVAO1aUvImZyOylJO;0,516;0,386;7;-9,196;1;0,0332;0,056;1,93E-05;0,218;0,378;179,974;227600;4;33,50243;12;0;2
Pop That;French Montana Featuring Rick Ross, Drake, Lil Wayne;spotify:track:3Jv1XgMPVjdN5xGfnRJ20s;0,734;0,892;2;-1,856;1;0,125;0,0648;0;0,58;0,605;138,031;303533;4;28,39163;14;1;2
Porn Star Dancing - Rock Version;My Darkest Days;spotify:track:6RK5wFkSPbDwU6lmN0zUNX;0,477;0,917;2;-3,399;1;0,0837;0,0139;0;0,0756;0,271;160,044;199013;4;24,74687;7;0;2
Post To Be;Omarion Featuring Chris Brown & Jhene Aiko;spotify:track:0fgZUSa7D7aVvv3GfO0A1n;0,733;0,676;10;-5,655;0;0,0432;0,0697;0;0,208;0,701;97,448;226581;4;18,36223;13;1;2
Powerful;Major Lazer Featuring Ellie Goulding & Tarrus Riley;spotify:track:37jalmkAdkohJQj98FGU7r;0,597;0,785;2;-3,962;1;0,044;0,126;0;0,15;0,724;97,447;206920;3;44,01392;11;1;2
Pray For Me;Black Dawn;spotify:track:3IXsWIkogyO7BRFwrhTRrQ;0,381;0,839;4;-6,819;1;0,0982;0,00925;0,29;0,16;0,426;112,79;439813;5;35,50096;10;0;2
Prayer In C;Lillywood & Robin Schulz;spotify:track:5fnA9mkIfScSqHIpeDyvck;0,763;0,875;9;-5,797;0;0,0262;0,024;5,41E-06;0,599;0,8;123,013;189413;4;22,59687;12;1;2
Press;Cardi B;spotify:track:6dPyzkyZwoj9LqjQXOFdVv;0,888;0,525;1;-5,665;1;0,305;0,029;5,68E-06;0,137;0,243;133,983;143792;4;27,90314;10;1;2
Pretty Girls;Britney Spears & Iggy Azalea;spotify:track:6QicTxeiSaRkPnkGDUvYOs;0,834;0,831;7;-6,061;0;0,0745;0,00799;0;0,217;0,788;103,009;163960;4;49,39585;9;1;2
Pretty Good At Drinkin' Beer;Billy Currington;spotify:track:6a7wXoZOARI8IqEXObjhDz;0,769;0,678;5;-3,725;1;0,0315;0,427;8,04E-06;0,0939;0,581;106,951;179907;4;48,89896;8;1;2
Prisoner;The Weeknd Featuring Lana Del Rey;spotify:track:1gZADNt16Oh23jWyMYRk4p;0,55;0,404;0;-12,755;0;0,0398;0,441;0,00022;0,11;0,329;135,016;274960;4;68,38677;9;1;2
Protector of the Common Folk;Howard Shore;spotify:track:3wlVdDCUCO1SS3xND0pBBc;0,196;0,0765;0;-22,721;0;0,038;0,904;0,805;0,111;0,0381;111,672;215065;4;47,23415;11;0;2
Protectors of the Earth;Thomas Bergersen;spotify:track:1YtHpYEbbfQQIyxXkdxEoW;0,441;0,934;7;-6,766;0;0,0482;0,0395;0,96;0,15;0,374;109,98;169715;3;40,03481;9;0;2
Proud;2 Chainz Featuring YG & Offset;spotify:track:365wwIjijQdlRJEjUWTidq;0,791;0,813;10;-4,244;0;0,376;0,758;0;0,143;0,907;173,937;234667;4;22,86865;14;1;2
Proud of You;A L E X;spotify:track:6mRmaBAb8ysO3pcGDaegL2;0,82;0,281;8;-15,194;0;0,0802;0,869;0,961;0,0925;0,62;104,988;182869;4;81,87351;5;0;2
Punk (La Vie Antérieure);Deerhunter;spotify:track:4QGfAJcONFa4IRxMZWSlPu;0,556;0,729;2;-8,553;1;0,0662;0,531;0,148;0,15;0,786;120,004;207137;4;65,59518;9;0;2
Punk Off Pleasant;Rule 22;spotify:track:38m9Ho9kU8F8Cvhn4oS3W3;0,34;0,717;2;-15,982;1;0,0757;0,00726;7,57E-06;0,0653;0,593;116,667;201787;4;38,13859;9;0;2
Punk Rock Princess;Something Corporate;spotify:track:5CLZ8XXWfNODzDZgMqtw6K;0,521;0,831;7;-6,046;1;0,0638;0,000389;0,00123;0,0992;0,261;130,032;233093;4;43,25034;9;0;2
Que Pretendes;J Balvin & Bad Bunny;spotify:track:25ZAibhr3bdlMCLmubZDVt;0,639;0,791;10;-4,443;0;0,253;0,0275;0;0,362;0,939;92,603;222347;4;46,26686;9;1;2
Que Te Vaya Bien;Grupo Jalado;spotify:track:5IdaVuUzEDF3T56U5vS5ck;0,822;0,705;7;-3,147;1;0,0373;0,495;1,20E-05;0,115;0,938;94,011;217587;4;34,24772;10;0;2
R.I.C.O.;Meek Mill Featuring Drake;spotify:track:0Y0TOsE1q11qgbi7c5WZsG;0,727;0,599;1;-6,941;1;0,327;0,317;0;0,219;0,386;167,909;197133;3;38,68831;11;1;2
Raging Fire;Phillip Phillips;spotify:track:3Q2tKt6gKdn9LUMcHFxNJy;0,557;0,833;7;-4,671;1;0,073;0,00867;0;0,0621;0,449;125,909;234693;4;50,51693;7;1;2
Rain Is A Good Thing;Luke Bryan;spotify:track:1YhFtqwcN138S6ng3MT1nN;0,622;0,932;11;-4,66;0;0,0498;0,105;2,37E-06;0,328;0,519;108,051;176160;4;19,24895;7;1;2
Raise Your Glass;P!nk;spotify:track:1gv4xPanImH17bKZ9rOveR;0,7;0,709;7;-5,006;1;0,0839;0,0048;0;0,0289;0,625;122,019;202960;4;23,8094;8;1;2
Ready Set Roll;Chase Rice;spotify:track:3rh2f6nqswpfDN3Ef6Bi5J;0,513;0,803;0;-4,45;1;0,0777;0,0161;0;0,667;0,746;156,038;190587;4;30,13889;8;1;2
Red Bull & Hennessy;Jenny Lewis;spotify:track:3rrzbjHWFyKcCpagbbFjrE;0,509;0,933;4;-5,633;0;0,099;0,00203;0,000138;0,196;0,374;130,005;288630;4;83,83607;9;0;2
Red Lines of Obsession;The Modern Age Slavery;spotify:track:5213uXUJp4qyRFHcKAGpAi;0,521;0,997;4;-1,891;0;0,196;0,000113;1,42E-05;0,602;0,0536;114,993;162267;4;36,30042;7;0;2
Red Room;Offset;spotify:track:4TWflhgevIGo448fWc6mQq;0,936;0,559;7;-8,587;0;0,157;0,479;0;0,128;0,527;112,347;241440;4;30,46901;13;1;2
Red Wall & Black Wall;Wang Wen;spotify:track:0GU7lJqHfM1ixNMZp4lRC0;0,566;0,59;0;-12,539;1;0,0251;0,23;0,816;0,109;0,211;99,004;474063;3;60,59858;17;0;2
Redemption;Drake;spotify:track:4cRBqWBjuccCowYVHFlXK6;0,694;0,314;0;-7,82;1;0,117;0,612;2,04E-06;0,117;0,338;119,906;333947;4;33,03029;17;1;2
Reggae;No Bros;spotify:track:14wmUjs8AJv1GXhqJlH9gQ;0,525;0,943;2;-3,548;1;0,0959;0,00325;0,761;0,962;0,544;103,327;197320;4;32,17995;10;0;2
Relationship;Young Thug Featuring Future;spotify:track:25oOaleife6E2MIKmFkPvg;0,842;0,597;2;-6,336;1;0,0627;0,00252;0;0,124;0,298;145,992;215307;4;16,96767;12;1;2
Relentless Mutation;Archspire;spotify:track:0a5M9DltcncHl3DKErFmD3;0,52;0,909;6;-5,461;0;0,0544;0,00616;0,635;0,11;0,311;140,055;274598;4;42,24989;10;0;2
Remember You;Wiz Khalifa Featuring The Weeknd;spotify:track:0g6mKqhGtUIEoLSmV8ozi8;0,726;0,775;2;-4,174;1;0,269;0,217;0;0,212;0,777;127,943;289600;4;51,02156;7;1;2
Requiem - Live;Sepultura;spotify:track:5FDQBnE5r6DHnx7CAPPMP1;0,42;0,99;2;-5,854;1;0,0695;0,000121;0,92;0,909;0,103;118,161;224520;4;38,83414;7;0;2
Return to Infinity;Cerebral Fix;spotify:track:1l2cOZbfG64M6nOCJVKAsm;0,0936;0,818;9;-10,516;1;0,0597;2,96E-06;0,316;0,118;0,372;74,109;290667;4;25,05955;13;0;2
Returning;Binary One;spotify:track:0jlQn5ENU6pt3yDRlMDgjB;0,139;0,0403;0;-30,162;0;0,0666;0,99;0,937;0,0921;0,0383;87,34;235172;4;23,38744;13;0;2
Revealing The Unreal;Ave Air;spotify:track:2zJmgxEcBUKtrfjfCn1UMM;0,18;0,0311;2;-24,427;0;0,0402;0,982;0,875;0,0987;0,0353;119,501;212895;4;82,28917;11;0;2
Reza;Cal Tjader;spotify:track:4EpucAOoGXgSW5HScC8V1F;0,549;0,261;11;-21,898;0;0,0731;0,886;0,938;0,13;0,129;155,491;244053;4;40,67876;12;0;2
Rich;Maren Morris;spotify:track:4H0vNUFcHPz5lytcLjwqkr;0,565;0,855;5;-4,189;1;0,0557;0,0445;0;0,32;0,852;74,98;208893;4;34,4477;7;1;2
Ride 4 Me (feat. PnB Rock);Rosewood Bape;spotify:track:5EDew6KNlMSnGmnlIiuIH8;0,712;0,655;6;-5,323;0;0,0686;0,592;0;0,122;0,721;94,991;189467;4;41,38748;6;0;2
Riff Off: Mickey / Like A Virgin / Hit Me With Your Best Shot...;The Barden Bellas, The Treblemakers & The BU Harmonics;spotify:track:0phwM5a6TdLBDl0F9bk5fl;0,48;0,506;11;-5,554;1;0,381;0,549;0;0,0916;0,708;177,44;224267;4;26,45943;9;1;2
Rise the Wrath of Satan;Invincible Force;spotify:track:4kTr911YHfcLg8rqdAP2nr;0,186;0,98;6;-6,763;1;0,407;0,0575;0,921;0,352;0,038;176,723;179480;3;38,55051;8;0;2
Rock Me Amadeus;Sun Diego;spotify:track:5SBFZEipvLrddLiaDrZp2c;0,594;0,637;9;-5,634;0;0,0826;0,0641;0;0,0856;0,268;88,817;189200;4;22,39088;9;0;2
Rock the Bells;Boys Noize;spotify:track:33KvuePYdzsx7ZqoTj3rHU;0,605;0,992;1;-5,074;1;0,0606;0,0062;0,909;0,454;0,555;102,911;171094;4;76,4054;6;0;2
Rockabye;Clean Bandit Featuring Sean Paul & Anne-Marie;spotify:track:5knuzwU65gJK7IF5yJsuaW;0,72;0,763;9;-4,068;0;0,0523;0,406;0;0,18;0,742;101,965;251088;4;36,52339;12;1;2
Rockstar;Post Malone Featuring 21 Savage;spotify:track:0e7ipj03S05BNilyu5bRzt;0,585;0,52;5;-6,136;0;0,0712;0,124;7,01E-05;0,131;0,129;159,801;218147;4;39,80419;12;1;2
Rockstar 101;Rihanna Featuring Slash;spotify:track:5rXDTihGQ3TkYE3pmraAmH;0,343;0,65;1;-4,624;1;0,0909;0,0299;0;0,646;0,315;170,697;238893;5;28,97112;12;1;2
Rolex;Ayo & Teo;spotify:track:0pSBuHjILhNEo55xK1zrRt;0,804;0,886;1;-2,512;1;0,04;0,0837;0;0,266;0,789;144,946;238587;4;27,10088;13;1;2
Roll In Peace;Kodak Black Featuring XXXTENTACION;spotify:track:40oKW22ZNNkEdZLJTScaQI;0,747;0,524;10;-6,807;0;0,245;0,0306;0;0,2;0,363;140,053;213132;4;27,89104;9;1;2
Roll The Bones - Audiotree Live Version;Shakey Graves;spotify:track:1Yxbxg5R6dQcYmOdjvlXP0;0,597;0,549;1;-10,253;1;0,0586;0,651;1,47E-05;0,0991;0,204;122,801;291596;4;31,94497;16;0;2
Roll the Dice;Wolfpack;spotify:track:5jj9Z63XHpM4CZDku1EQ2k;0,407;0,974;2;-4,599;1;0,0596;3,07E-06;0,351;0,183;0,429;94,955;131360;4;30,14774;8;0;2
Roots Bloody Roots;Sepultura;spotify:track:2hHiLL5tBuAJIOpO7fQYHX;0,428;0,874;4;-6,664;0;0,128;0,000337;0,0419;0,311;0,261;119,708;212253;4;44,39969;11;0;2
Roots Rock Jabali;TootArd;spotify:track:7ve8LfZjy00eNwrwZ4pLVO;0,731;0,61;5;-9,394;0;0,034;0,15;0,124;0,135;0,862;98,031;245733;4;22,04892;12;0;2
Rope;Foo Fighters;spotify:track:7v0mtl6oInUtHOmTk2b0gC;0,511;0,728;11;-4,874;0;0,037;2,52E-05;7,41E-05;0,0725;0,541;138,179;259027;4;71,23802;8;1;2
Rotten To The Core;Dove Cameron, Cameron Boyce, Booboo Stewart & Sofia Carson;spotify:track:2bNxCVI4Fub8BAwr0CQDyd;0,693;0,808;4;-6,231;0;0,093;0,0506;1,18E-06;0,578;0,547;127,945;162067;4;37,14631;6;1;2
Round & Round;Selena Gomez & The Scene;spotify:track:5RhxBpoCwX2vLBcSJzYa5j;0,545;0,686;10;-4,081;1;0,0665;0,00265;0;0,477;0,486;127,996;186493;4;36,50365;9;1;2
Row Row;Zeal & Ardor;spotify:track:3RbiWVIynzvw542GqAIvD2;0,496;0,881;8;-7,266;1;0,055;0,000611;0,000106;0,44;0,344;95,04;186027;4;59,64474;9;0;2
Rub Anotha Dub;Walker & Royce;spotify:track:3mnpVW7HeT2wvRgX1iFaJx;0,707;0,789;0;-7,339;1;0,0713;0,00072;0,627;0,521;0,63;125,991;266667;4;31,43593;14;0;2
Rückkehr der Vernunft;Pöbel MC;spotify:track:7fPwFEvbbx8ts8DHSxS6Vr;0,795;0,877;6;-6,121;1;0,314;0,16;0;0,111;0,51;100,023;206572;4;20,06604;10;0;2
Rude;MAGIC!;spotify:track:6RtPijgfPKROxEzTHNRiDp;0,774;0,756;1;-4,995;1;0,0389;0,0423;0;0,305;0,931;144,032;224840;4;28,58357;14;1;2
Rule of Nines;Spiritbox;spotify:track:04KWu4S4jq6aqGTGoeysI9;0,268;0,948;1;-5,859;1;0,136;1,40E-05;0,0783;0,28;0,262;115,727;211154;4;37,34579;9;0;2
Run Up;Major Lazer Featuring PARTYNEXTDOOR & Nicki Minaj;spotify:track:4pcNiazsgWCUQhneP55nvf;0,803;0,743;1;-3,602;0;0,0681;0,105;2,12E-06;0,099;0,674;108,005;203180;4;23,79098;10;1;2
Runaway;Kanye West Featuring Pusha T;spotify:track:3DK6m7It6Pw857FcQftMds;0,571;0,568;1;-3,827;0;0,0703;0,218;0,0021;0,512;0,109;86,986;547733;4;39,40648;17;1;2
Runnin' Outta Moonlight;Randy Houser;spotify:track:6enPOmd3vSFpI4jjms8kXN;0,526;0,801;2;-3,717;1;0,0393;0,0354;3,17E-06;0,0637;0,769;172,024;193773;4;25,87357;7;1;2
Russian Roulette;Rihanna;spotify:track:3rMsX63C0IZVnOT5LGYoTH;0,48;0,486;6;-5,754;0;0,0447;0,046;0;0,107;0,265;80,051;227533;4;27,76427;7;1;2
Rutter: Requiem: III. Pie Jesu;John Rutter;spotify:track:1B4wMxkP9XSGKgyNBf8hFK;0,0769;0,0484;5;-26,768;1;0,0407;0,97;0,116;0,0825;0,0398;77,177;215867;4;45,41805;13;0;2
Sacrifice;Invincible Force;spotify:track:2CUGyAEW4rtVyZYSyVKKp3;0,267;0,999;1;-3,412;0;0,131;0,00285;0,00257;0,104;0,0381;181,013;227879;4;28,3693;11;0;2
Sakura Trip;AIKA;spotify:track:6Cjbu2ayuoNNMC4aa78XmI;0,684;0,854;5;-5,499;1;0,0544;0,00911;0,797;0,0796;0,517;155,044;307383;4;25,20239;13;0;2
Same Love;Macklemore & Ryan Lewis Featuring Mary Lambert;spotify:track:01uqI4H13Gsd8Lyl1EYd8H;0,688;0,473;8;-9,059;1;0,167;0,716;4,46E-05;0,104;0,299;84,958;318525;4;20,66609;15;1;2
Say Aah;Trey Songz Featuring Fabolous;spotify:track:2fQ6sBFWaLv2Gxos4igHLy;0,724;0,87;1;-3,614;0;0,113;0,00453;0;0,833;0,81;93,01;207547;4;31,87471;13;1;2
Say It (feat. Tove Lo);Flume;spotify:track:5aOpzm8W8zysk4asB9hxJw;0,598;0,532;3;-6,833;0;0,0295;0,0668;3,22E-06;0,0617;0,261;74,963;262521;4;42,50212;10;0;2
Screamers in the Storm;Emerald Sun;spotify:track:7gLvcxqqd81DAeMFxRvNOB;0,337;0,943;10;-1,634;0;0,0609;0,000436;0,000584;0,0395;0,297;175,953;315809;4;44,75544;15;0;2
Screaming;Marshall Law;spotify:track:2eyEDTlRU8xhcnopzQUh0X;0,313;0,852;11;-13,922;0;0,0614;0,00115;0,689;0,3;0,357;189,584;308640;4;112,30943;7;0;2
Screaming from a Chamber - Live;Living Death;spotify:track:6lH6bphGsSEwnz6YXHMVcT;0,302;0,878;1;-10,617;0;0,0881;0,0109;5,28E-05;0,97;0,18;138,927;396040;4;41,32872;18;0;2
Seal The Deal;Volbeat;spotify:track:2atx3xHqalzri1Y4Uz5mrq;0,53;0,973;4;-3,603;0;0,0663;6,44E-05;0,00558;0,129;0,432;105,997;249306;4;38,83087;10;0;2
Secrets;OneRepublic;spotify:track:1NhPKVLsHhFUHIOZ32QnS2;0,516;0,764;2;-6,223;1;0,0366;0,0717;0;0,115;0,376;148,021;224693;4;26,66562;11;1;2
Secrets;The Weeknd;spotify:track:00NAQYOP4AmWR549nnYJZu;0,665;0,771;0;-5,779;1;0,0533;0,0155;9,60E-06;0,46;0,764;109,945;265600;4;97,29592;7;1;2
sekao;Delayde;spotify:track:4c2TiYoJHIjEPZ5syRZhsY;0,616;0,375;5;-16,921;1;0,0405;0,905;0,896;0,332;0,333;159,972;132000;4;33,38382;6;0;2
Sentimental X's;Broken Social Scene;spotify:track:6Zp2CzhzAbhSqtjrxBTG7y;0,62;0,539;6;-11,044;1;0,0387;0,0244;0,692;0,109;0,396;149,92;340427;4;23,24009;14;0;2
Sepulnation (Live);Sepultura;spotify:track:3QixUbHoETDAp6Y9x1riFh;0,334;0,977;2;-5,602;1;0,134;0,000244;0,00155;0,872;0,0391;117,056;278133;4;62,15702;7;0;2
Serotonin;In Her Own Words;spotify:track:7JeIpiCXappsI31Mg4BcWz;0,376;0,945;1;-4,917;0;0,185;6,06E-05;0;0,14;0,387;188,052;210750;4;41,22986;11;0;2
Setting Fires;The Chainsmokers Featuring XYLO;spotify:track:2PC9Tl8SWVO2yhDDtJcrAi;0,627;0,717;8;-5,751;0;0,0376;0,017;0;0,261;0,561;105,05;247427;4;47,15061;10;1;2
Seven;Sleeping At Last;spotify:track:7zbFh74zImpQho3btxuANN;0,457;0,463;3;-11,56;1;0,0421;0,645;6,39E-05;0,108;0,117;119,827;261933;4;36,94626;13;0;2
Severus and Lily;Alexandre Desplat;spotify:track:6rjHq9THY9WoxTuyeGJ02A;0,0647;0,0763;9;-26,412;0;0,0478;0,809;0,949;0,105;0,0328;68,008;368547;3;45,29764;17;0;2
Sex Metal Barbie;In This Moment;spotify:track:75BGF4LC7AOLFfxn6ukZDH;0,533;0,935;0;-3,704;1;0,128;0,0139;0;0,168;0,481;140,092;262493;4;21,0451;14;0;2
Sexy And I Know It;LMFAO;spotify:track:0obBFrPYkSoBJbvHfUIhkv;0,707;0,861;7;-4,225;1;0,316;0,1;0;0,191;0,795;130,021;199480;4;44,81875;10;1;2
Shadows of doom;Graveland;spotify:track:6JcKgXgOSKq0pMzeu3XN0V;0,313;0,845;1;-11,631;1;0,0849;0,0012;0,869;0,11;0,0555;124,991;193453;4;57,06341;5;0;2
Shapes;Joey Trap;spotify:track:4O4ZIabUVwELSYfHdRQhRv;0,815;0,481;8;-7,178;1;0,399;0,0583;0;0,171;0,6;169,946;128802;4;24,03753;4;0;2
Shining;DJ Khaled Featuring Beyonce & JAY Z;spotify:track:7Fa5UNizycSms5jP3SQD3F;0,768;0,807;2;-5,508;0;0,106;0,053;2,99E-06;0,214;0,575;112,001;284000;4;68,59261;13;1;2
Shmufty;Heyoka;spotify:track:6ZddVgRQp2WMnS8reZ76GF;0,78;0,618;10;-6,17;0;0,0559;0,00981;0,189;0,239;0,962;100,005;283200;4;28,21566;13;0;2
Shoota;Playboi Carti Featuring Lil Uzi Vert;spotify:track:2BJSMvOGABRxokHKB0OI8i;0,674;0,649;1;-8,433;0;0,199;0,191;0;0,122;0,48;153,069;153800;4;20,12645;7;1;2
Shots;Lil Jon;spotify:track:7cWNahjynBEP4wuXXhU0m6;0,822;0,865;1;-2,441;1;0,0469;0,00889;1,27E-06;0,122;0,169;128,017;218000;4;45,09619;10;0;2
Shots;LMFAO Featuring Lil Jon;spotify:track:1V4jC0vJ5525lEF1bFgPX2;0,825;0,856;1;-1,912;1;0,0476;0,00851;1,40E-06;0,127;0,207;128,016;222133;4;25,34511;12;1;2
Show Me Love;Alicia Keys Featuring Miguel;spotify:track:0XPlSuCVQ1nOhzTpFgnDSz;0,531;0,491;5;-5,47;0;0,042;0,447;0;0,0703;0,521;129,38;194998;4;19,67181;9;1;2
Sick Boy;The Chainsmokers;spotify:track:58kZ9spgxmlEznXGu6FPdQ;0,663;0,577;11;-7,518;0;0,0531;0,109;0;0,12;0,454;89,996;193200;4;53,38415;9;1;2
Side Effects;The Chainsmokers Featuring Emily Warren;spotify:track:0bGLvHd0ApdT4t0shCfpzG;0,669;0,711;8;-6,758;1;0,033;0,00217;0;0,466;0,544;110,01;172747;4;57,56684;6;1;2
Sidewalks;The Weeknd Featuring Kendrick Lamar;spotify:track:4h90qkbnW1Qq6pBhoPvwko;0,542;0,721;1;-5,136;0;0,0625;0,147;0;0,348;0,623;149,831;231360;4;78,44418;9;1;2
Sin Pijama;Becky G + Natti Natasha;spotify:track:2ijef6ni2amuunRoKTlgww;0,791;0,745;11;-3,695;0;0,0464;0,354;2,93E-05;0,104;0,82;94,014;188560;4;53,42212;8;1;2
Sing;My Chemical Romance;spotify:track:1mX6SYJ1ZpcoxQUiER8wOI;0,606;0,942;2;-3,618;1;0,0357;0,000233;7,07E-06;0,106;0,373;110,98;270387;4;28,821;12;1;2
Sisters Of The Stone;Black Moth;spotify:track:7M8P1xCoUYPJWS2aVHkvUZ;0,347;0,951;6;-6,229;1;0,0748;3,85E-05;4,60E-05;0,13;0,13;144,838;250700;4;30,88563;8;0;2
Sitting on the Roof of S.F.A.I.;Wes Leslie;spotify:track:7HtmYWIFq3WgO5onOaFrAp;0,685;0,305;5;-9,389;1;0,0268;0,796;0,00533;0,103;0,385;96,18;207000;4;48,54878;9;0;2
Ska-Metal;Cólera;spotify:track:2L1e4K4qIVU3q3sypht0OX;0,421;0,952;5;-5,746;1;0,262;0,0818;0,00023;0,0814;0,531;83,468;206629;4;26,88392;7;0;2
Slave Of Pain;The Profane;spotify:track:6692xL1n9IUNejlj4ipjGk;0,56;0,927;7;-4,671;1;0,0466;0,00269;6,67E-05;0,0888;0,459;110,063;184581;4;35,67346;10;0;2
Sleep Hibernation;Moon Laika;spotify:track:0ek2PwrDkUWRqoaTq6WKDj;0,142;0,013;7;-33,299;1;0,0428;0,984;0,909;0,0994;0,0708;72,917;175132;4;55,05616;7;0;2
Slide;Calvin Harris Featuring Frank Ocean & Migos;spotify:track:6gpcs5eMhJwax4mIfKDYQk;0,736;0,795;1;-3,299;0;0,0545;0,498;1,21E-06;0,254;0,511;104,066;230813;4;37,0043;14;1;2
Slide Away;Miley Cyrus;spotify:track:44ADyYoY5liaRa3EOAl4uf;0,53;0,538;5;-6,672;1;0,0335;0,17;2,83E-06;0,248;0,288;148,051;233654;4;25,27798;11;1;2
Small and Simple;The Okee Dokee Brothers;spotify:track:2LR3q0QHOsuvxqcoyPd7XB;0,684;0,131;1;-16,962;0;0,0511;0,638;0,00668;0,101;0,311;96,345;87387;4;32,05812;4;0;2
Smoking in the Rental;Ducktails;spotify:track:1EcWJJXyIDFjn7UZsfb8wO;0,66;0,554;8;-9,219;1;0,072;0,311;0,862;0,0896;0,854;79,958;172042;4;51,02722;7;0;2
Snagglepuss;VibeSquaD;spotify:track:2RAKxWCWNoILtUKKs9k4SX;0,813;0,765;4;-6,556;0;0,135;0,0259;0,545;0,665;0,861;102,011;269840;4;37,70482;12;0;2
Snap Backs & Tattoos;Driicky Graham;spotify:track:4I1tuOmbZUp6imx453rMui;0,856;0,694;10;-3,797;0;0,296;0,124;0;0,0955;0,538;139,876;209840;4;23,70821;16;1;2
So Close - Club Mix;Kidnap;spotify:track:2wlRpTxW3beqaFvEMxoOAy;0,804;0,792;1;-5,878;0;0,0475;0,00114;0,753;0,0472;0,371;124,001;345207;4;60,7462;16;0;2
So Punk Rock;McCafferty;spotify:track:1vmnje4EHO2AIdeRrioosk;0,525;0,576;2;-10,16;1;0,104;0,686;0;0,67;0,463;130,683;204277;4;30,73383;10;0;2
Soapy;Naira Marley;spotify:track:67Ar5yu8mH1rOVInvnsG0U;0,9;0,806;1;-4,816;1;0,246;0,159;0,00971;0,0811;0,671;123,038;174043;4;62,95402;8;0;2
Sober Saturday Night;Chris Young Featuring Vince Gill;spotify:track:081t95JRuDUrQYSS3h8iKk;0,477;0,672;1;-5,234;1;0,0306;0,049;0;0,355;0,263;139,864;194560;4;41,86337;8;1;2
Soco (feat. Wizkid. Ceeza Milli. Spotless & Terri);Starboy;spotify:track:1KpBtWSI9dlv0RjtzvF1BD;0,841;0,644;9;-3,284;0;0,083;0,594;0,00402;0,142;0,881;108,003;255608;4;34,79861;14;0;2
Soft Night;Elskavon;spotify:track:5hAsWMGQXBjDjYMoIlP9Ak;0,249;0,00248;2;-30,501;1;0,036;0,994;0,931;0,118;0,0788;73,601;155250;4;34,96629;9;0;2
Somebody;Natalie La Rose Featuring Jeremih;spotify:track:7ioiB40H9xKs04QtIso2I3;0,83;0,52;0;-8,714;1;0,0376;0,000792;1,25E-05;0,0656;0,735;104,99;189907;4;19,54918;8;1;2
Somebody That I Used To Know;Mayday Parade;spotify:track:1wSTaIg1XHXAmyMhpZXnpW;0,457;0,938;3;-4,557;1;0,0836;0,00391;9,94E-06;0,145;0,467;136,072;205320;4;42,97476;7;0;2
Something In The Way You Move;Ellie Goulding;spotify:track:3ZCDG0nujwGfxrEmZlZoEt;0,658;0,814;1;-6,157;0;0,0493;0,0398;0;0,114;0,316;109,004;227423;4;27,11328;9;1;2
Something To Do With My Hands;Thomas Rhett;spotify:track:6iWg88k0UH7BjBP2yWXM0i;0,561;0,932;1;-4,443;1;0,0433;0,00841;4,97E-05;0,0992;0,495;126,116;199347;4;20,77975;7;1;2
South;Galimatias;spotify:track:7L5P30Eg8eta8Q9em2VteI;0,694;0,333;0;-11,108;0;0,0651;0,646;0,0253;0,108;0,433;76,013;215526;4;91,21798;6;0;2
Southern Comfort Zone;Brad Paisley;spotify:track:2lfmRyTLtsTCkLwMQcFSQk;0,431;0,876;4;-6,109;1;0,0658;0,0771;1,81E-05;0,0998;0,519;160;316987;4;27,31914;16;1;2
Southern Voice;Tim McGraw;spotify:track:1R9tieT3ZujuJ77a9U5wR3;0,63;0,877;9;-4,106;1;0,0321;0,0446;0;0,113;0,758;112,051;242427;4;59,40747;9;1;2
Spaceboss;Liquid Stranger;spotify:track:4HiuT2pdJzwdSKf72aSdhs;0,725;0,722;9;-4,824;1;0,0712;0,00416;0,19;0,181;0,345;74,999;230205;4;52,01354;11;0;2
Speak Now;Taylor Swift;spotify:track:1nYWTzy5zu3zEPNgB1sItW;0,709;0,599;7;-3,734;1;0,0304;0,095;0;0,0973;0,735;118,975;240760;4;24,92151;10;1;2
Splashin;Rich The Kid;spotify:track:3KLo7ByvjCNyBrfz5DZ2mO;0,942;0,382;10;-8,099;1;0,564;0,00192;0;0,092;0,379;100,017;177864;4;34,99647;10;1;2
Squidwards Nose (feat. Kg Prince);Joey Trap;spotify:track:2hLhiONy3FcndFJc2CiC2e;0,634;0,88;1;-1,714;1;0,293;0,169;0;0,474;0,548;150,959;119249;4;37,52226;5;0;2
Staring At The Sun;Post Malone Featuring SZA;spotify:track:5KE9b4x7Zj2A8XtbkqhqTe;0,724;0,772;6;-4,389;0;0,184;0,248;0;0,308;0,347;95,074;168280;4;38,72771;8;1;2
Stars Before The Sun;Capstan;spotify:track:3tTtwKs8ZlE9fbSdMla9EM;0,202;0,946;5;-2,677;1;0,188;0,000236;0,000151;0,0808;0,344;179,739;207107;3;49,13047;9;0;2
Starsoul;Lazy Hammock;spotify:track:2VxzP1Ku5EqDnO33E7p4Bh;0,708;0,549;9;-11,487;0;0,0697;0,000966;0,241;0,267;0,322;89,996;465973;4;43,38633;21;0;2
Stay;Zedd;spotify:track:2fqHpnhBxkjHxHdpGphPze;0,691;0,562;5;-6,837;0;0,0682;0,251;0;0,113;0,55;101,999;211640;4;28,88442;11;0;2
Stay;Zedd & Alessia Cara;spotify:track:6uBhi9gBXWjanegOb2Phh0;0,69;0,622;5;-5,025;0;0,0622;0,253;0;0,116;0,544;102,04;210091;4;28,83943;11;1;2
Stay With Me;Sam Smith;spotify:track:5Nm9ERjJZ5oyfXZTECKmRt;0,418;0,42;0;-6,444;1;0,0414;0,588;6,39E-05;0,11;0,184;84,094;172724;4;34,02831;9;1;2
Stereo Love;Edward Maya & Vika Jigulina;spotify:track:5RfBhOGNbbXT5LiIvbHLhN;0,773;0,736;9;-5,589;1;0,0383;0,0335;0,0184;0,104;0,212;127,056;184000;4;31,45369;7;1;2
Stiff Jazz;Dzihan & Kamien;spotify:track:6jRp7oEgxBW7xRMKruYfcD;0,754;0,852;7;-8,123;1;0,0598;0,0995;0,849;0,0661;0,604;101,673;350788;4;58,66837;13;0;2
Still Here;Drake;spotify:track:4YJmZfvlheSziXem8HBWrj;0,833;0,431;0;-9,604;1;0,194;0,0267;0;0,633;0,224;133,938;189853;3;28,67144;9;1;2
Stomach It;Crywolf;spotify:track:0MsGeX5id3jBCMzGs8tqu1;0,599;0,313;11;-10,531;1;0,0386;0,375;6,80E-05;0,417;0,0692;121,986;346661;4;19,75054;13;0;2
Stoner Punk;Warcollapse;spotify:track:05wiR6qBsJcUBXfbasZint;0,242;0,994;7;-3,68;1;0,113;0,0236;0,722;0,453;0,0401;127,496;138960;4;39,15317;6;0;2
Storm Warning;Hunter Hayes;spotify:track:71DDK14XVxkXLmG3AVi1BP;0,483;0,843;2;-5,62;1;0,0835;0,0331;0;0,134;0,772;185,998;239907;4;42,82864;11;1;2
Strange World - Radio Edit;Push;spotify:track:7uIU44vMKlPVIh4Xm6Cgzh;0,632;0,644;7;-13,097;1;0,0362;0,135;0,848;0,113;0,566;139,207;238018;4;28,57016;9;0;2
Strength of a Thousand Men;Thomas Bergersen;spotify:track:3GJZLvGXaVszYdSBLMtJFX;0,478;0,906;0;-6,781;0;0,0419;0,0962;0,919;0,115;0,59;140,021;136892;4;47,9351;6;0;2
Stronger (What Doesn't Kill You);Kelly Clarkson;spotify:track:6D60klaHqbCl9ySc8VcRss;0,562;0,939;0;-4,282;1;0,0475;0,046;0;0,112;0,684;116,044;221947;4;26,06713;8;1;2
Stubborn Love;The Lumineers;spotify:track:3ekNuTF3UpOvIZCfiejpnC;0,598;0,56;0;-11,679;1;0,0375;0,607;0,0432;0,196;0,221;115,01;279000;4;24,59456;12;1;2
Subeme La Radio;Enrique Iglesias Featuring Descemer Bueno, Zion & Lennox Or Sean Paul;spotify:track:7nKBxz47S9SD79N086fuhn;0,684;0,823;9;-3,297;0;0,0773;0,0744;0;0,111;0,647;91,048;208163;4;33,16502;7;1;2
Sucker;Jonas Brothers;spotify:track:22vgEDb5hykfaTwLuskFGD;0,842;0,734;1;-5,065;0;0,0588;0,0427;0;0,106;0,952;137,958;181027;4;29,18409;11;1;2
Sudovian Dance;Marcin Wasilewski Trio;spotify:track:4SzG6BXVFQ5evuUxwzSjQv;0,448;0,157;5;-17,145;0;0,0343;0,882;0,672;0,11;0,223;120,491;388373;3;14,61123;18;0;2
Sugar;Robin Schulz Featuring Francesco Yates;spotify:track:5tf1VVWniHgryyumXyJM7w;0,636;0,815;5;-5,098;0;0,0581;0,0185;0;0,163;0,636;123,063;219043;4;31,44339;10;1;2
Summer Sixteen;Drake;spotify:track:17Q87zeXgsAi9iQQbMu9v0;0,594;0,46;1;-7,607;1;0,382;0,00354;2,71E-05;0,147;0,0541;146,274;202451;4;54,72466;8;1;2
Sunflower (Spider-Man: Into The Spider-Verse);Post Malone & Swae Lee;spotify:track:3KkXRkHbMCARz0aVfEt68P;0,76;0,479;2;-5,574;1;0,0466;0,556;0;0,0703;0,913;89,911;158040;4;27,82757;8;1;2
Sunny Ambient;Tomasz Bednarczyk;spotify:track:23Pc6pK9bKqGycs17AdPaT;0,0853;0,378;11;-17,318;1;0,0454;0,787;0,918;0,103;0,0638;75,084;330000;4;13,15085;20;0;2
Super Bass;Nicki Minaj;spotify:track:0iYebKFUSfF72fUu2OW6ZT;0,72;0,861;11;-4,339;1;0,209;0,269;5,11E-06;0,601;0,669;126,991;200013;4;46,98894;12;1;2
Surfboard;Esquivel!;spotify:track:61APOtq25SCMuK0V5w2Kgp;0,447;0,247;5;-14,661;0;0,0346;0,871;0,814;0,0946;0,25;155,489;176880;3;33,18083;9;0;2
Survival;Eminem;spotify:track:3stOygN0I7CIvkEB2LJGbv;0,459;0,899;2;-2,978;1;0,21;0,0038;0;0,126;0,437;176,384;272417;4;30,26082;10;1;2
Sweet in the Middle;DaVido;spotify:track:2ylO41DTQwQv1QH1mSP3cH;0,71;0,603;8;-7,234;0;0,11;0,33;0;0,358;0,434;109,812;248727;4;24,38208;11;0;2
Sweetener;Ariana Grande;spotify:track:1Bvxlmt3CtZTyls2IJQ38T;0,655;0,7;4;-4,242;1;0,0789;0,158;1,25E-06;0,877;0,529;119,835;174000;4;51,29028;9;1;2
Swish Swish;Katy Perry Featuring Nicki Minaj;spotify:track:3OtMnyUaiipcAT23A8liyi;0,839;0,705;5;-5,194;0;0,0445;0,0184;1,77E-05;0,102;0,575;119,954;242520;4;25,02456;11;1;2
Sympathy for the Devil;The KVB;spotify:track:5Yk7mjm17WEeqwZiOeKSEU;0,136;0,732;9;-6,291;1;0,0415;0,0334;0,962;0,173;0,443;100,026;288703;4;53,87711;10;0;2
Tainted Metal;Hammerfall;spotify:track:1HTq9HfJ8r9PJ67sjSadfX;0,197;0,963;6;-4,973;0;0,071;6,10E-06;0,00074;0,0363;0,501;80,025;277800;4;23,36232;11;0;2
Take Me Home;Lopazz;spotify:track:6idVSJmvvPLVPF6HVKdVxY;0,768;0,275;11;-17,985;0;0,0538;0,000377;0,825;0,0457;0,335;124,994;364935;4;31,1988;14;0;2
Take Me Out - Cabaret Nocturne Remix;Black Light Smoke;spotify:track:6L3cWhTVSowObfHSeot1Ri;0,708;0,52;7;-11,574;1;0,0741;0,004;0,851;0,106;0,31;110,142;326500;4;36,05894;11;0;2
Takkaru Takkaru;Hiphop Tamizha;spotify:track:6gGsZzBr9jmfhcr9FhfX47;0,756;0,918;6;-3,45;1;0,0589;0,224;4,74E-06;0,845;0,735;100,005;206041;4;43,29448;8;0;2
Talk That Talk;Rihanna Featuring Jay-Z;spotify:track:6qn9YLKt13AGvpq9jfO8py;0,734;0,766;1;-4,485;1;0,0383;0,025;0,00138;0,108;0,6;127,986;215227;4;23,15281;12;1;2
Tao Energy;Dr. Sounds;spotify:track:1Y4cxtce6Z1s9ztGRL8VYf;0,18;0,0221;9;-28,586;0;0,0658;0,971;0,926;0,0847;0,0394;134,827;456578;1;18,1969;23;0;2
Tap;NAV Featuring Meek Mill;spotify:track:5rU6kDNXZLXIinFezpbWbO;0,901;0,676;2;-7,033;1;0,251;0,0646;0;0,0863;0,452;85,018;148278;4;31,08934;4;1;2
TATI;6ix9ine Featuring DJ SPINKING;spotify:track:6SOBCABlykuNrO04rmXpLs;0,779;0,767;11;-5,462;0;0,258;0,00214;0;0,102;0,523;91,981;154565;4;24,16304;8;1;2
Tattoo;Van Halen;spotify:track:66H4tD2U1SNgIRSD19m5jv;0,497;0,886;2;-3,314;1;0,0435;0,00929;9,77E-05;0,198;0,508;100,118;283040;4;24,70769;16;1;2
Telegram;Alexandre Desplat;spotify:track:46Ag1jvrDkJBeNalEKRIrV;0,3;0,31;5;-15,589;1;0,0418;0,924;0,891;0,0835;0,103;207,111;109827;3;66,61045;4;0;2
Tell Me Something Good;Glee Cast;spotify:track:5dOlofEykU1fUeakZmi237;0,693;0,759;9;-4,544;1;0,0566;0,364;0;0,207;0,881;81,031;194867;4;31,13217;4;1;2
Tell Me You Love Me;Demi Lovato;spotify:track:1MKZaAEx8RrzoQjHhVuvgs;0,538;0,6;6;-5,463;1;0,0489;0,0273;0;0,147;0,26;81,888;236987;4;36,55191;8;1;2
Temporary Home;Carrie Underwood;spotify:track:0d0tJF80562KcMndcBcSfM;0,416;0,354;0;-6,357;1;0,0263;0,731;1,00E-06;0,0925;0,181;80,767;268560;4;35,25709;13;1;2
Tenjin Funk;Bugseed;spotify:track:64jQeygYpEjyZVkG9JXJ1W;0,497;0,542;10;-10,899;0;0,166;0,698;0,911;0,111;0,593;84,47;207285;4;84,13143;7;0;2
Texas;Cass McCombs;spotify:track:6HwNlm3URVCSpagUCEYt16;0,446;0,335;10;-12,842;1;0,0752;0,898;0,0163;0,162;0,203;118,705;382987;4;14,61347;16;0;2
That Way;Wale Featuring Jeremih & Rick Ross;spotify:track:7FAXe9lI8vzAJYgYv2xoSC;0,683;0,691;6;-6,435;0;0,23;0,0379;0;0,0578;0,295;73,469;269267;4;72,27752;11;1;2
That's How Country Boys Roll;Billy Currington;spotify:track:7KnMHRj5xqsOGLv8lGCPa6;0,677;0,919;2;-3,009;1;0,0344;0,054;1,48E-06;0,113;0,902;120,961;224267;4;22,10361;11;1;2
That's My Girl;Fifth Harmony;spotify:track:2ACOWPLUe4A4KuQ5ioD2od;0,596;0,851;5;-4,245;0;0,121;0,0358;3,19E-05;0,365;0,612;202,049;204013;4;51,73814;11;1;2
The Boys of Fall;Kenny Chesney;spotify:track:2Y48Q7HryWdPJZypJotjlJ;0,503;0,648;7;-6,243;1;0,027;0,227;0,00124;0,378;0,39;147,942;391853;4;30,75896;16;1;2
The Brazilian Hipster - Digitally Remastered;Fort Knox Five;spotify:track:3sIVBXZR9GSIuFtq5axSmG;0,889;0,692;7;-6,653;1;0,145;0,229;0,104;0,108;0,673;104,982;240642;4;28,02626;13;0;2
The Breath You Take;George Strait;spotify:track:0zKsfGlBHj6mzZRhmACl8M;0,492;0,383;11;-7,735;0;0,0277;0,752;0,000413;0,119;0,248;132,1;215880;3;29,33265;9;1;2
The Buzz (feat. Big K.R.I.T.. Mataya & Young Tapz) - Bonus Track;Hermitude;spotify:track:6aCxdt2bMItKgGKoznDppY;0,576;0,602;0;-6,591;0;0,315;0,248;0,000609;0,144;0,56;141,345;235187;4;28,58702;9;0;2
The Christmas Song;The Raveonettes;spotify:track:7EEH0cAtDCAe5xgAyQ8tuT;0,611;0,843;11;-4,624;1;0,0294;0,0267;8,33E-05;0,127;0,585;106,348;132600;4;25,48346;9;0;2
The Dance;Lauren Duski;spotify:track:1HQtmjBwA4257dxNTvG5Rt;0,465;0,446;2;-5,515;1;0,0278;0,208;0;0,138;0,193;132,022;210732;4;31,75027;10;1;2
The Dragonborn Comes;Malukah;spotify:track:088R698G2RAP4fHFBc6zVV;0,321;0,147;1;-15,459;0;0,0365;0,925;0,00204;0,107;0,223;173,809;121000;3;69,5378;5;0;2
The Falsifier;Noctiferia;spotify:track:6K36pASMW8iscr2eHbOTML;0,509;0,985;1;-4,958;1;0,107;2,67E-05;0,101;0,088;0,144;140,016;206978;4;29,19361;8;0;2
The Fix;Nelly Featuring Jeremih;spotify:track:33QRsLBBdWDYgCZfWEZqR6;0,812;0,479;8;-6,47;1;0,0429;0,0485;0;0,102;0,0873;95,505;173045;4;39,0011;9;1;2
The Geocide;Cattle Decapitation;spotify:track:2ChIRDmcpyP9F7kit0O73V;0,248;0,98;8;-3,718;1;0,153;6,21E-06;0,388;0,0763;0,109;146,028;222966;4;30,90466;10;0;2
The Girl I Haven't Met;Kudasaibeats;spotify:track:00iwQgjIgoGO94BRBDyClo;0,785;0,222;8;-21,624;1;0,0418;0,86;0,84;0,106;0,327;139,885;195000;4;54,8746;6;0;2
The Healing Process;Koh Lantana;spotify:track:23puVz6Rhiq8Wax9KxnZtW;0,241;0,0553;3;-23,605;1;0,0336;0,926;0,93;0,108;0,0643;135,859;161442;1;22,19678;11;0;2
The Heart Of Dixie;Danielle Bradbery;spotify:track:5FgLLtrDU4Ex2ezB9anpH5;0,456;0,637;6;-4,773;1;0,0354;0,0171;0;0,194;0,436;155,95;209453;4;24,18304;11;1;2
The Heavy Metal Dub;Scientist;spotify:track:5vkqa0hcf4PXzqC9HK23Jp;0,637;0,869;7;-4,56;1;0,0373;0,0018;0,588;0,311;0,755;138,842;220070;4;31,34199;12;0;2
The House That Built Me;Miranda Lambert;spotify:track:02eD9ymfJOJOhM97HYp5R9;0,515;0,3;5;-8,005;1;0,0289;0,575;8,46E-06;0,115;0,206;81,12;236627;4;28,38638;13;1;2
The Impression That I Get;The Mighty Mighty Bosstones;spotify:track:5EmHmKuAImMIkCwhqyZQuA;0,476;0,916;4;-7,502;1;0,0907;0,1;0,0121;0,134;0,693;90,129;195560;4;33,48264;12;0;2
The Last Gasp of Street Rock n' Roll;Ramallah;spotify:track:5rK0LBBDPusLJHhS7Br4wP;0,36;0,907;2;-4,111;1;0,0949;0,000587;0;0,183;0,277;139,949;310988;4;133,65366;8;0;2
The Lazy Song;Bruno Mars;spotify:track:1ExfPZEiahqhLyajhybFeS;0,738;0,804;11;-3,851;1;0,0621;0,332;0;0,279;0,949;174,943;190213;4;41,12767;11;1;2
The Metal Lady Boy;Tankard;spotify:track:3sHhYuUlTBCiRNbJZwBeZy;0,499;0,98;8;-3,52;0;0,0547;0,0115;0;0,289;0,365;90,053;299853;4;57,45098;13;0;2
The Metal Man;James Ruskin;spotify:track:6GyLkcW0tXISsxpzoZIAYh;0,782;0,445;7;-12,574;1;0,0754;0,146;0,934;0,114;0,113;126,015;344880;4;77,26727;14;0;2
The Moment I Knew;Taylor Swift;spotify:track:5AsmAjBSSQjRPWgAYIp8tm;0,62;0,506;7;-7,327;1;0,0312;0,187;1,47E-05;0,102;0,275;126,015;285560;4;39,20083;12;1;2
The Obelus;Novembers Doom;spotify:track:5xMdNZDNEERWjfWGTXOjpk;0,494;0,934;8;-13,348;1;0,0561;1,15E-05;0,0606;0,212;0,182;130,026;346004;4;44,92382;14;0;2
The Only Way I Know;Jason Aldean With Luke Bryan & Eric Church;spotify:track:0h3DPHckCUqcWswjVMvdE9;0,511;0,798;7;-4,314;1;0,0498;0,227;6,51E-06;0,184;0,607;183,303;193187;4;43,07083;8;1;2
The Outsiders;Eric Church;spotify:track:1VN6TvmHTIWvLzBAOmre6P;0,409;0,8;7;-5,216;1;0,0746;0,272;5,29E-05;0,092;0,321;159,943;252893;4;18,50165;11;1;2
The Presence;Bloodgood;spotify:track:0lxjc6W1fpwf5d0dwRgPAL;0,441;0,855;1;-5,09;0;0,0339;0,00695;0;0,0462;0,734;152,241;204893;4;25,05692;9;0;2
The Rent Is Too Damn High;Armand Hammer;spotify:track:0uzDQTly3rKO2WEjs2qJYI;0,556;0,812;11;-8,635;0;0,599;0,00588;0;0,0659;0,512;143,936;219520;4;54,2987;9;0;2
The Sacristan;Arve Henriksen;spotify:track:2qpYQYAcYlQSxJjAs11fty;0,309;0,0126;6;-20,379;0;0,0451;0,988;0,864;0,106;0,0784;119,8;191706;5;19,99275;12;0;2
The Second Star to the Right - Instrumental;Fred Mollin;spotify:track:11ivd2hEFCMAQa5a8077Xo;0,698;0,321;3;-13,28;1;0,0609;0,984;0,817;0,155;0,688;114,958;89133;4;52,9508;4;0;2
The Shadow of Your Smile;Scott Hamilton;spotify:track:5Bl1TC8Y1qh3ui6fGSWL5a;0,487;0,135;2;-11,211;0;0,0434;0,915;0,00353;0,686;0,24;105,854;388347;5;24,75163;18;0;2
The Sound Of Silence;Disturbed;spotify:track:1Cj2vqUwlJVG27gJrun92y;0,322;0,28;6;-9,367;0;0,0281;0,468;1,10E-06;0,102;0,175;85,794;248467;4;22,17371;13;1;2
The Spider's Lullabye;King Diamond;spotify:track:0HhKjv7pzDnoOGWDt1LN3L;0,508;0,665;2;-7,097;1;0,0329;0,0246;0,00157;0,095;0,0602;117,771;220733;4;41,11731;8;0;2
The Start of It (EP Version);Meese;spotify:track:31hhWdlF5RChxuVyGVKRt1;0,537;0,839;5;-4,19;1;0,0442;0,00762;0;0,0852;0,614;150,013;220000;4;47,31104;12;0;2
The Story of Hip Hop;The Books;spotify:track:7HdApXuBEaGWgOVi8XHlnX;0,793;0,594;7;-8,508;1;0,122;0,286;0,00375;0,188;0,453;95,864;270173;4;29,92433;11;0;2
The Tenth Part Of A Featured World;Eli Keszler;spotify:track:31RSzu8ioWsB65zqcGsGje;0,413;0,272;0;-20,033;0;0,0577;0,769;0,685;0,15;0,0378;104,317;290000;4;40,86704;10;0;2
The Truth;Jason Aldean;spotify:track:25rV6ArwFMht49oONoqSLQ;0,496;0,577;9;-5,305;1;0,0257;0,234;2,40E-06;0,109;0,381;143,014;238413;4;42,26902;12;1;2
The Way;Ariana Grande Featuring Mac Miller;spotify:track:06EL94D0TA27Ik0Ke5usbj;0,645;0,877;5;-3,208;0;0,113;0,294;0;0,0759;0,861;82,324;227027;4;16,91628;12;1;2
The Way (Your Soul Must Go);Living Death;spotify:track:6943Cu7qSzgeI6zaR2ZfYT;0,248;0,911;4;-10,493;0;0,0748;4,65E-06;0,859;0,135;0,16;170,169;276453;4;29,50836;16;0;2
The Way Life Goes;Lil Uzi Vert Featuring Nicki Minaj;spotify:track:2eAZfqOm4EnOF9VvN50Tyc;0,703;0,757;1;-3,612;1;0,05;0,617;0;0,106;0,696;82,008;221747;4;31,87486;10;1;2
The Wolf I Feed;Napalm Death;spotify:track:6Y9hbtN9uwTH8YCfaEKoNz;0,328;0,995;6;-3,674;1;0,235;7,93E-06;0,236;0,214;0,0381;172,243;170890;4;29,55073;11;0;2
Theme from Q;Objekt;spotify:track:7Bzyr2VDVOAIU4o0KpSWnp;0,8;0,795;10;-7,928;0;0,0733;0,00388;0,713;0,105;0,599;123,01;440253;4;32,24525;15;0;2
There Goes My Baby;Usher;spotify:track:6IUiqtI8tE49sqGbmtrNd8;0,626;0,52;9;-8,077;0;0,0892;0,175;0;0,13;0,257;77,468;281293;4;45,90073;11;1;2
They Say It's Wonderful (feat. Johnny Hartman);John Coltrane;spotify:track:44ID8h4ZC7GsMjUieOqomQ;0,403;0,122;3;-17,423;1;0,0338;0,973;0,603;0,117;0,151;100,839;321400;4;126,51656;10;0;2
Things Are;Sun Glitters;spotify:track:5RmueyXbSHEX6aSanzu1vK;0,482;0,332;7;-12,997;0;0,0732;0,33;0,782;0,0956;0,225;83,094;203520;5;81,75908;6;0;2
Thinking Of You;George FitzGerald;spotify:track:2YhX2w40YJm26IKdC7Xlmp;0,727;0,832;0;-6,308;0;0,0662;0,0414;0,804;0,0314;0,747;122,99;319804;4;62,1128;11;0;2
This Beat;Agent K;spotify:track:0ET8diViBcXDcCz6bVw2mK;0,814;0,725;1;-9,505;1;0,19;0,00204;0,0961;0,183;0,304;129,971;214154;4;30,47626;6;0;2
This Beat;Agent K;spotify:track:1XZ67EIm9CdtyysfF6KmoP;0,507;0,833;9;-6,234;1;0,0603;0,007;0,157;0,0808;0,198;127,611;258462;4;29,55778;8;0;2
This Is America;Childish Gambino;spotify:track:0b9oOr2ZgvyQu88wzixux9;0,854;0,463;5;-6,159;1;0,137;0,117;0;0,354;0,549;120,024;225773;4;49,4936;8;1;2
This is Rock n Roll maybe;Camellia;spotify:track:1fBAyTdb63RbwH5enbET5Z;0,615;0,993;5;-1,821;0;0,094;0,000462;0,348;0,181;0,344;127,996;288730;4;31,40997;12;0;2
Thisishispit;Winterwolf;spotify:track:3gVeBxpLXQyuv4tEaHigIQ;0,121;0,932;6;-9,368;1;0,0766;1,69E-05;0,798;0,654;0,205;171,909;238903;4;55,56422;8;0;2
Thrash On The Streets;Dangerous;spotify:track:0ELbhCvUtuhiRek6xF3WwM;0,164;0,974;9;-4,776;1;0,282;9,14E-06;0,0178;0,191;0,257;174,832;384160;4;38,06139;18;0;2
Three Days In Darkness - Live @ Paramount Theatre. Huntington. New York;Testament;spotify:track:5vTW5e9NKQNA4D2MNikD8S;0,158;0,904;1;-8,847;1;0,0787;8,05E-05;0,00513;0,926;0,108;154,558;433893;3;96,90726;13;0;2
Three Ravens;Jake Xerxes Fussell;spotify:track:3bJrXNQwtHaQe2NtRDm1bj;0,523;0,212;9;-13,696;1;0,034;0,809;0,857;0,107;0,323;129,251;162868;4;29,15134;9;0;2
Through The Ashes;Hord;spotify:track:4UISc2PDVYlye1MJJsFvfX;0,505;0,986;1;-3,56;0;0,14;6,79E-05;0,00203;0,259;0,0388;100,001;258493;4;25,06711;11;0;2
Throw It Up featuring Pastor Troy;Lil Jon & The East Side Boyz;spotify:track:0RGEQZt56cK8cxr2QdG4Ih;0,698;0,592;3;-3,197;1;0,0929;0,0453;0;0,331;0,107;145,977;372973;4;27,03724;16;0;2
Tiamat's Eyes of Death;Deathchain;spotify:track:2Dfe7wvwH0REisq2Ooc9XK;0,38;0,95;6;-6,176;1;0,0724;5,68E-06;0,323;0,315;0,0956;107,605;389053;4;36,40949;18;0;2
Til It Happens To You;Lady Gaga;spotify:track:0bCCGLHflR08UVA6oJJc8I;0,401;0,539;0;-4,719;1;0,035;0,565;0;0,0933;0,15;113,87;258093;4;38,33805;9;1;2
Till the End;October Light;spotify:track:25Hwse5snYZx5t2sac1t2h;0,803;0,689;11;-4,753;1;0,0317;0,0197;5,37E-06;0,106;0,962;128,023;211933;4;56,8002;11;0;2
Timber;Pitbull Featuring Ke$ha;spotify:track:3cHyrEgdyYRjgJKSOiOtcS;0,581;0,963;11;-4,087;1;0,0981;0,0295;0;0,139;0,788;129,992;204160;4;23,53589;10;1;2
Time (Ambient);The American Dollar;spotify:track:07v4QVDM4ADCwCdkqd7Vti;0,107;0,226;0;-14,697;0;0,0357;0,965;0,915;0,12;0,0368;71,851;312038;4;30,36169;13;0;2
Today;Brad Paisley;spotify:track:1IO13V09b01gLSbmZJZ9dM;0,347;0,632;2;-6,998;1;0,0381;0,539;0,00226;0,121;0,285;74,257;229338;3;30,00571;8;1;2
Too Good At Goodbyes;Sam Smith;spotify:track:3VlbOrM6nYPprVvzBZllE5;0,681;0,372;5;-8,237;1;0,0432;0,64;0;0,169;0,476;91,873;201000;4;39,88061;10;1;2
Topanga;Trippie Redd;spotify:track:5aXgz1oKK8Q9z9xvTmSnrO;0,755;0,615;4;-8,245;1;0,0454;0,00587;1,75E-06;0,109;0,039;105,955;215364;4;21,54834;12;1;2
Touch Me;Clinic;spotify:track:7ibdlh8S0E898zZNDmNefJ;0,636;0,565;1;-9,194;1;0,0311;0,00437;0,276;0,376;0,53;87,993;197538;4;21,52928;11;0;2
Train Food;XXXTENTACION;spotify:track:5lar0mCUejpILVkAz50s2J;0,492;0,712;9;-7,278;0;0,691;0,564;9,10E-05;0,357;0,23;137,453;164083;3;31,63572;10;1;2
Trap Queen;Fetty Wap;spotify:track:2d8JP84HNLKhmd6IYOoupQ;0,746;0,873;7;-3,803;1;0,128;0,0244;0;0,354;0,817;148,075;222093;4;55,94038;11;1;2
Trial by Fire - Live @ Paramount Theatre. Huntington. New York;Testament;spotify:track:5x9j22lLlJf2SePPs8qXbR;0,158;0,957;10;-8,401;0;0,113;9,36E-05;0,122;0,971;0,213;181,493;280733;4;25,22299;10;0;2
Tropicana Fruit Juice;Ycee;spotify:track:5EIVA0ZDr605FzZpnskzBc;0,82;0,38;0;-7,989;0;0,0502;0,416;2,53E-05;0,0952;0,647;95,004;245864;4;22,23884;4;0;2
Troubled Air;Sunn 0)));spotify:track:7hzrqJQMQiH0qR4Zd4NVoG;0,131;0,0326;7;-7,983;1;0,0441;0,0103;0,747;0,118;0,0324;100,597;705584;4;55,69113;37;0;2
Try Me;The Weeknd;spotify:track:4ppTAJUbNXELZcoUaL90wo;0,456;0,679;8;-5,778;0;0,064;0,596;0,000573;0,129;0,107;92,026;221107;4;32,13403;11;1;2
Tu Meri Ki Lagdi;Navv Inder;spotify:track:7yl1lvePCTJuxa1v31fRK2;0,532;0,617;1;-8,409;0;0,0508;0,105;0;0,175;0,246;90,086;183883;4;45,70233;8;0;2
Tuesday;I LOVE MAKONNEN Featuring Drake;spotify:track:2znzyzlAUc8Z1Ikq9aFOcx;0,77;0,664;0;-5,604;1;0,211;0,215;0,000118;0,105;0,472;140,163;321987;4;28,09925;14;1;2
Tum Hi Ho;Arijit Singh;spotify:track:56zZ48jdyY2oDXHVnwg5Di;0,528;0,449;5;-6,25;0;0,025;0,785;0;0,122;0,317;94,058;261974;4;28,37869;12;0;2
Turn Me On;David Guetta Featuring Nicki Minaj;spotify:track:6JOlNkT0QdHeZB0wPbI9IR;0,704;0,793;8;-2,266;1;0,0591;0,0488;0;0,575;0,412;127,96;199680;4;51,12713;10;1;2
Turn Out The Stars;Bill Evans;spotify:track:2T68Ud1hAm15dqOhUyGVns;0,309;0,0432;0;-24,131;1;0,0542;0,995;0,951;0,0752;0,102;74,74;457093;4;32,04847;22;0;2
Turn The Night Up;Enrique Iglesias;spotify:track:4e3RCQgj1P4Fa7d86y2qT2;0,78;0,74;0;-5,31;1;0,042;0,00554;1,33E-05;0,0979;0,214;128,002;197733;4;24,12826;9;1;2
Turncoat;Goldmund;spotify:track:6i0nz16kHbPINYReFwTh38;0,2;0,0649;4;-22,703;0;0,0328;0,958;0,833;0,036;0,0369;81,259;207449;4;57,765;9;0;2
Tus Jefes No Me Quieren;Grupo Ensamble;spotify:track:16OHjORdq0UoVilD02ZzXN;0,637;0,547;3;-8,43;0;0,097;0,174;1,68E-05;0,107;0,963;180,054;224256;4;27,26188;11;0;2
Twerk;City Girls Featuring Cardi B;spotify:track:0RRm4OS5ymfZryXBuj0G2m;0,788;0,842;4;-4,006;0;0,142;0,121;0,00112;0,166;0,481;190,077;166476;4;30,61426;13;1;2
U Can't Touch This;Glee Cast;spotify:track:1IoJTxNbXeOBcrLDMOB8qg;0,801;0,947;7;-4,515;1;0,0954;0,00866;8,87E-06;0,122;0,92;133,381;247160;4;30,48089;15;1;2
U Guessed It;OG Maco Featuring 2 Chainz;spotify:track:4UUFTQKwwId0n1P9t4ZQhx;0,843;0,286;1;-10,575;1;0,352;0,0125;1,69E-06;0,0681;0,265;120,06;146064;4;57,50278;6;1;2
Umbrella (Frappé);Nate Fifield;spotify:track:1SpnTMZc2lzZUARmX2kxwN;0,546;0,245;2;-16,162;1;0,0448;0,988;0,829;0,105;0,538;80,894;102820;4;27,52365;6;0;2
Un immense désespoir;Nocturnal Depression;spotify:track:6pTW8qOTWRkCDQBIWfCtuF;0,43;0,91;9;-4,65;0;0,0566;0,00147;0,658;0,0496;0,265;100,023;440033;4;46,54859;17;0;2
Unconditionally;Katy Perry;spotify:track:4fwbGKNExPtPHbor1TBSY4;0,397;0,725;7;-4,862;1;0,043;0,00266;0;0,208;0,358;128,861;228879;4;36,26399;8;1;2
Under The Sun;Dreamville Featuring J. Cole, Lute & DaBaby;spotify:track:6MF4tRr5lU8qok8IKaFOBE;0,691;0,64;0;-6,441;1;0,369;0,511;0;0,409;0,163;138,672;202040;4;34,86083;11;1;2
Unforgettable;Thomas Rhett;spotify:track:30MM5jWpUmOxtTNd9Ey5LZ;0,661;0,75;7;-5,497;1;0,0314;0,0303;0,000132;0,0849;0,828;130,077;157080;4;31,6234;10;1;2
Until the Day I Die;Story Of The Year;spotify:track:5AEJhgSz26vl7Ym3eKKZgY;0,597;0,931;11;-4,591;0;0,0984;0,127;0;0,0504;0,534;92,003;235200;4;26,76235;9;0;2
Untitled;Jupiter Grains;spotify:track:3tCBeat5YZBwLf61yoQJ9v;0,209;0,0219;5;-25,95;1;0,0344;0,954;0,938;0,104;0,0358;78,336;112312;1;0;2;0;2
Unusual;Trey Songz Featuring Drake;spotify:track:51q0vXgCI2CW9x4K8SdfXS;0,591;0,658;0;-5,881;0;0,195;0,182;0;0,615;0,623;81,933;212347;4;103,71464;4;1;2
Up Down;Morgan Wallen Featuring Florida Georgia Line;spotify:track:3EWMoDIm6lzuR0zQKtuCJX;0,589;0,882;6;-3,039;1;0,035;0,0813;0;0,146;0,793;129,915;197253;4;59,27024;6;1;2
Uptown Funk!;Mark Ronson Featuring Bruno Mars;spotify:track:32OlwWuMpZ6b0aN2RZOeMS;0,856;0,609;0;-7,223;1;0,0824;0,00801;8,15E-05;0,0344;0,928;114,988;269667;4;33,16138;9;1;2
Uptown Vibes;Meek Mill Featuring Fabolous & Anuel AA;spotify:track:2tnlNVAhuQGgoFJxALVeXx;0,655;0,835;1;-3,451;1;0,059;0,0459;0;0,409;0,165;91,035;190412;4;58,73743;7;1;2
Urvashi;Yo Yo Honey Singh;spotify:track:5w99VDAT9vFmcEiOGG2eYU;0,792;0,703;0;-4,343;1;0,0368;0,195;0;0,072;0,634;105,995;215483;4;29,37258;5;0;2
Va Va Voom;Nicki Minaj;spotify:track:2jATUzETZL49e6SywauZKE;0,647;0,834;8;-3,395;1;0,0317;0,0609;0,00851;0,202;0,704;126,878;183560;4;29,38193;7;1;2
Valley View Avenue;K-Drama;spotify:track:2dNiSDv7YpbYf9PXaGclZ5;0,657;0,927;9;-4,097;1;0,176;0,148;0;0,0606;0,492;80,036;276016;4;34,72947;14;0;2
Via Dolorosa;Scandinavian Metal Praise;spotify:track:475hsOmoB7RclzGuUjEumY;0,242;0,957;4;-2,19;0;0,123;0,00243;0;0,103;0,0814;106,991;251480;3;27,94478;11;0;2
Victorius;Archipel;spotify:track:0B7wAoTn9bhn2GbUXwxa5s;0,611;0,627;9;-8,923;1;0,0342;0,141;0,00569;0,208;0,208;95,998;292780;4;61,01776;10;0;2
Vincent;Laura Fygi;spotify:track:2lnbHAKvq36iBLexF3aU3l;0,47;0,191;10;-13,681;1;0,038;0,918;0;0,199;0,422;95,515;240876;4;36,70381;13;0;2
VIOLATION DOMAIN (Benediction cover);Ghusa;spotify:track:07vO12zBbZ7VsNwaiU2bZV;0,175;0,979;2;-4,67;1;0,0897;1,87E-05;0,705;0,219;0,0509;120,087;227480;3;59,08017;11;0;2
Visages VII Inner World;Michael Vincent Waller;spotify:track:3elM22wfMjnTkmLbKoAagW;0,298;0,0908;10;-22,842;0;0,0369;0,993;0,881;0,113;0,0557;131,653;273453;4;61,95695;14;0;2
W O R K I N  M E;Quavo;spotify:track:33tNYw9oMtSkGe27NpgS64;0,79;0,629;8;-4,055;1;0,142;0,182;7,06E-06;0,338;0,267;170,023;169620;4;40,34418;9;1;2
Waltz;Sergio Díaz De Rojas;spotify:track:1N8QlsZ8q16cmdGqlKVWpv;0,463;0,0904;1;-25,123;0;0,0459;0,995;0,944;0,0929;0,122;119,337;108002;3;40,10662;6;0;2
Want U Back;Cher Lloyd;spotify:track:6E11E0lT5Zy7yb6iT3y8DN;0,694;0,891;9;-2,94;1;0,0949;0,0562;0;0,561;0,563;97,939;214573;4;54,18436;5;1;2
Watch Out;2 Chainz;spotify:track:22DKsoYFV5npPXmnPpXL7i;0,899;0,504;8;-6,758;0;0,5;0,826;0;0,052;0,537;129,89;207813;4;33,85605;12;1;2
Watermelon Sugar;Harry Styles;spotify:track:1e9oZCCiX42nJl0AcqriVo;0,548;0,816;0;-4,209;1;0,0465;0,122;0;0,335;0,557;95,39;174000;4;37,38474;10;1;2
We All Float Down Here;Four Year Strong;spotify:track:44RrOIa9ziCFW9YC6ndAUL;0,522;0,996;10;-4,316;0;0,186;0,000116;1,05E-05;0,252;0,138;96,477;187561;4;116,92108;4;0;2
We Are One (Ole Ola) [The 2014 FIFA World Cup Official Song];Pitbull Featuring Jennifer Lopez & Claudia Leitte;spotify:track:1PCvKFPWnTXAe2oaReVUcr;0,592;0,935;6;-4,317;0;0,0581;0,00879;0,0154;0,132;0,567;125,013;222520;4;32,86288;13;1;2
We Are The World 25: For Haiti;Artists For Haiti;spotify:track:07rhyW77lp2bGv8EQoZy6k;0,348;0,717;4;-5,634;1;0,0882;0,311;0;0,0786;0,28;66,21;416778;4;67,14784;13;1;2
We Dem Boyz;Wiz Khalifa;spotify:track:1ULa3GfdMKs0MfRpm6xVlu;0,717;0,862;8;-4,736;1;0,054;0,00689;0;0,321;0,52;130,021;224933;4;45,05436;12;1;2
We Found Love;Forever The Sickest Kids;spotify:track:3aZJFa1kVJ3dUaMF10CceK;0,639;0,934;6;-3,248;1;0,0405;0,0096;9,55E-06;0,157;0,616;128,014;261773;4;32,93745;10;0;2
We Stayed Up All Night;Tourist;spotify:track:7eSWgAlmLPXbGxgH3RNoWh;0,519;0,843;11;-6,508;1;0,0431;0,214;0,000446;0,21;0,592;84,997;265759;4;28,27295;12;0;2
We Were;Keith Urban;spotify:track:6JOeNbZ3X6dtXusG3hkHn8;0,44;0,803;5;-6,162;1;0,0512;0,127;0;0,128;0,633;79,312;189104;4;39,10883;8;1;2
We'll Be A Dream;WE the Kings Featuring Demi Lovato;spotify:track:5L441bJlqd4wSogIp1WFj0;0,434;0,702;9;-4,681;1;0,0305;0,00346;0;0,232;0,15;159,94;233067;4;48,39777;12;1;2
We've Lost You - Live;Sepultura;spotify:track:6C8XTcbobqkt7lOf5tCc56;0,401;0,978;6;-6,26;1;0,114;0,000324;0,348;0,973;0,0426;126,991;261693;4;26,86729;7;0;2
What A Wonderful World & Somewhere Over The Rainbow [Instrumental Hawaiian Ukulele Medley];John Story;spotify:track:4wBu1yILekp1hZQKWXhQpN;0,564;0,318;0;-13,652;1;0,0616;0,899;0,96;0,0858;0,742;170,707;182000;4;37,20096;8;0;2
What Have You Done To Your Face?;Marcella and The Forget Me Nots;spotify:track:12Oy2jo80IlrfM5oRyfmpJ;0,453;0,376;2;-8,386;1;0,0282;0,361;3,11E-05;0,438;0,321;101,19;227813;3;30,10431;12;0;2
What Would Meek Do?;Pusha T Featuring Kanye West;spotify:track:5vnuJ8EopkP5dHukpOmT3L;0,678;0,636;1;-3,155;1;0,0782;0,0064;8,38E-06;0,177;0,0636;83,071;153267;4;27,49196;6;1;2
What's The Move;Young Thug Featuring Lil Uzi Vert;spotify:track:4AV8V8uTcOTwbuXjSPrAWE;0,961;0,438;7;-7,877;1;0,31;0,0431;0;0,139;0,412;124,018;251080;4;63,22651;11;1;2
When Doomdays Has Come;Procession;spotify:track:0ogteGLYh2l3HHEIMXbp3U;0,281;0,962;8;-5,752;1;0,0832;0,000228;5,99E-05;0,0648;0,485;121,272;218759;4;34,25348;11;0;2
When We;Tank;spotify:track:2HWelwHQS4EdRqIycZOc3O;0,635;0,324;6;-9,51;0;0,0769;0,165;4,18E-06;0,108;0,0741;117,863;309120;4;34,3478;13;1;2
Where Do Broken Hearts Go;One Direction;spotify:track:6HFywc5eQYRRYHYTatCb5Y;0,565;0,862;4;-3,715;1;0,0326;0,0014;0;0,105;0,647;122,994;229040;4;20,57041;11;1;2
Where I Come From;Montgomery Gentry;spotify:track:10ps1I1sIMRNZW11eceN7W;0,62;0,852;1;-4,203;1;0,0308;0,0108;4,94E-06;0,279;0,479;90,038;201840;4;43,68987;7;1;2
Whispers In The Dark;Mumford & Sons;spotify:track:0l58YQ6trzdxO3C9XFczZS;0,385;0,73;2;-7,82;1;0,0409;0,00382;0,00278;0,123;0,36;134,659;195867;4;44,23122;7;1;2
Who Do You Love;The Chainsmokers Featuring 5 Seconds Of Summer;spotify:track:2fVHrSxsQbJUuj9MW9zG1e;0,51;0,846;3;-4,595;1;0,0461;0,0101;0;0,208;0,475;139,927;226733;4;36,95644;8;1;2
Who's That Chick?;David Guetta Featuring Rihanna;spotify:track:3FrX3mx8qq7SZX2NYbzDoj;0,675;0,601;11;-4,733;0;0,116;0,00372;0;0,0458;0,931;127,938;201040;4;19,72093;8;1;2
Wicked Games;The Weeknd;spotify:track:6VwBbL8CzPiC4QV66ay7oR;0,658;0,591;9;-5,197;1;0,0309;0,00959;5,27E-06;0,325;0,326;114,078;323747;4;33,29438;12;1;2
Wild Things;Alessia Cara;spotify:track:2ZyuwVvV6Z3XJaXIFbspeE;0,741;0,626;1;-4,826;0;0,0886;0,02;0;0,0828;0,706;108,029;188493;4;41,18681;10;1;2
Wild World (Instrumental Version);Steve Petrunak;spotify:track:7sW084mlyHpyt4YYavTYvo;0,42;0,381;0;-9,341;1;0,0513;0,965;0,857;0,131;0,583;151,004;197230;4;36,34149;12;0;2
Windshield;Greensky Bluegrass;spotify:track:7GI1Weh21oGJYeSbrtOyR1;0,48;0,548;0;-9,119;1;0,0328;0,627;0,00502;0,205;0,322;90,109;224853;4;24,45777;9;0;2
Wir ihr sie;Pasty Clan;spotify:track:4CaYDwJlDQjxkuE05vk8F0;0,49;0,934;6;-4,562;1;0,0914;0,000244;7,63E-05;0,079;0,625;105,066;243720;4;28,38618;10;0;2
Wish;Wolfpack;spotify:track:0SwRkBYxG3qJMProQkUGhQ;0,385;0,992;1;-4,502;1;0,0789;0;0,944;0,278;0,256;123,991;177960;4;39,0017;9;0;2
Wit Me;T.I. Featuring Lil Wayne;spotify:track:1NTQbm1B08q3YW6AefylFo;0,754;0,6;5;-4,582;0;0,253;0,233;0;0,437;0,778;156,932;244533;4;51,29744;10;1;2
Without You;for KING & COUNTRY;spotify:track:5Z2TvUNflVYGsoFGkvAKzE;0,327;0,269;4;-12,912;1;0,0339;0,825;0,000234;0,108;0,0857;141,514;292693;4;34,798;11;0;2
Wolf Finder General;Winterwolf;spotify:track:7dr3oCj1o5duGCZN3lVWin;0,233;0,925;6;-9,545;1;0,094;5,42E-06;0,921;0,265;0,172;135,497;165449;4;57,54756;6;0;2
Word Crimes;"""""""Weird Al"""" Yankovic""";spotify:track:4JqQWAr47pGEoaMArpA7Z3;0,897;0,43;7;-12,759;1;0,0551;0,0118;0;0,0473;0,964;121,987;223120;4;34,4807;13;1;2
Words I Never Said;Lupe Fiasco Featuring Skylar Grey;spotify:track:5AcOdoDOQOKtPlAM1FqBO8;0,445;0,928;10;-3,532;0;0,304;0,0746;0;0,343;0,37;107,576;256960;3;94,54006;7;1;2
Work Hard. Play Hard;Wiz Khalifa;spotify:track:1ms5tNNdPouTtcD2oVF9Oz;0,787;0,666;11;-4,475;1;0,0485;0,0409;1,91E-05;0,296;0,485;140,008;219027;4;84,06304;6;1;2
World Music with Black Edges;Solefald;spotify:track:2V7v63lt9RzCqoheIzjB8V;0,465;0,964;1;-5,347;1;0,166;0,0257;0,000321;0,132;0,533;159,991;475099;4;37,23934;28;0;2
Worldless;I Will Never Be The Same;spotify:track:5PDTYfgeyl9EYEdztUx4Ob;0,358;0,818;1;-7,365;0;0,059;8,06E-05;0,000752;0,145;0,424;90,038;205320;4;32,36458;8;0;2
Worried Man Blues;The Carter Family;spotify:track:4udqeAFUTO8nCw2cjsTwVX;0,714;0,344;10;-13,333;1;0,032;0,746;0;0,119;0,769;106,685;166413;4;40,55773;10;0;2
Worth It;YK Osiris;spotify:track:4XiGKQqbmnMVxDzUj6j3f2;0,764;0,528;5;-4,082;0;0,0588;0,468;0;0,0811;0,422;123,936;189253;5;28,84529;10;1;2
Wrecking Ball;Miley Cyrus;spotify:track:2vwlzO0Qp8kfEtzTsCXfyE;0,53;0,422;5;-6,262;1;0,0342;0,407;0;0,107;0,349;119,964;221360;4;42,70943;9;1;2
Writing On The Wall;French Montana Featuring Post Malone, Cardi B & Rvssian;spotify:track:7x9nXsowok1JszkVztI5NI;0,773;0,836;9;-2,326;0;0,153;0,283;2,10E-05;0,0828;0,497;112,01;201271;4;34,39013;10;1;2
Writing's On The Wall;Sam Smith;spotify:track:1PWnAEQcbwQwK759otUbta;0,261;0,302;5;-8,19;0;0,0339;0,769;2,57E-06;0,0863;0,0883;81,418;278987;3;31,84201;14;1;2
X;21 Savage & Metro Boomin Featuring Future;spotify:track:6fwdbPMwP1zVStm8FybmkO;0,835;0,413;1;-9,81;1;0,396;0,373;0,00133;0,101;0,111;149,004;258880;4;55,69717;12;1;2
Yeba;Kiss Daniel;spotify:track:1toO4jnjuU6IQ0Y3o5PIzK;0,811;0,769;1;-5,267;1;0,0944;0,186;0,00123;0,096;0,719;110,049;198975;4;29,00729;9;0;2
You;Jacquees;spotify:track:01jIO8SJFnpSiNLH1JaBZ5;0,735;0,453;8;-8,264;0;0,0602;0,413;0;0,104;0,335;115,002;217387;4;41,355;11;1;2
You & I;One Direction;spotify:track:2afCBiru10AFckfOa49wIa;0,574;0,329;1;-6,829;1;0,0274;0,22;0;0,0986;0,356;130,993;237933;4;37,90808;11;1;2
You And Your Heart;Jack Johnson;spotify:track:3daDd8yhWLgeWyCeZp9eIj;0,781;0,571;2;-5,999;1;0,0315;0,365;0,00044;0,0787;0,863;107,07;192853;4;72,6005;5;1;2
You Belong With Me;Taylor Swift;spotify:track:3GCL1PydwsLodcpv0Ll1ch;0,687;0,783;6;-4,44;1;0,0386;0,162;1,35E-05;0,114;0,443;129,964;231133;4;37,64689;10;1;2
You Can't Sexy Dance to Punk Rock;The Riot Before;spotify:track:5OnRWKg8trtIel1ZFYY0Zj;0,52;0,786;7;-7,784;1;0,137;0,00253;0;0,398;0,354;154,697;219960;4;59,17249;8;0;2
You Can't Stop The Beat;Glee Cast;spotify:track:4xpY2faFPJA2YQE4P9S78U;0,471;0,951;8;-3,011;1;0,176;0,131;0;0,3;0,646;169,986;223013;4;51,31418;9;1;2
You Don't Own Me;Grace Featuring G-Eazy;spotify:track:6KI1ZpZWYAJLvmVhCJz65G;0,332;0,635;7;-5,653;1;0,0898;0,159;2,79E-06;0,0599;0,261;186,249;201493;3;29,76851;9;1;2
You Need To Calm Down;Taylor Swift;spotify:track:6RRNNciQGZEXnqk8SQ9yv5;0,771;0,671;2;-5,617;1;0,0553;0,00929;0;0,0637;0,714;85,026;171360;4;25,16103;9;1;2
You Should See Me In A Crown;Billie Eilish;spotify:track:3XF5xLJHOQQRbWya6hBp7d;0,678;0,533;4;-10,485;1;0,186;0,462;0,219;0,139;0,323;150,455;180953;4;27,06075;9;1;2
You Was Right;Lil Uzi Vert;spotify:track:2ANLarE8yHVsLWW21nj79M;0,843;0,359;0;-7,417;1;0,461;0,069;0;0,12;0,156;81,987;163944;4;24,56445;8;1;2
Young Dumb & Broke;Khalid;spotify:track:5Z3GHaZ6ec9bsiI5BenrbY;0,798;0,539;1;-6,351;1;0,0421;0,199;1,66E-05;0,165;0,394;136,949;202547;4;35,51629;11;1;2
Young Girl;Black Metal Raccoons;spotify:track:0462cDlKhjjeKkdZ9JqLoj;0,298;0,855;2;-6,638;1;0,0465;1,08E-06;0,904;0,105;0,322;149,83;214413;4;16,13843;11;0;2
Young Love;Ducktails;spotify:track:7roquBgqjDT0yJbnUM9XR4;0,543;0,811;4;-5,642;0;0,0275;0,00549;0,0324;0,237;0,434;134,985;218818;4;47,11428;9;0;2
Your Disposal;Cattle Decapitation;spotify:track:3FGzV0BJ4TqcKwBSOjH6xs;0,323;0,985;4;-4,413;1;0,205;2,42E-05;0,592;0,575;0,151;114,778;287307;4;52,85167;10;0;2
Yours;Russell Dickerson;spotify:track:6RSNKGdv3nDTHqgw4bdzyF;0,555;0,722;11;-6,005;1;0,034;0,119;0;0,0861;0,559;134,058;216960;4;47,84163;8;1;2
Zombie;Chief State;spotify:track:2ldgaCumYp2YqeVqCpKA4h;0,473;0,967;5;-4,86;0;0,0792;0,000111;0,00259;0,101;0,453;188,001;208423;4;56,98689;10;0;2
我がままなハイヒール - Non Stop Mix ver.;秋元薫;spotify:track:7rwK52xzfFuyCv8VD1p9tL;0,816;0,715;7;-7,068;1;0,0419;0,297;0,00605;0,124;0,823;105,62;166571;4;31,25894;9;0;2
胜者为王;窒息;spotify:track:3SvDPc19Cm6O3EfHBJFylH;0,516;0,958;9;-3,439;0;0,128;0,00672;0,0342;0,0679;0,484;104,717;232520;4;41,39266;12;0;2
